-- phpMyAdmin SQL Dump
-- version 4.5.4.1deb2ubuntu2
-- http://www.phpmyadmin.net
--
-- Host: localhost
-- Generation Time: Dec 28, 2017 at 10:18 AM
-- Server version: 5.7.20-0ubuntu0.16.04.1
-- PHP Version: 5.6.30-0+deb8u1

SET SQL_MODE = "NO_AUTO_VALUE_ON_ZERO";
SET time_zone = "+00:00";


/*!40101 SET @OLD_CHARACTER_SET_CLIENT=@@CHARACTER_SET_CLIENT */;
/*!40101 SET @OLD_CHARACTER_SET_RESULTS=@@CHARACTER_SET_RESULTS */;
/*!40101 SET @OLD_COLLATION_CONNECTION=@@COLLATION_CONNECTION */;
/*!40101 SET NAMES utf8mb4 */;

--
-- Database: `qsaude`
--

-- --------------------------------------------------------

--
-- Table structure for table `rl_blog_procedimento`
--

CREATE TABLE `rl_blog_procedimento` (
  `co_seq_blog_procedimento` int(11) NOT NULL,
  `co_blog` int(11) NOT NULL,
  `co_procedimento` int(11) NOT NULL,
  `nm_inclusao` varchar(80) NOT NULL,
  `dt_inclusao` datetime NOT NULL,
  `nm_alteracao` varchar(80) DEFAULT NULL,
  `dt_alteracao` datetime DEFAULT NULL,
  `st_registro` tinyint(4) NOT NULL
) ENGINE=InnoDB DEFAULT CHARSET=utf8 COMMENT='Tabela relacionamento de blog e procedimento';

--
-- Dumping data for table `rl_blog_procedimento`
--

INSERT INTO `rl_blog_procedimento` (`co_seq_blog_procedimento`, `co_blog`, `co_procedimento`, `nm_inclusao`, `dt_inclusao`, `nm_alteracao`, `dt_alteracao`, `st_registro`) VALUES
(1, 2, 1051, 'Ele mesmo', '2017-11-22 12:54:16', 'Alessandra Xavier', '2017-11-28 00:00:00', 2),
(2, 3, 1020, 'Ele mesmo', '2017-11-22 13:02:02', 'Alessandra Xavier', '2017-11-28 00:00:00', 2),
(3, 3, 1027, 'Ele mesmo', '2017-11-22 13:02:02', 'Alessandra Xavier', '2017-11-28 00:00:00', 2),
(4, 3, 1045, 'Ele mesmo', '2017-11-22 13:02:02', 'Alessandra Xavier', '2017-11-28 00:00:00', 2),
(5, 3, 1051, 'Ele mesmo', '2017-11-22 13:02:02', 'Alessandra Xavier', '2017-11-28 00:00:00', 2),
(6, 3, 1043, 'Ele mesmo', '2017-11-22 13:02:02', 'Alessandra Xavier', '2017-11-28 00:00:00', 2),
(7, 4, 1001, 'Ele mesmo', '2017-11-22 13:08:25', 'Alessandra Xavier', '2017-11-28 00:00:00', 2),
(8, 4, 1027, 'Ele mesmo', '2017-11-22 13:08:25', 'Alessandra Xavier', '2017-11-28 00:00:00', 2),
(9, 4, 1038, 'Ele mesmo', '2017-11-22 13:08:25', 'Alessandra Xavier', '2017-11-28 00:00:00', 2),
(10, 4, 1041, 'Ele mesmo', '2017-11-22 13:08:25', 'Alessandra Xavier', '2017-11-28 00:00:00', 2),
(11, 4, 1051, 'Ele mesmo', '2017-11-22 13:08:25', 'Alessandra Xavier', '2017-11-28 00:00:00', 2),
(12, 5, 1014, 'Ele mesmo', '2017-11-22 13:14:33', 'Alessandra Xavier', '2017-11-28 00:00:00', 2),
(13, 5, 1018, 'Ele mesmo', '2017-11-22 13:14:33', 'Alessandra Xavier', '2017-11-28 00:00:00', 2),
(14, 5, 1020, 'Ele mesmo', '2017-11-22 13:14:33', 'Alessandra Xavier', '2017-11-28 00:00:00', 2),
(15, 5, 1027, 'Ele mesmo', '2017-11-22 13:14:33', 'Alessandra Xavier', '2017-11-28 00:00:00', 2),
(16, 5, 1034, 'Ele mesmo', '2017-11-22 13:14:33', 'Alessandra Xavier', '2017-11-28 00:00:00', 2),
(17, 5, 1033, 'Ele mesmo', '2017-11-22 13:14:33', 'Alessandra Xavier', '2017-11-28 00:00:00', 2),
(18, 6, 1041, 'Ele mesmo', '2017-11-22 14:13:52', 'Alessandra Xavier', '2017-11-28 00:00:00', 2),
(19, 7, 1001, 'Ele mesmo', '2017-11-22 14:19:32', 'Alessandra Xavier', '2017-11-28 00:00:00', 2),
(20, 7, 1037, 'Ele mesmo', '2017-11-22 14:19:32', 'Alessandra Xavier', '2017-11-28 00:00:00', 2),
(21, 7, 1039, 'Ele mesmo', '2017-11-22 14:19:32', 'Alessandra Xavier', '2017-11-28 00:00:00', 2),
(22, 8, 1034, 'Ele mesmo', '2017-11-23 17:55:53', 'Alessandra Xavier', '2017-11-28 00:00:00', 2),
(23, 8, 1035, 'Ele mesmo', '2017-11-23 17:55:53', 'Alessandra Xavier', '2017-11-28 00:00:00', 2),
(24, 8, 1020, 'Ele mesmo', '2017-11-23 17:55:53', 'Alessandra Xavier', '2017-11-28 00:00:00', 2),
(25, 8, 1018, 'Ele mesmo', '2017-11-23 17:55:53', 'Alessandra Xavier', '2017-11-28 00:00:00', 2),
(26, 2, 1051, 'Ele mesmo', '2017-11-24 16:42:56', 'Alessandra Xavier', '2017-11-28 00:00:00', 2);

-- --------------------------------------------------------

--
-- Table structure for table `rl_cliente_telefone`
--

CREATE TABLE `rl_cliente_telefone` (
  `co_seq_cliente_telefone` int(11) NOT NULL,
  `co_cliente` int(11) NOT NULL,
  `co_telefone` int(11) NOT NULL,
  `nm_inclusao` varchar(80) NOT NULL,
  `dt_inclusao` datetime NOT NULL,
  `nm_alteracao` varchar(80) DEFAULT NULL,
  `dt_alteracao` datetime DEFAULT NULL,
  `st_registro` tinyint(4) NOT NULL
) ENGINE=InnoDB DEFAULT CHARSET=utf8 COMMENT='Tabela relacionamento de cliente e telefone';

--
-- Dumping data for table `rl_cliente_telefone`
--

INSERT INTO `rl_cliente_telefone` (`co_seq_cliente_telefone`, `co_cliente`, `co_telefone`, `nm_inclusao`, `dt_inclusao`, `nm_alteracao`, `dt_alteracao`, `st_registro`) VALUES
(6, 33, 7, 'Ele mesmo', '2017-10-24 11:55:10', NULL, NULL, 1),
(7, 33, 8, 'Ele mesmo', '2017-10-24 11:55:10', NULL, NULL, 1),
(8, 34, 5, 'Tony Anderson', '2017-10-24 00:00:00', NULL, NULL, 1),
(9, 34, 6, 'Tony Anderson', '2017-10-24 00:00:00', NULL, NULL, 1),
(10, 35, 9, 'Ele mesmo', '2017-12-08 10:47:58', NULL, NULL, 1),
(11, 35, 10, 'Ele mesmo', '2017-12-08 10:47:58', NULL, NULL, 1),
(12, 36, 5, 'Ele mesmo', '2017-12-13 18:38:11', NULL, NULL, 1),
(13, 36, 6, 'Ele mesmo', '2017-12-13 18:38:11', NULL, NULL, 1),
(37, 47, 13, 'Ele mesmo', '2017-12-14 18:32:32', NULL, NULL, 1),
(38, 47, 14, 'Ele mesmo', '2017-12-14 18:32:32', NULL, NULL, 1),
(42, 49, 15, 'Ele mesmo', '2017-12-15 11:52:22', NULL, NULL, 1),
(43, 49, 16, 'Ele mesmo', '2017-12-15 11:52:22', NULL, NULL, 1),
(44, 49, 16, 'Ele mesmo', '2017-12-15 11:52:22', NULL, NULL, 1),
(45, 50, 15, 'Ele mesmo', '2017-12-18 08:45:39', NULL, '2017-12-18 08:46:28', 2),
(46, 50, 17, 'Ele mesmo', '2017-12-18 08:45:39', NULL, '2017-12-18 08:46:28', 2),
(47, 50, 18, 'Ele mesmo', '2017-12-18 08:45:39', NULL, '2017-12-18 08:46:28', 2),
(48, 50, 15, 'Ele mesmo', '2017-12-18 08:46:28', NULL, '2017-12-18 08:47:25', 2),
(49, 50, 17, 'Ele mesmo', '2017-12-18 08:46:28', NULL, '2017-12-18 08:47:25', 2),
(50, 50, 19, 'Ele mesmo', '2017-12-18 08:46:28', NULL, '2017-12-18 08:47:25', 2),
(51, 50, 19, 'Ele mesmo', '2017-12-18 08:47:25', NULL, '2017-12-26 08:25:34', 2),
(52, 50, 17, 'Ele mesmo', '2017-12-18 08:47:25', NULL, '2017-12-26 08:25:34', 2),
(53, 50, 19, 'Ele mesmo', '2017-12-26 08:25:34', NULL, NULL, 1),
(54, 50, 17, 'Ele mesmo', '2017-12-26 08:25:34', NULL, NULL, 1),
(55, 51, 20, 'Ele mesmo', '2017-12-26 11:19:39', NULL, NULL, 1),
(56, 51, 21, 'Ele mesmo', '2017-12-26 11:19:39', NULL, NULL, 1),
(57, 51, 21, 'Ele mesmo', '2017-12-26 11:19:39', NULL, NULL, 1),
(58, 52, 20, 'Ele mesmo', '2017-12-26 11:32:12', NULL, '2017-12-26 12:18:28', 2),
(59, 52, 21, 'Ele mesmo', '2017-12-26 11:32:12', NULL, '2017-12-26 12:18:28', 2),
(60, 52, 21, 'Ele mesmo', '2017-12-26 11:32:12', NULL, '2017-12-26 12:18:28', 2),
(61, 53, 22, 'Ele mesmo', '2017-12-26 11:57:02', NULL, NULL, 1),
(62, 53, 23, 'Ele mesmo', '2017-12-26 11:57:02', NULL, NULL, 1),
(63, 54, 22, 'Ele mesmo', '2017-12-26 11:57:48', NULL, NULL, 1),
(64, 54, 23, 'Ele mesmo', '2017-12-26 11:57:48', NULL, NULL, 1),
(65, 52, 20, 'Ele mesmo', '2017-12-26 12:18:28', NULL, NULL, 1),
(66, 52, 21, 'Ele mesmo', '2017-12-26 12:18:28', NULL, NULL, 1),
(67, 55, 22, 'Ele mesmo', '2017-12-26 13:02:12', NULL, NULL, 1),
(68, 55, 23, 'Ele mesmo', '2017-12-26 13:02:12', NULL, NULL, 1),
(69, 56, 22, 'Ele mesmo', '2017-12-26 13:05:54', NULL, NULL, 1),
(70, 56, 23, 'Ele mesmo', '2017-12-26 13:05:54', NULL, NULL, 1),
(71, 57, 22, 'Ele mesmo', '2017-12-26 13:17:09', NULL, NULL, 1),
(72, 57, 23, 'Ele mesmo', '2017-12-26 13:17:09', NULL, NULL, 1),
(73, 58, 22, 'Ele mesmo', '2017-12-26 13:19:37', NULL, NULL, 1),
(74, 58, 23, 'Ele mesmo', '2017-12-26 13:19:37', NULL, NULL, 1),
(75, 59, 22, 'Ele mesmo', '2017-12-26 13:21:08', NULL, NULL, 1),
(76, 59, 23, 'Ele mesmo', '2017-12-26 13:21:08', NULL, NULL, 1),
(77, 60, 22, 'Ele mesmo', '2017-12-26 13:22:17', NULL, NULL, 1),
(78, 60, 23, 'Ele mesmo', '2017-12-26 13:22:17', NULL, NULL, 1),
(79, 61, 22, 'Ele mesmo', '2017-12-26 13:31:17', NULL, NULL, 1),
(80, 61, 23, 'Ele mesmo', '2017-12-26 13:31:17', NULL, NULL, 1),
(81, 62, 22, 'Ele mesmo', '2017-12-26 13:31:44', NULL, NULL, 1),
(82, 62, 23, 'Ele mesmo', '2017-12-26 13:31:44', NULL, NULL, 1),
(83, 63, 22, 'Ele mesmo', '2017-12-26 13:33:50', NULL, NULL, 1),
(84, 63, 23, 'Ele mesmo', '2017-12-26 13:33:50', NULL, NULL, 1),
(85, 64, 22, 'Ele mesmo', '2017-12-26 13:42:45', NULL, NULL, 1),
(86, 64, 23, 'Ele mesmo', '2017-12-26 13:42:45', NULL, NULL, 1),
(87, 65, 24, 'Ele mesmo', '2017-12-26 14:27:56', NULL, NULL, 1),
(88, 65, 25, 'Ele mesmo', '2017-12-26 14:27:56', NULL, NULL, 1),
(89, 65, 25, 'Ele mesmo', '2017-12-26 14:27:56', NULL, NULL, 1),
(90, 66, 16, 'Ele mesmo', '2017-12-27 15:33:55', NULL, NULL, 1),
(91, 66, 16, 'Ele mesmo', '2017-12-27 15:33:55', NULL, NULL, 1),
(92, 66, 16, 'Ele mesmo', '2017-12-27 15:33:55', NULL, NULL, 1),
(93, 67, 26, 'Ele mesmo', '2017-12-28 09:18:48', NULL, '2017-12-28 09:21:31', 2),
(94, 67, 27, 'Ele mesmo', '2017-12-28 09:18:48', NULL, '2017-12-28 09:21:31', 2),
(95, 67, 27, 'Ele mesmo', '2017-12-28 09:18:48', NULL, '2017-12-28 09:21:31', 2),
(96, 67, 26, 'Ele mesmo', '2017-12-28 09:21:31', NULL, NULL, 1),
(97, 67, 27, 'Ele mesmo', '2017-12-28 09:21:31', NULL, NULL, 1),
(98, 68, 15, 'Ele mesmo', '2017-12-28 10:17:25', NULL, NULL, 1),
(99, 68, 28, 'Ele mesmo', '2017-12-28 10:17:25', NULL, NULL, 1),
(100, 68, 29, 'Ele mesmo', '2017-12-28 10:17:25', NULL, NULL, 1),
(101, 69, 15, 'Ele mesmo', '2017-12-28 10:17:38', NULL, NULL, 1),
(102, 69, 28, 'Ele mesmo', '2017-12-28 10:17:38', NULL, NULL, 1),
(103, 69, 29, 'Ele mesmo', '2017-12-28 10:17:38', NULL, NULL, 1);

-- --------------------------------------------------------

--
-- Table structure for table `rl_consulta_corpo_clinico`
--

CREATE TABLE `rl_consulta_corpo_clinico` (
  `co_seq_consulta_corpo_clinico` int(11) NOT NULL,
  `co_consulta` int(11) NOT NULL,
  `co_corpo_clinico` int(11) NOT NULL,
  `nm_inclusao` varchar(80) NOT NULL,
  `dt_inclusao` datetime NOT NULL,
  `nm_alteracao` varchar(80) DEFAULT NULL,
  `dt_alteracao` datetime DEFAULT NULL,
  `st_registro` tinyint(4) NOT NULL
) ENGINE=InnoDB DEFAULT CHARSET=utf8 COMMENT='Tabela relacionamento de consulta e corpo clinico';

-- --------------------------------------------------------

--
-- Table structure for table `rl_contato_telefone`
--

CREATE TABLE `rl_contato_telefone` (
  `co_seq_contato_telefone` int(11) NOT NULL,
  `co_contato` int(11) NOT NULL,
  `co_telefone` int(11) NOT NULL,
  `nm_inclusao` varchar(80) NOT NULL,
  `dt_inclusao` datetime NOT NULL,
  `nm_alteracao` varchar(80) DEFAULT NULL,
  `dt_alteracao` datetime DEFAULT NULL,
  `st_registro` tinyint(4) NOT NULL
) ENGINE=InnoDB DEFAULT CHARSET=utf8 COMMENT='Tabela relacionamento de contato e telefone';

--
-- Dumping data for table `rl_contato_telefone`
--

INSERT INTO `rl_contato_telefone` (`co_seq_contato_telefone`, `co_contato`, `co_telefone`, `nm_inclusao`, `dt_inclusao`, `nm_alteracao`, `dt_alteracao`, `st_registro`) VALUES
(1, 1, 4, 'Ele mesmo', '2017-10-19 14:13:33', NULL, NULL, 1);

-- --------------------------------------------------------

--
-- Table structure for table `rl_contrato_gog_procedimento`
--

CREATE TABLE `rl_contrato_gog_procedimento` (
  `co_seq_contrato_gog_procedimento` int(11) NOT NULL,
  `co_contrato_gog` int(11) NOT NULL,
  `co_procedimento` int(11) NOT NULL,
  `nm_inclusao` varchar(80) NOT NULL,
  `dt_inclusao` datetime NOT NULL,
  `nm_alteracao` varchar(80) DEFAULT NULL,
  `dt_alteracao` datetime DEFAULT NULL,
  `st_registro` tinyint(4) NOT NULL
) ENGINE=InnoDB DEFAULT CHARSET=utf8 COMMENT='Tabela relacionamento de contrato gog e procedimento';

--
-- Dumping data for table `rl_contrato_gog_procedimento`
--

INSERT INTO `rl_contrato_gog_procedimento` (`co_seq_contrato_gog_procedimento`, `co_contrato_gog`, `co_procedimento`, `nm_inclusao`, `dt_inclusao`, `nm_alteracao`, `dt_alteracao`, `st_registro`) VALUES
(1, 7, 1000, 'Ele mesmo', '2017-11-01 10:36:27', NULL, NULL, 1),
(2, 7, 1001, 'Ele mesmo', '2017-11-01 10:36:27', NULL, NULL, 1),
(3, 8, 1000, 'Ele mesmo', '2017-11-01 10:52:29', NULL, NULL, 1),
(4, 8, 1001, 'Ele mesmo', '2017-11-01 10:52:29', NULL, NULL, 1),
(5, 9, 1000, 'Ele mesmo', '2017-11-01 10:56:51', NULL, NULL, 1),
(6, 9, 1001, 'Ele mesmo', '2017-11-01 10:56:51', NULL, NULL, 1),
(7, 10, 1000, 'Ele mesmo', '2017-11-01 11:15:09', NULL, NULL, 1),
(8, 10, 1001, 'Ele mesmo', '2017-11-01 11:15:09', NULL, NULL, 1),
(9, 11, 1000, 'Ele mesmo', '2017-11-01 11:17:41', NULL, NULL, 1),
(10, 11, 1001, 'Ele mesmo', '2017-11-01 11:17:41', NULL, NULL, 1),
(11, 12, 1000, 'Ele mesmo', '2017-11-01 11:23:18', NULL, NULL, 1),
(12, 12, 1001, 'Ele mesmo', '2017-11-01 11:23:18', NULL, NULL, 1),
(13, 13, 1000, 'Ele mesmo', '2017-11-01 11:29:50', NULL, NULL, 1),
(14, 13, 1001, 'Ele mesmo', '2017-11-01 11:29:50', NULL, NULL, 1),
(15, 14, 1000, 'Ele mesmo', '2017-11-01 11:31:56', NULL, NULL, 1),
(16, 14, 1001, 'Ele mesmo', '2017-11-01 11:31:56', NULL, NULL, 1);

-- --------------------------------------------------------

--
-- Table structure for table `rl_exame_corpo_clinico`
--

CREATE TABLE `rl_exame_corpo_clinico` (
  `co_seq_exame_corpo_clinico` int(11) NOT NULL,
  `co_exame` int(11) NOT NULL,
  `co_corpo_clinico` int(11) NOT NULL,
  `nm_inclusao` varchar(80) NOT NULL,
  `dt_inclusao` datetime NOT NULL,
  `nm_alteracao` varchar(80) DEFAULT NULL,
  `dt_alteracao` datetime DEFAULT NULL,
  `st_registro` tinyint(4) NOT NULL
) ENGINE=InnoDB DEFAULT CHARSET=utf8 COMMENT='Tabela relacionamento de exame e corpo clinico';

-- --------------------------------------------------------

--
-- Table structure for table `rl_prestador_procedimento`
--

CREATE TABLE `rl_prestador_procedimento` (
  `co_seq_prestador_procedimento` int(11) NOT NULL,
  `co_prestador` int(11) NOT NULL,
  `co_procedimento` int(11) NOT NULL,
  `nm_inclusao` varchar(80) NOT NULL,
  `dt_inclusao` datetime NOT NULL,
  `nm_alteracao` varchar(80) DEFAULT NULL,
  `dt_alteracao` datetime DEFAULT NULL,
  `st_registro` tinyint(4) NOT NULL
) ENGINE=InnoDB DEFAULT CHARSET=utf8 COMMENT='Tabela relacionamento de prestador e procedimento';

--
-- Dumping data for table `rl_prestador_procedimento`
--

INSERT INTO `rl_prestador_procedimento` (`co_seq_prestador_procedimento`, `co_prestador`, `co_procedimento`, `nm_inclusao`, `dt_inclusao`, `nm_alteracao`, `dt_alteracao`, `st_registro`) VALUES
(1, 1, 1001, 'Ele mesmo', '2017-11-06 16:58:34', NULL, '2017-11-06 16:58:34', 2),
(2, 1, 1001, 'Ele mesmo', '2017-11-06 16:58:34', NULL, NULL, 1),
(3, 3, 1004, 'Ele mesmo', '2017-11-06 17:18:39', NULL, '2017-11-27 18:25:13', 2),
(4, 3, 1006, 'Ele mesmo', '2017-11-06 17:18:39', NULL, '2017-11-27 18:25:36', 2),
(5, 3, 1008, 'Ele mesmo', '2017-11-06 17:18:39', NULL, '2017-11-27 18:25:50', 2),
(6, 3, 1009, 'Ele mesmo', '2017-11-06 17:18:39', NULL, '2017-11-27 18:26:05', 2),
(7, 3, 1014, 'Ele mesmo', '2017-11-06 17:18:39', NULL, '2017-12-01 15:18:00', 2),
(8, 3, 1015, 'Ele mesmo', '2017-11-06 17:18:39', NULL, '2017-11-27 18:26:39', 2),
(9, 3, 1016, 'Ele mesmo', '2017-11-06 17:18:39', NULL, '2017-11-27 18:26:56', 2),
(10, 3, 1017, 'Ele mesmo', '2017-11-06 17:18:39', NULL, '2017-11-27 18:27:07', 2),
(11, 3, 1010, 'Ele mesmo', '2017-11-06 17:18:39', NULL, '2017-12-01 15:16:17', 2),
(12, 3, 1011, 'Ele mesmo', '2017-11-06 17:18:39', NULL, '2017-12-04 08:33:52', 2),
(13, 3, 1012, 'Ele mesmo', '2017-11-06 17:18:39', NULL, '2017-12-01 15:16:41', 2),
(14, 3, 1018, 'Ele mesmo', '2017-11-06 17:18:39', NULL, '2017-12-01 15:21:33', 2),
(15, 3, 1026, 'Ele mesmo', '2017-11-06 17:18:39', NULL, '2017-12-01 15:15:45', 2),
(16, 5, 1004, 'Ele mesmo', '2017-11-06 17:19:33', NULL, '2017-11-27 18:25:13', 2),
(17, 5, 1006, 'Ele mesmo', '2017-11-06 17:19:33', NULL, '2017-11-27 18:25:36', 2),
(18, 5, 1008, 'Ele mesmo', '2017-11-06 17:19:33', NULL, '2017-11-27 18:25:50', 2),
(19, 5, 1009, 'Ele mesmo', '2017-11-06 17:19:33', NULL, '2017-11-27 18:26:05', 2),
(20, 5, 1010, 'Ele mesmo', '2017-11-06 17:19:33', NULL, '2017-12-01 15:16:17', 2),
(21, 5, 1011, 'Ele mesmo', '2017-11-06 17:19:33', NULL, '2017-12-04 08:33:52', 2),
(22, 5, 1012, 'Ele mesmo', '2017-11-06 17:19:33', NULL, '2017-12-01 15:16:41', 2),
(23, 5, 1026, 'Ele mesmo', '2017-11-06 17:19:33', NULL, '2017-12-01 15:15:45', 2),
(24, 4, 1000, 'Ele mesmo', '2017-11-06 17:20:34', NULL, '2017-12-01 15:07:28', 2),
(25, 4, 1001, 'Ele mesmo', '2017-11-06 17:20:34', NULL, NULL, 1),
(26, 4, 1002, 'Ele mesmo', '2017-11-06 17:20:34', NULL, '2017-11-27 18:24:36', 2),
(27, 4, 1003, 'Ele mesmo', '2017-11-06 17:20:34', NULL, '2017-11-27 18:24:49', 2),
(28, 4, 1004, 'Ele mesmo', '2017-11-06 17:20:34', NULL, '2017-11-27 18:25:13', 2),
(29, 4, 1006, 'Ele mesmo', '2017-11-06 17:20:34', NULL, '2017-11-27 18:25:36', 2),
(30, 4, 1008, 'Ele mesmo', '2017-11-06 17:20:34', NULL, '2017-11-27 18:25:50', 2),
(31, 4, 1009, 'Ele mesmo', '2017-11-06 17:20:34', NULL, '2017-11-27 18:26:05', 2),
(32, 4, 1013, 'Ele mesmo', '2017-11-06 17:20:34', NULL, '2017-11-27 18:26:19', 2),
(33, 4, 1014, 'Ele mesmo', '2017-11-06 17:20:34', NULL, '2017-12-01 15:18:00', 2),
(34, 4, 1015, 'Ele mesmo', '2017-11-06 17:20:34', NULL, '2017-11-27 18:26:39', 2),
(35, 4, 1018, 'Ele mesmo', '2017-11-06 17:20:34', NULL, '2017-12-01 15:21:33', 2),
(36, 4, 1019, 'Ele mesmo', '2017-11-06 17:20:34', NULL, '2017-12-01 15:22:02', 2),
(37, 4, 1020, 'Ele mesmo', '2017-11-06 17:20:34', NULL, '2017-11-27 18:27:33', 2),
(38, 4, 1022, 'Ele mesmo', '2017-11-06 17:20:34', NULL, '2017-12-01 15:24:51', 2),
(39, 4, 1025, 'Ele mesmo', '2017-11-06 17:20:34', NULL, '2017-11-27 18:27:57', 2),
(40, 4, 1026, 'Ele mesmo', '2017-11-06 17:20:34', NULL, '2017-12-01 15:15:45', 2),
(41, 6, 1000, 'Ele mesmo', '2017-11-06 17:21:46', NULL, '2017-11-06 17:22:58', 2),
(42, 6, 1001, 'Ele mesmo', '2017-11-06 17:21:46', NULL, '2017-11-06 17:22:58', 2),
(43, 6, 1002, 'Ele mesmo', '2017-11-06 17:21:46', NULL, '2017-11-06 17:22:58', 2),
(44, 6, 1003, 'Ele mesmo', '2017-11-06 17:21:46', NULL, '2017-11-06 17:22:58', 2),
(45, 6, 1004, 'Ele mesmo', '2017-11-06 17:21:46', NULL, '2017-11-06 17:22:58', 2),
(46, 6, 1005, 'Ele mesmo', '2017-11-06 17:21:46', NULL, '2017-11-06 17:22:58', 2),
(47, 6, 1006, 'Ele mesmo', '2017-11-06 17:21:46', NULL, '2017-11-06 17:22:58', 2),
(48, 6, 1007, 'Ele mesmo', '2017-11-06 17:21:46', NULL, '2017-11-06 17:22:58', 2),
(49, 6, 1008, 'Ele mesmo', '2017-11-06 17:21:46', NULL, '2017-11-06 17:22:58', 2),
(50, 6, 1009, 'Ele mesmo', '2017-11-06 17:21:46', NULL, '2017-11-06 17:22:58', 2),
(51, 6, 1010, 'Ele mesmo', '2017-11-06 17:21:46', NULL, '2017-11-06 17:22:58', 2),
(52, 6, 1011, 'Ele mesmo', '2017-11-06 17:21:46', NULL, '2017-11-06 17:22:58', 2),
(53, 6, 1012, 'Ele mesmo', '2017-11-06 17:21:46', NULL, '2017-11-06 17:22:58', 2),
(54, 6, 1013, 'Ele mesmo', '2017-11-06 17:21:46', NULL, '2017-11-06 17:22:58', 2),
(55, 6, 1014, 'Ele mesmo', '2017-11-06 17:21:46', NULL, '2017-11-06 17:22:58', 2),
(56, 6, 1015, 'Ele mesmo', '2017-11-06 17:21:46', NULL, '2017-11-06 17:22:58', 2),
(57, 6, 1016, 'Ele mesmo', '2017-11-06 17:21:46', NULL, '2017-11-06 17:22:58', 2),
(58, 6, 1017, 'Ele mesmo', '2017-11-06 17:21:46', NULL, '2017-11-06 17:22:58', 2),
(59, 6, 1018, 'Ele mesmo', '2017-11-06 17:21:46', NULL, '2017-11-06 17:22:58', 2),
(60, 6, 1020, 'Ele mesmo', '2017-11-06 17:21:46', NULL, '2017-11-06 17:22:58', 2),
(61, 6, 1021, 'Ele mesmo', '2017-11-06 17:21:46', NULL, '2017-11-06 17:22:58', 2),
(62, 6, 1022, 'Ele mesmo', '2017-11-06 17:21:46', NULL, '2017-11-06 17:22:58', 2),
(63, 6, 1023, 'Ele mesmo', '2017-11-06 17:21:46', NULL, '2017-11-06 17:22:58', 2),
(64, 6, 1024, 'Ele mesmo', '2017-11-06 17:21:46', NULL, '2017-11-06 17:22:58', 2),
(65, 6, 1025, 'Ele mesmo', '2017-11-06 17:21:46', NULL, '2017-11-06 17:22:58', 2),
(66, 6, 1026, 'Ele mesmo', '2017-11-06 17:21:46', NULL, '2017-11-06 17:22:58', 2),
(67, 9, 1001, 'Ele mesmo', '2017-11-06 17:22:45', NULL, NULL, 1),
(68, 9, 1002, 'Ele mesmo', '2017-11-06 17:22:45', NULL, '2017-11-27 18:24:36', 2),
(69, 9, 1003, 'Ele mesmo', '2017-11-06 17:22:45', NULL, '2017-11-27 18:24:49', 2),
(70, 9, 1004, 'Ele mesmo', '2017-11-06 17:22:45', NULL, '2017-11-27 18:25:13', 2),
(71, 9, 1005, 'Ele mesmo', '2017-11-06 17:22:45', NULL, '2017-11-27 18:25:25', 2),
(72, 9, 1006, 'Ele mesmo', '2017-11-06 17:22:45', NULL, '2017-11-27 18:25:36', 2),
(73, 9, 1008, 'Ele mesmo', '2017-11-06 17:22:45', NULL, '2017-11-27 18:25:50', 2),
(74, 9, 1009, 'Ele mesmo', '2017-11-06 17:22:45', NULL, '2017-11-27 18:26:05', 2),
(75, 9, 1011, 'Ele mesmo', '2017-11-06 17:22:45', NULL, '2017-12-04 08:33:52', 2),
(76, 9, 1014, 'Ele mesmo', '2017-11-06 17:22:45', NULL, '2017-12-01 15:18:00', 2),
(77, 9, 1015, 'Ele mesmo', '2017-11-06 17:22:45', NULL, '2017-11-27 18:26:39', 2),
(78, 9, 1018, 'Ele mesmo', '2017-11-06 17:22:45', NULL, '2017-12-01 15:21:33', 2),
(79, 9, 1022, 'Ele mesmo', '2017-11-06 17:22:45', NULL, '2017-12-01 15:24:51', 2),
(80, 9, 1025, 'Ele mesmo', '2017-11-06 17:22:45', NULL, '2017-11-27 18:27:57', 2),
(81, 6, 1001, 'Ele mesmo', '2017-11-06 17:22:58', NULL, NULL, 1),
(82, 6, 1002, 'Ele mesmo', '2017-11-06 17:22:58', NULL, '2017-11-27 18:24:36', 2),
(83, 6, 1003, 'Ele mesmo', '2017-11-06 17:22:58', NULL, '2017-11-27 18:24:49', 2),
(84, 6, 1004, 'Ele mesmo', '2017-11-06 17:22:58', NULL, '2017-11-27 18:25:13', 2),
(85, 6, 1005, 'Ele mesmo', '2017-11-06 17:22:58', NULL, '2017-11-27 18:25:25', 2),
(86, 6, 1006, 'Ele mesmo', '2017-11-06 17:22:58', NULL, '2017-11-27 18:25:36', 2),
(87, 6, 1007, 'Ele mesmo', '2017-11-06 17:22:58', NULL, '2017-12-01 15:13:40', 2),
(88, 6, 1008, 'Ele mesmo', '2017-11-06 17:22:58', NULL, '2017-11-27 18:25:50', 2),
(89, 6, 1009, 'Ele mesmo', '2017-11-06 17:22:58', NULL, '2017-11-27 18:26:05', 2),
(90, 6, 1010, 'Ele mesmo', '2017-11-06 17:22:58', NULL, '2017-12-01 15:16:17', 2),
(91, 6, 1011, 'Ele mesmo', '2017-11-06 17:22:58', NULL, '2017-12-04 08:33:52', 2),
(92, 6, 1012, 'Ele mesmo', '2017-11-06 17:22:58', NULL, '2017-12-01 15:16:41', 2),
(93, 6, 1013, 'Ele mesmo', '2017-11-06 17:22:58', NULL, '2017-11-27 18:26:19', 2),
(94, 6, 1014, 'Ele mesmo', '2017-11-06 17:22:58', NULL, '2017-12-01 15:18:00', 2),
(95, 6, 1015, 'Ele mesmo', '2017-11-06 17:22:58', NULL, '2017-11-27 18:26:39', 2),
(96, 6, 1016, 'Ele mesmo', '2017-11-06 17:22:58', NULL, '2017-11-27 18:26:56', 2),
(97, 6, 1017, 'Ele mesmo', '2017-11-06 17:22:58', NULL, '2017-11-27 18:27:07', 2),
(98, 6, 1018, 'Ele mesmo', '2017-11-06 17:22:58', NULL, '2017-12-01 15:21:33', 2),
(99, 6, 1020, 'Ele mesmo', '2017-11-06 17:22:58', NULL, '2017-11-27 18:27:33', 2),
(100, 6, 1021, 'Ele mesmo', '2017-11-06 17:22:58', NULL, '2017-11-27 18:28:17', 2),
(101, 6, 1022, 'Ele mesmo', '2017-11-06 17:22:58', NULL, '2017-12-01 15:24:51', 2),
(102, 6, 1023, 'Ele mesmo', '2017-11-06 17:22:58', NULL, '2017-12-01 15:25:38', 2),
(103, 6, 1024, 'Ele mesmo', '2017-11-06 17:22:58', NULL, '2017-12-01 15:27:09', 2),
(104, 6, 1025, 'Ele mesmo', '2017-11-06 17:22:58', NULL, '2017-11-27 18:27:57', 2),
(105, 6, 1026, 'Ele mesmo', '2017-11-06 17:22:58', NULL, '2017-12-01 15:15:45', 2),
(106, 18, 1057, 'Ele mesmo', '2017-11-24 12:21:04', NULL, '2017-11-24 12:25:16', 2),
(107, 18, 1056, 'Ele mesmo', '2017-11-24 12:21:04', NULL, '2017-11-24 12:25:16', 2),
(108, 18, 1055, 'Ele mesmo', '2017-11-24 12:21:04', NULL, '2017-11-24 12:25:16', 2),
(109, 18, 1054, 'Ele mesmo', '2017-11-24 12:21:04', NULL, '2017-11-24 12:25:16', 2),
(110, 18, 1053, 'Ele mesmo', '2017-11-24 12:21:04', NULL, '2017-11-24 12:25:16', 2),
(111, 18, 1052, 'Ele mesmo', '2017-11-24 12:21:04', NULL, '2017-11-24 12:25:16', 2),
(112, 18, 1049, 'Ele mesmo', '2017-11-24 12:21:04', NULL, '2017-11-24 12:25:16', 2),
(113, 18, 1048, 'Ele mesmo', '2017-11-24 12:21:04', NULL, '2017-11-24 12:25:16', 2),
(114, 18, 1047, 'Ele mesmo', '2017-11-24 12:21:04', NULL, '2017-11-24 12:25:16', 2),
(115, 18, 1057, 'Ele mesmo', '2017-11-24 12:25:16', NULL, NULL, 1),
(116, 18, 1056, 'Ele mesmo', '2017-11-24 12:25:16', NULL, NULL, 1),
(117, 18, 1055, 'Ele mesmo', '2017-11-24 12:25:16', NULL, NULL, 1),
(118, 18, 1054, 'Ele mesmo', '2017-11-24 12:25:16', NULL, NULL, 1),
(119, 18, 1053, 'Ele mesmo', '2017-11-24 12:25:16', NULL, NULL, 1),
(120, 18, 1052, 'Ele mesmo', '2017-11-24 12:25:16', NULL, NULL, 1),
(121, 18, 1049, 'Ele mesmo', '2017-11-24 12:25:16', NULL, NULL, 1),
(122, 18, 1048, 'Ele mesmo', '2017-11-24 12:25:16', NULL, NULL, 1),
(123, 18, 1047, 'Ele mesmo', '2017-11-24 12:25:16', NULL, NULL, 1),
(124, 4, 1002, 'Ele mesmo', '2017-11-27 18:24:36', NULL, '2017-12-01 15:07:49', 2),
(125, 9, 1002, 'Ele mesmo', '2017-11-27 18:24:36', NULL, '2017-12-01 15:07:49', 2),
(126, 6, 1002, 'Ele mesmo', '2017-11-27 18:24:36', NULL, '2017-12-01 15:07:49', 2),
(127, 4, 1003, 'Ele mesmo', '2017-11-27 18:24:49', NULL, '2017-12-01 15:09:04', 2),
(128, 9, 1003, 'Ele mesmo', '2017-11-27 18:24:49', NULL, '2017-12-01 15:09:04', 2),
(129, 6, 1003, 'Ele mesmo', '2017-11-27 18:24:49', NULL, '2017-12-01 15:09:04', 2),
(130, 3, 1004, 'Ele mesmo', '2017-11-27 18:25:13', NULL, '2017-12-01 15:12:01', 2),
(131, 5, 1004, 'Ele mesmo', '2017-11-27 18:25:13', NULL, '2017-12-01 15:12:01', 2),
(132, 4, 1004, 'Ele mesmo', '2017-11-27 18:25:13', NULL, '2017-12-01 15:12:01', 2),
(133, 9, 1004, 'Ele mesmo', '2017-11-27 18:25:13', NULL, '2017-12-01 15:12:01', 2),
(134, 6, 1004, 'Ele mesmo', '2017-11-27 18:25:13', NULL, '2017-12-01 15:12:01', 2),
(135, 9, 1005, 'Ele mesmo', '2017-11-27 18:25:25', NULL, '2017-12-01 15:12:25', 2),
(136, 6, 1005, 'Ele mesmo', '2017-11-27 18:25:25', NULL, '2017-12-01 15:12:25', 2),
(137, 3, 1006, 'Ele mesmo', '2017-11-27 18:25:36', NULL, '2017-12-01 15:13:17', 2),
(138, 5, 1006, 'Ele mesmo', '2017-11-27 18:25:36', NULL, '2017-12-01 15:13:17', 2),
(139, 4, 1006, 'Ele mesmo', '2017-11-27 18:25:36', NULL, '2017-12-01 15:13:17', 2),
(140, 9, 1006, 'Ele mesmo', '2017-11-27 18:25:36', NULL, '2017-12-01 15:13:17', 2),
(141, 6, 1006, 'Ele mesmo', '2017-11-27 18:25:36', NULL, '2017-12-01 15:13:17', 2),
(142, 3, 1008, 'Ele mesmo', '2017-11-27 18:25:50', NULL, '2017-12-01 15:14:57', 2),
(143, 5, 1008, 'Ele mesmo', '2017-11-27 18:25:50', NULL, '2017-12-01 15:14:57', 2),
(144, 4, 1008, 'Ele mesmo', '2017-11-27 18:25:50', NULL, '2017-12-01 15:14:57', 2),
(145, 9, 1008, 'Ele mesmo', '2017-11-27 18:25:50', NULL, '2017-12-01 15:14:57', 2),
(146, 6, 1008, 'Ele mesmo', '2017-11-27 18:25:50', NULL, '2017-12-01 15:14:57', 2),
(147, 3, 1009, 'Ele mesmo', '2017-11-27 18:26:05', NULL, '2017-12-01 15:15:23', 2),
(148, 5, 1009, 'Ele mesmo', '2017-11-27 18:26:05', NULL, '2017-12-01 15:15:23', 2),
(149, 4, 1009, 'Ele mesmo', '2017-11-27 18:26:05', NULL, '2017-12-01 15:15:23', 2),
(150, 9, 1009, 'Ele mesmo', '2017-11-27 18:26:05', NULL, '2017-12-01 15:15:23', 2),
(151, 6, 1009, 'Ele mesmo', '2017-11-27 18:26:05', NULL, '2017-12-01 15:15:23', 2),
(152, 4, 1013, 'Ele mesmo', '2017-11-27 18:26:19', NULL, '2017-12-01 15:17:08', 2),
(153, 6, 1013, 'Ele mesmo', '2017-11-27 18:26:19', NULL, '2017-12-01 15:17:08', 2),
(154, 3, 1015, 'Ele mesmo', '2017-11-27 18:26:39', NULL, '2017-12-01 15:18:48', 2),
(155, 4, 1015, 'Ele mesmo', '2017-11-27 18:26:39', NULL, '2017-12-01 15:18:48', 2),
(156, 9, 1015, 'Ele mesmo', '2017-11-27 18:26:39', NULL, '2017-12-01 15:18:48', 2),
(157, 6, 1015, 'Ele mesmo', '2017-11-27 18:26:39', NULL, '2017-12-01 15:18:48', 2),
(158, 3, 1016, 'Ele mesmo', '2017-11-27 18:26:56', NULL, '2017-12-01 15:20:34', 2),
(159, 6, 1016, 'Ele mesmo', '2017-11-27 18:26:56', NULL, '2017-12-01 15:20:34', 2),
(160, 3, 1017, 'Ele mesmo', '2017-11-27 18:27:07', NULL, '2017-12-01 15:20:46', 2),
(161, 6, 1017, 'Ele mesmo', '2017-11-27 18:27:07', NULL, '2017-12-01 15:20:46', 2),
(162, 4, 1020, 'Ele mesmo', '2017-11-27 18:27:33', NULL, '2017-11-27 18:28:36', 2),
(163, 6, 1020, 'Ele mesmo', '2017-11-27 18:27:33', NULL, '2017-11-27 18:28:36', 2),
(164, 4, 1025, 'Ele mesmo', '2017-11-27 18:27:57', NULL, '2017-12-01 15:27:32', 2),
(165, 9, 1025, 'Ele mesmo', '2017-11-27 18:27:57', NULL, '2017-12-01 15:27:32', 2),
(166, 6, 1025, 'Ele mesmo', '2017-11-27 18:27:57', NULL, '2017-12-01 15:27:32', 2),
(167, 6, 1021, 'Ele mesmo', '2017-11-27 18:28:17', NULL, '2017-12-01 15:24:16', 2),
(168, 4, 1020, 'Ele mesmo', '2017-11-27 18:28:36', NULL, '2017-12-01 15:24:03', 2),
(169, 6, 1020, 'Ele mesmo', '2017-11-27 18:28:36', NULL, '2017-12-01 15:24:03', 2),
(170, 19, 1003, 'Ele mesmo', '2017-11-29 12:31:32', NULL, '2017-12-26 17:11:19', 2),
(171, 19, 1003, 'Ele mesmo', '2017-11-29 12:36:14', NULL, '2017-12-26 17:11:19', 2),
(172, 19, 1003, 'Ele mesmo', '2017-11-29 12:45:46', NULL, '2017-12-26 17:11:19', 2),
(173, 19, 1033, 'Ele mesmo', '2017-11-29 12:45:46', NULL, '2017-12-26 17:11:19', 2),
(174, 19, 1065, 'Ele mesmo', '2017-11-29 12:54:37', NULL, '2017-12-26 17:11:19', 2),
(175, 19, 1068, 'Ele mesmo', '2017-11-29 12:54:37', NULL, '2017-12-26 17:11:19', 2),
(176, 19, 1073, 'Ele mesmo', '2017-11-29 12:54:37', NULL, '2017-12-26 17:11:19', 2),
(177, 19, 1067, 'Ele mesmo', '2017-11-29 12:54:37', NULL, '2017-12-26 17:11:19', 2),
(178, 19, 1029, 'Ele mesmo', '2017-11-29 12:56:33', NULL, '2017-12-26 17:11:19', 2),
(179, 19, 1029, 'Ele mesmo', '2017-11-29 13:01:26', NULL, '2017-12-26 17:11:19', 2),
(180, 4, 1000, 'Ele mesmo', '2017-12-01 15:07:28', NULL, '2017-12-01 15:10:49', 2),
(181, 4, 1002, 'Ele mesmo', '2017-12-01 15:07:49', NULL, '2017-12-01 15:09:16', 2),
(182, 9, 1002, 'Ele mesmo', '2017-12-01 15:07:49', NULL, '2017-12-01 15:09:16', 2),
(183, 6, 1002, 'Ele mesmo', '2017-12-01 15:07:49', NULL, '2017-12-01 15:09:16', 2),
(184, 4, 1003, 'Ele mesmo', '2017-12-01 15:09:04', NULL, NULL, 1),
(185, 9, 1003, 'Ele mesmo', '2017-12-01 15:09:04', NULL, NULL, 1),
(186, 6, 1003, 'Ele mesmo', '2017-12-01 15:09:04', NULL, NULL, 1),
(187, 4, 1002, 'Ele mesmo', '2017-12-01 15:09:16', NULL, NULL, 1),
(188, 9, 1002, 'Ele mesmo', '2017-12-01 15:09:16', NULL, NULL, 1),
(189, 6, 1002, 'Ele mesmo', '2017-12-01 15:09:16', NULL, NULL, 1),
(190, 4, 1000, 'Ele mesmo', '2017-12-01 15:10:49', NULL, NULL, 1),
(191, 3, 1004, 'Ele mesmo', '2017-12-01 15:12:01', NULL, NULL, 1),
(192, 5, 1004, 'Ele mesmo', '2017-12-01 15:12:01', NULL, NULL, 1),
(193, 4, 1004, 'Ele mesmo', '2017-12-01 15:12:01', NULL, NULL, 1),
(194, 9, 1004, 'Ele mesmo', '2017-12-01 15:12:01', NULL, NULL, 1),
(195, 6, 1004, 'Ele mesmo', '2017-12-01 15:12:01', NULL, NULL, 1),
(196, 9, 1005, 'Ele mesmo', '2017-12-01 15:12:25', NULL, NULL, 1),
(197, 6, 1005, 'Ele mesmo', '2017-12-01 15:12:25', NULL, NULL, 1),
(198, 3, 1006, 'Ele mesmo', '2017-12-01 15:13:17', NULL, NULL, 1),
(199, 5, 1006, 'Ele mesmo', '2017-12-01 15:13:17', NULL, NULL, 1),
(200, 4, 1006, 'Ele mesmo', '2017-12-01 15:13:17', NULL, NULL, 1),
(201, 9, 1006, 'Ele mesmo', '2017-12-01 15:13:17', NULL, NULL, 1),
(202, 6, 1006, 'Ele mesmo', '2017-12-01 15:13:17', NULL, NULL, 1),
(203, 6, 1007, 'Ele mesmo', '2017-12-01 15:13:40', NULL, NULL, 1),
(204, 3, 1008, 'Ele mesmo', '2017-12-01 15:14:57', NULL, NULL, 1),
(205, 5, 1008, 'Ele mesmo', '2017-12-01 15:14:57', NULL, NULL, 1),
(206, 4, 1008, 'Ele mesmo', '2017-12-01 15:14:57', NULL, NULL, 1),
(207, 9, 1008, 'Ele mesmo', '2017-12-01 15:14:57', NULL, NULL, 1),
(208, 6, 1008, 'Ele mesmo', '2017-12-01 15:14:57', NULL, NULL, 1),
(209, 3, 1009, 'Ele mesmo', '2017-12-01 15:15:23', NULL, NULL, 1),
(210, 5, 1009, 'Ele mesmo', '2017-12-01 15:15:23', NULL, NULL, 1),
(211, 4, 1009, 'Ele mesmo', '2017-12-01 15:15:23', NULL, NULL, 1),
(212, 9, 1009, 'Ele mesmo', '2017-12-01 15:15:23', NULL, NULL, 1),
(213, 6, 1009, 'Ele mesmo', '2017-12-01 15:15:23', NULL, NULL, 1),
(214, 3, 1026, 'Ele mesmo', '2017-12-01 15:15:45', NULL, NULL, 1),
(215, 5, 1026, 'Ele mesmo', '2017-12-01 15:15:45', NULL, NULL, 1),
(216, 4, 1026, 'Ele mesmo', '2017-12-01 15:15:45', NULL, NULL, 1),
(217, 6, 1026, 'Ele mesmo', '2017-12-01 15:15:45', NULL, NULL, 1),
(218, 3, 1010, 'Ele mesmo', '2017-12-01 15:16:17', NULL, NULL, 1),
(219, 5, 1010, 'Ele mesmo', '2017-12-01 15:16:17', NULL, NULL, 1),
(220, 6, 1010, 'Ele mesmo', '2017-12-01 15:16:17', NULL, NULL, 1),
(221, 3, 1012, 'Ele mesmo', '2017-12-01 15:16:41', NULL, NULL, 1),
(222, 5, 1012, 'Ele mesmo', '2017-12-01 15:16:41', NULL, NULL, 1),
(223, 6, 1012, 'Ele mesmo', '2017-12-01 15:16:41', NULL, NULL, 1),
(224, 4, 1013, 'Ele mesmo', '2017-12-01 15:17:08', NULL, NULL, 1),
(225, 6, 1013, 'Ele mesmo', '2017-12-01 15:17:08', NULL, NULL, 1),
(226, 3, 1014, 'Ele mesmo', '2017-12-01 15:18:00', NULL, NULL, 1),
(227, 4, 1014, 'Ele mesmo', '2017-12-01 15:18:00', NULL, NULL, 1),
(228, 9, 1014, 'Ele mesmo', '2017-12-01 15:18:00', NULL, NULL, 1),
(229, 6, 1014, 'Ele mesmo', '2017-12-01 15:18:00', NULL, NULL, 1),
(230, 3, 1015, 'Ele mesmo', '2017-12-01 15:18:48', NULL, NULL, 1),
(231, 4, 1015, 'Ele mesmo', '2017-12-01 15:18:48', NULL, NULL, 1),
(232, 9, 1015, 'Ele mesmo', '2017-12-01 15:18:48', NULL, NULL, 1),
(233, 6, 1015, 'Ele mesmo', '2017-12-01 15:18:48', NULL, NULL, 1),
(234, 3, 1016, 'Ele mesmo', '2017-12-01 15:20:34', NULL, NULL, 1),
(235, 6, 1016, 'Ele mesmo', '2017-12-01 15:20:34', NULL, NULL, 1),
(236, 3, 1017, 'Ele mesmo', '2017-12-01 15:20:46', NULL, NULL, 1),
(237, 6, 1017, 'Ele mesmo', '2017-12-01 15:20:46', NULL, NULL, 1),
(238, 3, 1018, 'Ele mesmo', '2017-12-01 15:21:33', NULL, NULL, 1),
(239, 4, 1018, 'Ele mesmo', '2017-12-01 15:21:33', NULL, NULL, 1),
(240, 9, 1018, 'Ele mesmo', '2017-12-01 15:21:33', NULL, NULL, 1),
(241, 6, 1018, 'Ele mesmo', '2017-12-01 15:21:33', NULL, NULL, 1),
(242, 4, 1019, 'Ele mesmo', '2017-12-01 15:22:02', NULL, NULL, 1),
(243, 4, 1020, 'Ele mesmo', '2017-12-01 15:24:03', NULL, NULL, 1),
(244, 6, 1020, 'Ele mesmo', '2017-12-01 15:24:03', NULL, NULL, 1),
(245, 6, 1021, 'Ele mesmo', '2017-12-01 15:24:16', NULL, NULL, 1),
(246, 4, 1022, 'Ele mesmo', '2017-12-01 15:24:51', NULL, NULL, 1),
(247, 9, 1022, 'Ele mesmo', '2017-12-01 15:24:51', NULL, NULL, 1),
(248, 6, 1022, 'Ele mesmo', '2017-12-01 15:24:51', NULL, NULL, 1),
(249, 6, 1023, 'Ele mesmo', '2017-12-01 15:25:38', NULL, NULL, 1),
(250, 6, 1024, 'Ele mesmo', '2017-12-01 15:27:09', NULL, NULL, 1),
(251, 4, 1025, 'Ele mesmo', '2017-12-01 15:27:32', NULL, NULL, 1),
(252, 9, 1025, 'Ele mesmo', '2017-12-01 15:27:32', NULL, NULL, 1),
(253, 6, 1025, 'Ele mesmo', '2017-12-01 15:27:32', NULL, NULL, 1),
(254, 19, 1130, 'Ele mesmo', '2017-12-01 15:39:22', NULL, '2017-12-26 17:11:19', 2),
(255, 3, 1011, 'Ele mesmo', '2017-12-04 08:33:52', NULL, NULL, 1),
(256, 5, 1011, 'Ele mesmo', '2017-12-04 08:33:52', NULL, NULL, 1),
(257, 9, 1011, 'Ele mesmo', '2017-12-04 08:33:52', NULL, NULL, 1),
(258, 6, 1011, 'Ele mesmo', '2017-12-04 08:33:52', NULL, NULL, 1),
(259, 6, 1028, 'Ele mesmo', '2017-12-04 11:03:19', NULL, NULL, 1),
(260, 6, 1030, 'Ele mesmo', '2017-12-04 11:04:09', NULL, NULL, 1),
(261, 4, 1030, 'Ele mesmo', '2017-12-04 11:04:09', NULL, NULL, 1),
(262, 4, 1046, 'Ele mesmo', '2017-12-04 11:08:33', NULL, NULL, 1),
(263, 3, 1029, 'Ele mesmo', '2017-12-04 11:09:25', NULL, NULL, 1),
(264, 4, 1029, 'Ele mesmo', '2017-12-04 11:09:25', NULL, NULL, 1),
(265, 6, 1029, 'Ele mesmo', '2017-12-04 11:09:25', NULL, NULL, 1),
(266, 6, 1027, 'Ele mesmo', '2017-12-04 11:10:40', NULL, NULL, 1),
(267, 4, 1027, 'Ele mesmo', '2017-12-04 11:10:40', NULL, NULL, 1),
(268, 9, 1027, 'Ele mesmo', '2017-12-04 11:10:40', NULL, NULL, 1),
(269, 6, 1031, 'Ele mesmo', '2017-12-04 11:25:44', NULL, NULL, 1),
(270, 4, 1031, 'Ele mesmo', '2017-12-04 11:25:44', NULL, NULL, 1),
(271, 9, 1031, 'Ele mesmo', '2017-12-04 11:25:44', NULL, NULL, 1),
(272, 3, 1038, 'Ele mesmo', '2017-12-04 11:27:27', NULL, NULL, 1),
(273, 4, 1038, 'Ele mesmo', '2017-12-04 11:27:27', NULL, NULL, 1),
(274, 6, 1038, 'Ele mesmo', '2017-12-04 11:27:27', NULL, NULL, 1),
(275, 9, 1038, 'Ele mesmo', '2017-12-04 11:27:27', NULL, NULL, 1),
(276, 3, 1039, 'Ele mesmo', '2017-12-04 11:29:11', NULL, NULL, 1),
(277, 4, 1039, 'Ele mesmo', '2017-12-04 11:29:11', NULL, NULL, 1),
(278, 5, 1039, 'Ele mesmo', '2017-12-04 11:29:11', NULL, NULL, 1),
(279, 6, 1039, 'Ele mesmo', '2017-12-04 11:29:11', NULL, NULL, 1),
(280, 9, 1039, 'Ele mesmo', '2017-12-04 11:29:11', NULL, NULL, 1),
(281, 4, 1032, 'Ele mesmo', '2017-12-04 11:30:47', NULL, NULL, 1),
(282, 19, 1146, 'Ele mesmo', '2017-12-04 15:34:24', NULL, '2017-12-26 17:11:19', 2),
(283, 19, 1145, 'Ele mesmo', '2017-12-04 15:34:34', NULL, '2017-12-26 17:11:19', 2),
(284, 19, 1139, 'Ele mesmo', '2017-12-04 15:34:51', NULL, '2017-12-26 17:11:19', 2),
(285, 19, 1138, 'Ele mesmo', '2017-12-04 15:35:07', NULL, '2017-12-26 17:11:19', 2),
(286, 19, 1137, 'Ele mesmo', '2017-12-04 15:35:19', NULL, '2017-12-26 17:11:19', 2),
(287, 19, 1136, 'Ele mesmo', '2017-12-04 15:35:31', NULL, '2017-12-26 17:11:19', 2),
(288, 19, 1140, 'Ele mesmo', '2017-12-04 15:35:42', NULL, '2017-12-26 17:11:19', 2),
(289, 19, 1142, 'Ele mesmo', '2017-12-04 15:36:05', NULL, '2017-12-26 17:11:19', 2),
(290, 19, 1133, 'Ele mesmo', '2017-12-04 15:36:20', NULL, '2017-12-26 17:11:19', 2),
(291, 19, 1132, 'Ele mesmo', '2017-12-04 15:36:31', NULL, '2017-12-26 17:11:19', 2),
(292, 19, 1144, 'Ele mesmo', '2017-12-04 15:36:45', NULL, '2017-12-26 17:11:19', 2),
(293, 19, 1143, 'Ele mesmo', '2017-12-04 15:37:02', NULL, '2017-12-26 17:11:19', 2),
(294, 19, 1135, 'Ele mesmo', '2017-12-04 15:37:13', NULL, '2017-12-26 17:11:19', 2),
(295, 19, 1134, 'Ele mesmo', '2017-12-04 15:37:25', NULL, '2017-12-26 17:11:19', 2),
(296, 19, 1130, 'Ele mesmo', '2017-12-04 15:37:36', NULL, '2017-12-26 17:11:19', 2),
(297, 19, 1147, 'Ele mesmo', '2017-12-04 15:38:54', NULL, '2017-12-26 17:11:19', 2),
(298, 19, 1151, 'Ele mesmo', '2017-12-04 15:43:31', NULL, '2017-12-26 17:11:19', 2),
(299, 19, 1150, 'Ele mesmo', '2017-12-04 15:43:45', NULL, '2017-12-26 17:11:19', 2),
(300, 19, 1149, 'Ele mesmo', '2017-12-04 15:43:59', NULL, '2017-12-26 17:11:19', 2),
(301, 19, 1148, 'Ele mesmo', '2017-12-04 15:44:09', NULL, '2017-12-26 17:11:19', 2),
(302, 19, 1157, 'Ele mesmo', '2017-12-05 18:47:34', NULL, '2017-12-26 17:11:19', 2),
(303, 19, 1156, 'Ele mesmo', '2017-12-05 18:47:47', NULL, '2017-12-26 17:11:19', 2),
(304, 19, 1155, 'Ele mesmo', '2017-12-05 18:48:11', NULL, '2017-12-26 17:11:19', 2),
(305, 19, 1154, 'Ele mesmo', '2017-12-05 18:48:24', NULL, '2017-12-26 17:11:19', 2),
(306, 19, 1153, 'Ele mesmo', '2017-12-05 18:51:13', NULL, '2017-12-26 17:11:19', 2),
(307, 19, 1152, 'Ele mesmo', '2017-12-05 18:51:25', NULL, '2017-12-26 17:11:19', 2),
(308, 19, 1131, 'Ele mesmo', '2017-12-05 18:52:37', NULL, '2017-12-26 17:11:19', 2),
(309, 18, 1158, 'Ele mesmo', '2017-12-08 15:32:08', NULL, '2017-12-08 16:59:40', 2),
(310, 17, 1158, 'Ele mesmo', '2017-12-08 15:32:08', NULL, '2017-12-08 16:59:40', 2),
(311, 16, 1158, 'Ele mesmo', '2017-12-08 15:32:08', NULL, '2017-12-08 16:59:40', 2),
(312, 15, 1158, 'Ele mesmo', '2017-12-08 15:32:08', NULL, '2017-12-08 16:59:40', 2),
(313, 16, 1159, 'Ele mesmo', '2017-12-08 15:39:09', NULL, NULL, 1),
(314, 17, 1159, 'Ele mesmo', '2017-12-08 15:39:09', NULL, NULL, 1),
(315, 18, 1159, 'Ele mesmo', '2017-12-08 15:39:09', NULL, NULL, 1),
(316, 19, 1159, 'Ele mesmo', '2017-12-08 15:39:09', NULL, '2017-12-26 17:11:19', 2),
(317, 16, 1160, 'Ele mesmo', '2017-12-08 16:58:37', NULL, NULL, 1),
(318, 17, 1160, 'Ele mesmo', '2017-12-08 16:58:37', NULL, NULL, 1),
(319, 18, 1160, 'Ele mesmo', '2017-12-08 16:58:37', NULL, NULL, 1),
(320, 19, 1160, 'Ele mesmo', '2017-12-08 16:58:37', NULL, '2017-12-26 17:11:19', 2),
(321, 18, 1158, 'Ele mesmo', '2017-12-08 16:59:40', NULL, NULL, 1),
(322, 17, 1158, 'Ele mesmo', '2017-12-08 16:59:40', NULL, NULL, 1),
(323, 16, 1158, 'Ele mesmo', '2017-12-08 16:59:40', NULL, NULL, 1),
(324, 15, 1158, 'Ele mesmo', '2017-12-08 16:59:40', NULL, NULL, 1),
(325, 15, 1075, 'Ele mesmo', '2017-12-08 17:00:38', NULL, NULL, 1),
(326, 16, 1075, 'Ele mesmo', '2017-12-08 17:00:38', NULL, NULL, 1),
(327, 17, 1075, 'Ele mesmo', '2017-12-08 17:00:38', NULL, NULL, 1),
(328, 18, 1075, 'Ele mesmo', '2017-12-08 17:00:38', NULL, NULL, 1),
(329, 16, 1161, 'Ele mesmo', '2017-12-08 17:03:39', NULL, NULL, 1),
(330, 18, 1161, 'Ele mesmo', '2017-12-08 17:03:39', NULL, NULL, 1),
(331, 17, 1161, 'Ele mesmo', '2017-12-08 17:03:39', NULL, NULL, 1),
(332, 15, 1161, 'Ele mesmo', '2017-12-08 17:03:39', NULL, NULL, 1),
(333, 16, 1162, 'Ele mesmo', '2017-12-08 17:07:03', NULL, NULL, 1),
(334, 18, 1162, 'Ele mesmo', '2017-12-08 17:07:03', NULL, NULL, 1),
(335, 17, 1162, 'Ele mesmo', '2017-12-08 17:07:03', NULL, NULL, 1),
(336, 15, 1162, 'Ele mesmo', '2017-12-08 17:07:03', NULL, NULL, 1),
(337, 15, 1163, 'Ele mesmo', '2017-12-08 17:08:29', NULL, NULL, 1),
(338, 16, 1163, 'Ele mesmo', '2017-12-08 17:08:29', NULL, NULL, 1),
(339, 17, 1163, 'Ele mesmo', '2017-12-08 17:08:29', NULL, NULL, 1),
(340, 18, 1163, 'Ele mesmo', '2017-12-08 17:08:29', NULL, NULL, 1),
(341, 15, 1164, 'Ele mesmo', '2017-12-08 17:09:14', NULL, NULL, 1),
(342, 16, 1164, 'Ele mesmo', '2017-12-08 17:09:14', NULL, NULL, 1),
(343, 18, 1164, 'Ele mesmo', '2017-12-08 17:09:14', NULL, NULL, 1),
(344, 17, 1164, 'Ele mesmo', '2017-12-08 17:09:14', NULL, NULL, 1),
(345, 15, 1165, 'Ele mesmo', '2017-12-08 17:10:55', NULL, NULL, 1),
(346, 16, 1165, 'Ele mesmo', '2017-12-08 17:10:55', NULL, NULL, 1),
(347, 17, 1165, 'Ele mesmo', '2017-12-08 17:10:55', NULL, NULL, 1),
(348, 18, 1165, 'Ele mesmo', '2017-12-08 17:10:55', NULL, NULL, 1),
(349, 15, 1166, 'Ele mesmo', '2017-12-08 17:11:42', NULL, NULL, 1),
(350, 16, 1166, 'Ele mesmo', '2017-12-08 17:11:42', NULL, NULL, 1),
(351, 17, 1166, 'Ele mesmo', '2017-12-08 17:11:42', NULL, NULL, 1),
(352, 18, 1166, 'Ele mesmo', '2017-12-08 17:11:42', NULL, NULL, 1),
(353, 15, 1167, 'Ele mesmo', '2017-12-08 17:12:16', NULL, NULL, 1),
(354, 16, 1167, 'Ele mesmo', '2017-12-08 17:12:16', NULL, NULL, 1),
(355, 17, 1167, 'Ele mesmo', '2017-12-08 17:12:16', NULL, NULL, 1),
(356, 18, 1167, 'Ele mesmo', '2017-12-08 17:12:16', NULL, NULL, 1),
(357, 15, 1168, 'Ele mesmo', '2017-12-08 17:14:20', NULL, NULL, 1),
(358, 17, 1168, 'Ele mesmo', '2017-12-08 17:14:20', NULL, NULL, 1),
(359, 16, 1168, 'Ele mesmo', '2017-12-08 17:14:20', NULL, NULL, 1),
(360, 18, 1168, 'Ele mesmo', '2017-12-08 17:14:20', NULL, NULL, 1),
(361, 15, 1169, 'Ele mesmo', '2017-12-08 17:15:15', NULL, NULL, 1),
(362, 16, 1169, 'Ele mesmo', '2017-12-08 17:15:15', NULL, NULL, 1),
(363, 17, 1169, 'Ele mesmo', '2017-12-08 17:15:15', NULL, NULL, 1),
(364, 18, 1169, 'Ele mesmo', '2017-12-08 17:15:15', NULL, NULL, 1),
(365, 15, 1170, 'Ele mesmo', '2017-12-08 17:15:49', NULL, NULL, 1),
(366, 16, 1170, 'Ele mesmo', '2017-12-08 17:15:49', NULL, NULL, 1),
(367, 17, 1170, 'Ele mesmo', '2017-12-08 17:15:49', NULL, NULL, 1),
(368, 18, 1170, 'Ele mesmo', '2017-12-08 17:15:49', NULL, NULL, 1),
(369, 18, 1171, 'Ele mesmo', '2017-12-08 17:16:23', NULL, NULL, 1),
(370, 15, 1171, 'Ele mesmo', '2017-12-08 17:16:23', NULL, NULL, 1),
(371, 16, 1171, 'Ele mesmo', '2017-12-08 17:16:23', NULL, NULL, 1),
(372, 17, 1171, 'Ele mesmo', '2017-12-08 17:16:23', NULL, NULL, 1),
(373, 15, 1172, 'Ele mesmo', '2017-12-08 17:16:51', NULL, NULL, 1),
(374, 16, 1172, 'Ele mesmo', '2017-12-08 17:16:51', NULL, NULL, 1),
(375, 17, 1172, 'Ele mesmo', '2017-12-08 17:16:51', NULL, NULL, 1),
(376, 18, 1172, 'Ele mesmo', '2017-12-08 17:16:51', NULL, NULL, 1),
(377, 15, 1173, 'Ele mesmo', '2017-12-08 17:17:29', NULL, NULL, 1),
(378, 16, 1173, 'Ele mesmo', '2017-12-08 17:17:29', NULL, NULL, 1),
(379, 17, 1173, 'Ele mesmo', '2017-12-08 17:17:29', NULL, NULL, 1),
(380, 18, 1173, 'Ele mesmo', '2017-12-08 17:17:29', NULL, NULL, 1),
(381, 16, 1174, 'Ele mesmo', '2017-12-08 17:18:10', NULL, NULL, 1),
(382, 17, 1174, 'Ele mesmo', '2017-12-08 17:18:10', NULL, NULL, 1),
(383, 15, 1174, 'Ele mesmo', '2017-12-08 17:18:10', NULL, NULL, 1),
(384, 18, 1174, 'Ele mesmo', '2017-12-08 17:18:10', NULL, NULL, 1),
(385, 15, 1175, 'Ele mesmo', '2017-12-08 17:18:47', NULL, NULL, 1),
(386, 16, 1175, 'Ele mesmo', '2017-12-08 17:18:47', NULL, NULL, 1),
(387, 17, 1175, 'Ele mesmo', '2017-12-08 17:18:47', NULL, NULL, 1),
(388, 18, 1175, 'Ele mesmo', '2017-12-08 17:18:47', NULL, NULL, 1),
(389, 15, 1176, 'Ele mesmo', '2017-12-08 17:19:27', NULL, NULL, 1),
(390, 16, 1176, 'Ele mesmo', '2017-12-08 17:19:27', NULL, NULL, 1),
(391, 17, 1176, 'Ele mesmo', '2017-12-08 17:19:27', NULL, NULL, 1),
(392, 18, 1176, 'Ele mesmo', '2017-12-08 17:19:27', NULL, NULL, 1),
(393, 16, 1177, 'Ele mesmo', '2017-12-08 17:25:32', NULL, NULL, 1),
(394, 15, 1177, 'Ele mesmo', '2017-12-08 17:25:32', NULL, NULL, 1),
(395, 17, 1177, 'Ele mesmo', '2017-12-08 17:25:32', NULL, NULL, 1),
(396, 18, 1177, 'Ele mesmo', '2017-12-08 17:25:32', NULL, NULL, 1),
(397, 15, 1178, 'Ele mesmo', '2017-12-08 17:27:16', NULL, NULL, 1),
(398, 16, 1178, 'Ele mesmo', '2017-12-08 17:27:16', NULL, NULL, 1),
(399, 17, 1178, 'Ele mesmo', '2017-12-08 17:27:16', NULL, NULL, 1),
(400, 18, 1178, 'Ele mesmo', '2017-12-08 17:27:16', NULL, NULL, 1),
(401, 18, 1179, 'Ele mesmo', '2017-12-08 17:27:53', NULL, NULL, 1),
(402, 17, 1179, 'Ele mesmo', '2017-12-08 17:27:53', NULL, NULL, 1),
(403, 16, 1179, 'Ele mesmo', '2017-12-08 17:27:53', NULL, NULL, 1),
(404, 15, 1179, 'Ele mesmo', '2017-12-08 17:27:53', NULL, NULL, 1),
(405, 15, 1180, 'Ele mesmo', '2017-12-08 17:28:38', NULL, NULL, 1),
(406, 16, 1180, 'Ele mesmo', '2017-12-08 17:28:38', NULL, NULL, 1),
(407, 17, 1180, 'Ele mesmo', '2017-12-08 17:28:38', NULL, NULL, 1),
(408, 18, 1180, 'Ele mesmo', '2017-12-08 17:28:38', NULL, NULL, 1),
(409, 15, 1181, 'Ele mesmo', '2017-12-08 17:29:10', NULL, NULL, 1),
(410, 16, 1181, 'Ele mesmo', '2017-12-08 17:29:10', NULL, NULL, 1),
(411, 17, 1181, 'Ele mesmo', '2017-12-08 17:29:10', NULL, NULL, 1),
(412, 18, 1181, 'Ele mesmo', '2017-12-08 17:29:10', NULL, NULL, 1),
(413, 15, 1182, 'Ele mesmo', '2017-12-08 17:29:38', NULL, NULL, 1),
(414, 16, 1182, 'Ele mesmo', '2017-12-08 17:29:38', NULL, NULL, 1),
(415, 17, 1182, 'Ele mesmo', '2017-12-08 17:29:38', NULL, NULL, 1),
(416, 18, 1182, 'Ele mesmo', '2017-12-08 17:29:38', NULL, NULL, 1),
(417, 15, 1183, 'Ele mesmo', '2017-12-08 17:30:15', NULL, NULL, 1),
(418, 16, 1183, 'Ele mesmo', '2017-12-08 17:30:15', NULL, NULL, 1),
(419, 17, 1183, 'Ele mesmo', '2017-12-08 17:30:15', NULL, NULL, 1),
(420, 18, 1183, 'Ele mesmo', '2017-12-08 17:30:15', NULL, NULL, 1),
(421, 15, 1184, 'Ele mesmo', '2017-12-08 17:30:41', NULL, NULL, 1),
(422, 16, 1184, 'Ele mesmo', '2017-12-08 17:30:41', NULL, NULL, 1),
(423, 17, 1184, 'Ele mesmo', '2017-12-08 17:30:41', NULL, NULL, 1),
(424, 18, 1184, 'Ele mesmo', '2017-12-08 17:30:41', NULL, NULL, 1),
(425, 15, 1185, 'Ele mesmo', '2017-12-08 17:31:10', NULL, NULL, 1),
(426, 16, 1185, 'Ele mesmo', '2017-12-08 17:31:10', NULL, NULL, 1),
(427, 18, 1185, 'Ele mesmo', '2017-12-08 17:31:10', NULL, NULL, 1),
(428, 17, 1185, 'Ele mesmo', '2017-12-08 17:31:10', NULL, NULL, 1),
(429, 16, 1186, 'Ele mesmo', '2017-12-08 17:33:22', NULL, NULL, 1),
(430, 15, 1186, 'Ele mesmo', '2017-12-08 17:33:22', NULL, NULL, 1),
(431, 17, 1186, 'Ele mesmo', '2017-12-08 17:33:22', NULL, NULL, 1),
(432, 18, 1186, 'Ele mesmo', '2017-12-08 17:33:22', NULL, NULL, 1),
(433, 15, 1187, 'Ele mesmo', '2017-12-08 17:34:25', NULL, NULL, 1),
(434, 16, 1187, 'Ele mesmo', '2017-12-08 17:34:25', NULL, NULL, 1),
(435, 17, 1187, 'Ele mesmo', '2017-12-08 17:34:25', NULL, NULL, 1),
(436, 18, 1187, 'Ele mesmo', '2017-12-08 17:34:25', NULL, NULL, 1),
(437, 15, 1188, 'Ele mesmo', '2017-12-08 17:34:59', NULL, NULL, 1),
(438, 16, 1188, 'Ele mesmo', '2017-12-08 17:34:59', NULL, NULL, 1),
(439, 17, 1188, 'Ele mesmo', '2017-12-08 17:34:59', NULL, NULL, 1),
(440, 18, 1188, 'Ele mesmo', '2017-12-08 17:34:59', NULL, NULL, 1),
(441, 15, 1189, 'Ele mesmo', '2017-12-08 17:36:01', NULL, NULL, 1),
(442, 16, 1189, 'Ele mesmo', '2017-12-08 17:36:01', NULL, NULL, 1),
(443, 17, 1189, 'Ele mesmo', '2017-12-08 17:36:01', NULL, NULL, 1),
(444, 18, 1189, 'Ele mesmo', '2017-12-08 17:36:01', NULL, NULL, 1),
(445, 15, 1190, 'Ele mesmo', '2017-12-08 17:36:40', NULL, NULL, 1),
(446, 16, 1190, 'Ele mesmo', '2017-12-08 17:36:40', NULL, NULL, 1),
(447, 17, 1190, 'Ele mesmo', '2017-12-08 17:36:40', NULL, NULL, 1),
(448, 18, 1190, 'Ele mesmo', '2017-12-08 17:36:40', NULL, NULL, 1),
(449, 15, 1191, 'Ele mesmo', '2017-12-08 17:37:26', NULL, NULL, 1),
(450, 16, 1191, 'Ele mesmo', '2017-12-08 17:37:26', NULL, NULL, 1),
(451, 17, 1191, 'Ele mesmo', '2017-12-08 17:37:26', NULL, NULL, 1),
(452, 18, 1191, 'Ele mesmo', '2017-12-08 17:37:26', NULL, NULL, 1),
(453, 15, 1192, 'Ele mesmo', '2017-12-08 17:38:00', NULL, NULL, 1),
(454, 16, 1192, 'Ele mesmo', '2017-12-08 17:38:00', NULL, NULL, 1),
(455, 17, 1192, 'Ele mesmo', '2017-12-08 17:38:00', NULL, NULL, 1),
(456, 18, 1192, 'Ele mesmo', '2017-12-08 17:38:00', NULL, NULL, 1),
(457, 15, 1193, 'Ele mesmo', '2017-12-08 17:38:35', NULL, NULL, 1),
(458, 16, 1193, 'Ele mesmo', '2017-12-08 17:38:35', NULL, NULL, 1),
(459, 17, 1193, 'Ele mesmo', '2017-12-08 17:38:35', NULL, NULL, 1),
(460, 18, 1193, 'Ele mesmo', '2017-12-08 17:38:35', NULL, NULL, 1),
(461, 15, 1194, 'Ele mesmo', '2017-12-08 17:39:10', NULL, NULL, 1),
(462, 16, 1194, 'Ele mesmo', '2017-12-08 17:39:10', NULL, NULL, 1),
(463, 17, 1194, 'Ele mesmo', '2017-12-08 17:39:10', NULL, NULL, 1),
(464, 18, 1194, 'Ele mesmo', '2017-12-08 17:39:10', NULL, NULL, 1),
(465, 15, 1195, 'Ele mesmo', '2017-12-08 17:39:43', NULL, NULL, 1),
(466, 16, 1195, 'Ele mesmo', '2017-12-08 17:39:43', NULL, NULL, 1),
(467, 17, 1195, 'Ele mesmo', '2017-12-08 17:39:43', NULL, NULL, 1),
(468, 18, 1195, 'Ele mesmo', '2017-12-08 17:39:43', NULL, NULL, 1),
(469, 15, 1196, 'Ele mesmo', '2017-12-08 17:40:18', NULL, NULL, 1),
(470, 16, 1196, 'Ele mesmo', '2017-12-08 17:40:18', NULL, NULL, 1),
(471, 17, 1196, 'Ele mesmo', '2017-12-08 17:40:18', NULL, NULL, 1),
(472, 18, 1196, 'Ele mesmo', '2017-12-08 17:40:18', NULL, NULL, 1),
(473, 15, 1197, 'Ele mesmo', '2017-12-08 17:42:55', NULL, NULL, 1),
(474, 16, 1197, 'Ele mesmo', '2017-12-08 17:42:55', NULL, NULL, 1),
(475, 17, 1197, 'Ele mesmo', '2017-12-08 17:42:55', NULL, NULL, 1),
(476, 18, 1197, 'Ele mesmo', '2017-12-08 17:42:55', NULL, NULL, 1),
(477, 15, 1198, 'Ele mesmo', '2017-12-08 17:43:27', NULL, NULL, 1),
(478, 16, 1198, 'Ele mesmo', '2017-12-08 17:43:27', NULL, NULL, 1),
(479, 17, 1198, 'Ele mesmo', '2017-12-08 17:43:27', NULL, NULL, 1),
(480, 18, 1198, 'Ele mesmo', '2017-12-08 17:43:27', NULL, NULL, 1),
(481, 15, 1199, 'Ele mesmo', '2017-12-08 17:43:56', NULL, NULL, 1),
(482, 16, 1199, 'Ele mesmo', '2017-12-08 17:43:56', NULL, NULL, 1),
(483, 17, 1199, 'Ele mesmo', '2017-12-08 17:43:56', NULL, NULL, 1),
(484, 18, 1199, 'Ele mesmo', '2017-12-08 17:43:56', NULL, NULL, 1),
(485, 15, 1200, 'Ele mesmo', '2017-12-08 17:44:29', NULL, NULL, 1),
(486, 16, 1200, 'Ele mesmo', '2017-12-08 17:44:29', NULL, NULL, 1),
(487, 17, 1200, 'Ele mesmo', '2017-12-08 17:44:29', NULL, NULL, 1),
(488, 18, 1200, 'Ele mesmo', '2017-12-08 17:44:29', NULL, NULL, 1),
(489, 15, 1201, 'Ele mesmo', '2017-12-08 17:45:05', NULL, NULL, 1),
(490, 16, 1201, 'Ele mesmo', '2017-12-08 17:45:05', NULL, NULL, 1),
(491, 17, 1201, 'Ele mesmo', '2017-12-08 17:45:05', NULL, NULL, 1),
(492, 18, 1201, 'Ele mesmo', '2017-12-08 17:45:05', NULL, NULL, 1),
(493, 15, 1202, 'Ele mesmo', '2017-12-08 17:45:58', NULL, NULL, 1),
(494, 16, 1202, 'Ele mesmo', '2017-12-08 17:45:58', NULL, NULL, 1),
(495, 17, 1202, 'Ele mesmo', '2017-12-08 17:45:58', NULL, NULL, 1),
(496, 18, 1202, 'Ele mesmo', '2017-12-08 17:45:58', NULL, NULL, 1),
(497, 15, 1203, 'Ele mesmo', '2017-12-08 17:46:28', NULL, NULL, 1),
(498, 16, 1203, 'Ele mesmo', '2017-12-08 17:46:28', NULL, NULL, 1),
(499, 17, 1203, 'Ele mesmo', '2017-12-08 17:46:28', NULL, NULL, 1),
(500, 18, 1203, 'Ele mesmo', '2017-12-08 17:46:28', NULL, NULL, 1),
(501, 15, 1204, 'Ele mesmo', '2017-12-08 17:46:53', NULL, NULL, 1),
(502, 16, 1204, 'Ele mesmo', '2017-12-08 17:46:53', NULL, NULL, 1),
(503, 17, 1204, 'Ele mesmo', '2017-12-08 17:46:53', NULL, NULL, 1),
(504, 18, 1204, 'Ele mesmo', '2017-12-08 17:46:53', NULL, NULL, 1),
(505, 15, 1205, 'Ele mesmo', '2017-12-09 10:15:07', NULL, NULL, 1),
(506, 16, 1205, 'Ele mesmo', '2017-12-09 10:15:07', NULL, NULL, 1),
(507, 17, 1205, 'Ele mesmo', '2017-12-09 10:15:07', NULL, NULL, 1),
(508, 18, 1205, 'Ele mesmo', '2017-12-09 10:15:07', NULL, NULL, 1),
(509, 15, 1206, 'Ele mesmo', '2017-12-09 10:27:36', NULL, NULL, 1),
(510, 16, 1206, 'Ele mesmo', '2017-12-09 10:27:36', NULL, NULL, 1),
(511, 17, 1206, 'Ele mesmo', '2017-12-09 10:27:36', NULL, NULL, 1),
(512, 18, 1206, 'Ele mesmo', '2017-12-09 10:27:36', NULL, NULL, 1),
(513, 15, 1207, 'Ele mesmo', '2017-12-09 10:28:04', NULL, NULL, 1),
(514, 16, 1207, 'Ele mesmo', '2017-12-09 10:28:04', NULL, NULL, 1),
(515, 17, 1207, 'Ele mesmo', '2017-12-09 10:28:04', NULL, NULL, 1),
(516, 18, 1207, 'Ele mesmo', '2017-12-09 10:28:04', NULL, NULL, 1),
(517, 15, 1208, 'Ele mesmo', '2017-12-09 10:28:57', NULL, NULL, 1),
(518, 16, 1208, 'Ele mesmo', '2017-12-09 10:28:57', NULL, NULL, 1),
(519, 17, 1208, 'Ele mesmo', '2017-12-09 10:28:57', NULL, NULL, 1),
(520, 18, 1208, 'Ele mesmo', '2017-12-09 10:28:57', NULL, NULL, 1),
(521, 15, 1209, 'Ele mesmo', '2017-12-09 10:29:17', NULL, NULL, 1),
(522, 16, 1209, 'Ele mesmo', '2017-12-09 10:29:17', NULL, NULL, 1),
(523, 17, 1209, 'Ele mesmo', '2017-12-09 10:29:17', NULL, NULL, 1),
(524, 18, 1209, 'Ele mesmo', '2017-12-09 10:29:17', NULL, NULL, 1),
(525, 15, 1210, 'Ele mesmo', '2017-12-09 10:29:35', NULL, NULL, 1),
(526, 16, 1210, 'Ele mesmo', '2017-12-09 10:29:35', NULL, NULL, 1),
(527, 17, 1210, 'Ele mesmo', '2017-12-09 10:29:35', NULL, NULL, 1),
(528, 18, 1210, 'Ele mesmo', '2017-12-09 10:29:35', NULL, NULL, 1),
(529, 15, 1211, 'Ele mesmo', '2017-12-09 10:29:53', NULL, NULL, 1),
(530, 16, 1211, 'Ele mesmo', '2017-12-09 10:29:53', NULL, NULL, 1),
(531, 17, 1211, 'Ele mesmo', '2017-12-09 10:29:53', NULL, NULL, 1),
(532, 18, 1211, 'Ele mesmo', '2017-12-09 10:29:53', NULL, NULL, 1),
(533, 15, 1212, 'Ele mesmo', '2017-12-09 10:30:29', NULL, NULL, 1),
(534, 16, 1212, 'Ele mesmo', '2017-12-09 10:30:29', NULL, NULL, 1),
(535, 17, 1212, 'Ele mesmo', '2017-12-09 10:30:29', NULL, NULL, 1),
(536, 18, 1212, 'Ele mesmo', '2017-12-09 10:30:29', NULL, NULL, 1),
(537, 15, 1213, 'Ele mesmo', '2017-12-09 10:30:44', NULL, NULL, 1),
(538, 16, 1213, 'Ele mesmo', '2017-12-09 10:30:44', NULL, NULL, 1),
(539, 17, 1213, 'Ele mesmo', '2017-12-09 10:30:44', NULL, NULL, 1),
(540, 18, 1213, 'Ele mesmo', '2017-12-09 10:30:44', NULL, NULL, 1),
(541, 15, 1214, 'Ele mesmo', '2017-12-09 10:31:03', NULL, NULL, 1),
(542, 16, 1214, 'Ele mesmo', '2017-12-09 10:31:03', NULL, NULL, 1),
(543, 17, 1214, 'Ele mesmo', '2017-12-09 10:31:03', NULL, NULL, 1),
(544, 18, 1214, 'Ele mesmo', '2017-12-09 10:31:03', NULL, NULL, 1),
(545, 15, 1215, 'Ele mesmo', '2017-12-09 10:31:27', NULL, NULL, 1),
(546, 16, 1215, 'Ele mesmo', '2017-12-09 10:31:27', NULL, NULL, 1),
(547, 17, 1215, 'Ele mesmo', '2017-12-09 10:31:27', NULL, NULL, 1),
(548, 18, 1215, 'Ele mesmo', '2017-12-09 10:31:27', NULL, NULL, 1),
(549, 15, 1216, 'Ele mesmo', '2017-12-09 10:31:50', NULL, NULL, 1),
(550, 16, 1216, 'Ele mesmo', '2017-12-09 10:31:50', NULL, NULL, 1),
(551, 17, 1216, 'Ele mesmo', '2017-12-09 10:31:50', NULL, NULL, 1),
(552, 18, 1216, 'Ele mesmo', '2017-12-09 10:31:50', NULL, NULL, 1),
(553, 15, 1217, 'Ele mesmo', '2017-12-09 10:32:17', NULL, NULL, 1),
(554, 16, 1217, 'Ele mesmo', '2017-12-09 10:32:17', NULL, NULL, 1),
(555, 17, 1217, 'Ele mesmo', '2017-12-09 10:32:17', NULL, NULL, 1),
(556, 18, 1217, 'Ele mesmo', '2017-12-09 10:32:17', NULL, NULL, 1),
(557, 15, 1218, 'Ele mesmo', '2017-12-09 10:33:10', NULL, NULL, 1),
(558, 16, 1218, 'Ele mesmo', '2017-12-09 10:33:10', NULL, NULL, 1),
(559, 17, 1218, 'Ele mesmo', '2017-12-09 10:33:10', NULL, NULL, 1),
(560, 18, 1218, 'Ele mesmo', '2017-12-09 10:33:10', NULL, NULL, 1),
(561, 15, 1219, 'Ele mesmo', '2017-12-09 10:33:40', NULL, NULL, 1),
(562, 16, 1219, 'Ele mesmo', '2017-12-09 10:33:40', NULL, NULL, 1),
(563, 17, 1219, 'Ele mesmo', '2017-12-09 10:33:40', NULL, NULL, 1),
(564, 18, 1219, 'Ele mesmo', '2017-12-09 10:33:40', NULL, NULL, 1),
(565, 15, 1220, 'Ele mesmo', '2017-12-09 10:34:11', NULL, NULL, 1),
(566, 16, 1220, 'Ele mesmo', '2017-12-09 10:34:11', NULL, NULL, 1),
(567, 17, 1220, 'Ele mesmo', '2017-12-09 10:34:11', NULL, NULL, 1),
(568, 18, 1220, 'Ele mesmo', '2017-12-09 10:34:11', NULL, NULL, 1),
(569, 15, 1221, 'Ele mesmo', '2017-12-09 10:34:35', NULL, NULL, 1),
(570, 16, 1221, 'Ele mesmo', '2017-12-09 10:34:35', NULL, NULL, 1),
(571, 17, 1221, 'Ele mesmo', '2017-12-09 10:34:35', NULL, NULL, 1),
(572, 18, 1221, 'Ele mesmo', '2017-12-09 10:34:35', NULL, NULL, 1),
(573, 15, 1222, 'Ele mesmo', '2017-12-09 10:35:02', NULL, NULL, 1),
(574, 16, 1222, 'Ele mesmo', '2017-12-09 10:35:02', NULL, NULL, 1),
(575, 17, 1222, 'Ele mesmo', '2017-12-09 10:35:02', NULL, NULL, 1),
(576, 18, 1222, 'Ele mesmo', '2017-12-09 10:35:02', NULL, NULL, 1),
(577, 15, 1223, 'Ele mesmo', '2017-12-09 10:35:20', NULL, NULL, 1),
(578, 16, 1223, 'Ele mesmo', '2017-12-09 10:35:20', NULL, NULL, 1),
(579, 17, 1223, 'Ele mesmo', '2017-12-09 10:35:20', NULL, NULL, 1),
(580, 18, 1223, 'Ele mesmo', '2017-12-09 10:35:20', NULL, NULL, 1),
(581, 15, 1224, 'Ele mesmo', '2017-12-09 10:35:38', NULL, NULL, 1),
(582, 16, 1224, 'Ele mesmo', '2017-12-09 10:35:38', NULL, NULL, 1),
(583, 17, 1224, 'Ele mesmo', '2017-12-09 10:35:38', NULL, NULL, 1),
(584, 18, 1224, 'Ele mesmo', '2017-12-09 10:35:38', NULL, NULL, 1),
(585, 15, 1225, 'Ele mesmo', '2017-12-09 10:35:55', NULL, NULL, 1),
(586, 16, 1225, 'Ele mesmo', '2017-12-09 10:35:55', NULL, NULL, 1),
(587, 17, 1225, 'Ele mesmo', '2017-12-09 10:35:55', NULL, NULL, 1),
(588, 18, 1225, 'Ele mesmo', '2017-12-09 10:35:55', NULL, NULL, 1),
(589, 15, 1226, 'Ele mesmo', '2017-12-09 10:36:20', NULL, NULL, 1),
(590, 16, 1226, 'Ele mesmo', '2017-12-09 10:36:20', NULL, NULL, 1),
(591, 17, 1226, 'Ele mesmo', '2017-12-09 10:36:20', NULL, NULL, 1),
(592, 18, 1226, 'Ele mesmo', '2017-12-09 10:36:20', NULL, NULL, 1),
(593, 15, 1227, 'Ele mesmo', '2017-12-09 10:36:59', NULL, NULL, 1),
(594, 16, 1227, 'Ele mesmo', '2017-12-09 10:36:59', NULL, NULL, 1),
(595, 17, 1227, 'Ele mesmo', '2017-12-09 10:36:59', NULL, NULL, 1),
(596, 18, 1227, 'Ele mesmo', '2017-12-09 10:36:59', NULL, NULL, 1),
(597, 15, 1228, 'Ele mesmo', '2017-12-09 10:37:32', NULL, NULL, 1),
(598, 16, 1228, 'Ele mesmo', '2017-12-09 10:37:32', NULL, NULL, 1),
(599, 17, 1228, 'Ele mesmo', '2017-12-09 10:37:32', NULL, NULL, 1),
(600, 18, 1228, 'Ele mesmo', '2017-12-09 10:37:32', NULL, NULL, 1),
(601, 15, 1229, 'Ele mesmo', '2017-12-09 10:37:51', NULL, NULL, 1),
(602, 16, 1229, 'Ele mesmo', '2017-12-09 10:37:51', NULL, NULL, 1),
(603, 17, 1229, 'Ele mesmo', '2017-12-09 10:37:51', NULL, NULL, 1),
(604, 18, 1229, 'Ele mesmo', '2017-12-09 10:37:51', NULL, NULL, 1),
(605, 15, 1230, 'Ele mesmo', '2017-12-09 10:38:16', NULL, NULL, 1),
(606, 16, 1230, 'Ele mesmo', '2017-12-09 10:38:16', NULL, NULL, 1),
(607, 17, 1230, 'Ele mesmo', '2017-12-09 10:38:16', NULL, NULL, 1),
(608, 18, 1230, 'Ele mesmo', '2017-12-09 10:38:16', NULL, NULL, 1),
(609, 15, 1231, 'Ele mesmo', '2017-12-09 10:38:39', NULL, NULL, 1),
(610, 16, 1231, 'Ele mesmo', '2017-12-09 10:38:39', NULL, NULL, 1),
(611, 17, 1231, 'Ele mesmo', '2017-12-09 10:38:39', NULL, NULL, 1),
(612, 18, 1231, 'Ele mesmo', '2017-12-09 10:38:39', NULL, NULL, 1),
(613, 15, 1232, 'Ele mesmo', '2017-12-09 10:38:57', NULL, NULL, 1),
(614, 16, 1232, 'Ele mesmo', '2017-12-09 10:38:57', NULL, NULL, 1),
(615, 17, 1232, 'Ele mesmo', '2017-12-09 10:38:57', NULL, NULL, 1),
(616, 18, 1232, 'Ele mesmo', '2017-12-09 10:38:57', NULL, NULL, 1),
(617, 15, 1233, 'Ele mesmo', '2017-12-09 10:39:33', NULL, NULL, 1),
(618, 16, 1233, 'Ele mesmo', '2017-12-09 10:39:33', NULL, NULL, 1),
(619, 17, 1233, 'Ele mesmo', '2017-12-09 10:39:33', NULL, NULL, 1),
(620, 18, 1233, 'Ele mesmo', '2017-12-09 10:39:33', NULL, NULL, 1),
(621, 15, 1234, 'Ele mesmo', '2017-12-09 10:40:09', NULL, NULL, 1),
(622, 16, 1234, 'Ele mesmo', '2017-12-09 10:40:09', NULL, NULL, 1),
(623, 17, 1234, 'Ele mesmo', '2017-12-09 10:40:09', NULL, NULL, 1),
(624, 18, 1234, 'Ele mesmo', '2017-12-09 10:40:09', NULL, NULL, 1),
(625, 15, 1235, 'Ele mesmo', '2017-12-09 10:40:50', NULL, NULL, 1),
(626, 16, 1235, 'Ele mesmo', '2017-12-09 10:40:50', NULL, NULL, 1),
(627, 17, 1235, 'Ele mesmo', '2017-12-09 10:40:50', NULL, NULL, 1),
(628, 18, 1235, 'Ele mesmo', '2017-12-09 10:40:50', NULL, NULL, 1),
(629, 15, 1236, 'Ele mesmo', '2017-12-09 11:02:51', NULL, NULL, 1),
(630, 16, 1236, 'Ele mesmo', '2017-12-09 11:02:51', NULL, NULL, 1),
(631, 17, 1236, 'Ele mesmo', '2017-12-09 11:02:51', NULL, NULL, 1),
(632, 18, 1236, 'Ele mesmo', '2017-12-09 11:02:51', NULL, NULL, 1),
(633, 15, 1237, 'Ele mesmo', '2017-12-09 11:03:13', NULL, NULL, 1),
(634, 16, 1237, 'Ele mesmo', '2017-12-09 11:03:13', NULL, NULL, 1),
(635, 17, 1237, 'Ele mesmo', '2017-12-09 11:03:13', NULL, NULL, 1),
(636, 18, 1237, 'Ele mesmo', '2017-12-09 11:03:13', NULL, NULL, 1),
(637, 15, 1238, 'Ele mesmo', '2017-12-09 11:03:40', NULL, NULL, 1),
(638, 16, 1238, 'Ele mesmo', '2017-12-09 11:03:40', NULL, NULL, 1),
(639, 17, 1238, 'Ele mesmo', '2017-12-09 11:03:40', NULL, NULL, 1),
(640, 18, 1238, 'Ele mesmo', '2017-12-09 11:03:40', NULL, NULL, 1),
(641, 15, 1239, 'Ele mesmo', '2017-12-09 11:04:00', NULL, NULL, 1),
(642, 16, 1239, 'Ele mesmo', '2017-12-09 11:04:00', NULL, NULL, 1),
(643, 17, 1239, 'Ele mesmo', '2017-12-09 11:04:00', NULL, NULL, 1),
(644, 18, 1239, 'Ele mesmo', '2017-12-09 11:04:00', NULL, NULL, 1),
(645, 15, 1240, 'Ele mesmo', '2017-12-09 11:05:51', NULL, NULL, 1),
(646, 16, 1240, 'Ele mesmo', '2017-12-09 11:05:51', NULL, NULL, 1),
(647, 17, 1240, 'Ele mesmo', '2017-12-09 11:05:51', NULL, NULL, 1),
(648, 18, 1240, 'Ele mesmo', '2017-12-09 11:05:51', NULL, NULL, 1),
(649, 15, 1241, 'Ele mesmo', '2017-12-09 11:07:11', NULL, NULL, 1),
(650, 16, 1241, 'Ele mesmo', '2017-12-09 11:07:11', NULL, NULL, 1),
(651, 17, 1241, 'Ele mesmo', '2017-12-09 11:07:11', NULL, NULL, 1),
(652, 18, 1241, 'Ele mesmo', '2017-12-09 11:07:11', NULL, NULL, 1),
(653, 15, 1242, 'Ele mesmo', '2017-12-09 11:07:49', NULL, NULL, 1),
(654, 16, 1242, 'Ele mesmo', '2017-12-09 11:07:49', NULL, NULL, 1),
(655, 17, 1242, 'Ele mesmo', '2017-12-09 11:07:49', NULL, NULL, 1),
(656, 18, 1242, 'Ele mesmo', '2017-12-09 11:07:49', NULL, NULL, 1),
(657, 15, 1243, 'Ele mesmo', '2017-12-09 11:08:12', NULL, NULL, 1),
(658, 16, 1243, 'Ele mesmo', '2017-12-09 11:08:12', NULL, NULL, 1),
(659, 17, 1243, 'Ele mesmo', '2017-12-09 11:08:12', NULL, NULL, 1),
(660, 18, 1243, 'Ele mesmo', '2017-12-09 11:08:12', NULL, NULL, 1),
(661, 15, 1244, 'Ele mesmo', '2017-12-09 11:09:19', NULL, NULL, 1),
(662, 16, 1244, 'Ele mesmo', '2017-12-09 11:09:19', NULL, NULL, 1),
(663, 17, 1244, 'Ele mesmo', '2017-12-09 11:09:19', NULL, NULL, 1),
(664, 18, 1244, 'Ele mesmo', '2017-12-09 11:09:19', NULL, NULL, 1),
(665, 15, 1245, 'Ele mesmo', '2017-12-09 11:09:42', NULL, NULL, 1),
(666, 16, 1245, 'Ele mesmo', '2017-12-09 11:09:42', NULL, NULL, 1),
(667, 17, 1245, 'Ele mesmo', '2017-12-09 11:09:42', NULL, NULL, 1),
(668, 18, 1245, 'Ele mesmo', '2017-12-09 11:09:42', NULL, NULL, 1),
(669, 15, 1246, 'Ele mesmo', '2017-12-09 11:10:05', NULL, NULL, 1),
(670, 16, 1246, 'Ele mesmo', '2017-12-09 11:10:05', NULL, NULL, 1),
(671, 17, 1246, 'Ele mesmo', '2017-12-09 11:10:05', NULL, NULL, 1),
(672, 18, 1246, 'Ele mesmo', '2017-12-09 11:10:05', NULL, NULL, 1),
(673, 15, 1247, 'Ele mesmo', '2017-12-09 11:10:46', NULL, NULL, 1),
(674, 16, 1247, 'Ele mesmo', '2017-12-09 11:10:46', NULL, NULL, 1),
(675, 17, 1247, 'Ele mesmo', '2017-12-09 11:10:46', NULL, NULL, 1),
(676, 18, 1247, 'Ele mesmo', '2017-12-09 11:10:46', NULL, NULL, 1),
(677, 15, 1248, 'Ele mesmo', '2017-12-09 11:11:09', NULL, NULL, 1),
(678, 16, 1248, 'Ele mesmo', '2017-12-09 11:11:09', NULL, NULL, 1),
(679, 17, 1248, 'Ele mesmo', '2017-12-09 11:11:09', NULL, NULL, 1),
(680, 18, 1248, 'Ele mesmo', '2017-12-09 11:11:09', NULL, NULL, 1),
(681, 15, 1249, 'Ele mesmo', '2017-12-09 11:11:28', NULL, NULL, 1),
(682, 16, 1249, 'Ele mesmo', '2017-12-09 11:11:28', NULL, NULL, 1),
(683, 17, 1249, 'Ele mesmo', '2017-12-09 11:11:28', NULL, NULL, 1),
(684, 18, 1249, 'Ele mesmo', '2017-12-09 11:11:28', NULL, NULL, 1),
(685, 15, 1250, 'Ele mesmo', '2017-12-09 11:11:46', NULL, NULL, 1),
(686, 16, 1250, 'Ele mesmo', '2017-12-09 11:11:46', NULL, NULL, 1),
(687, 17, 1250, 'Ele mesmo', '2017-12-09 11:11:46', NULL, NULL, 1),
(688, 18, 1250, 'Ele mesmo', '2017-12-09 11:11:46', NULL, NULL, 1),
(689, 15, 1251, 'Ele mesmo', '2017-12-09 11:12:10', NULL, NULL, 1),
(690, 16, 1251, 'Ele mesmo', '2017-12-09 11:12:10', NULL, NULL, 1),
(691, 17, 1251, 'Ele mesmo', '2017-12-09 11:12:10', NULL, NULL, 1),
(692, 18, 1251, 'Ele mesmo', '2017-12-09 11:12:10', NULL, NULL, 1),
(693, 15, 1252, 'Ele mesmo', '2017-12-09 11:12:34', NULL, NULL, 1),
(694, 16, 1252, 'Ele mesmo', '2017-12-09 11:12:34', NULL, NULL, 1),
(695, 17, 1252, 'Ele mesmo', '2017-12-09 11:12:34', NULL, NULL, 1),
(696, 18, 1252, 'Ele mesmo', '2017-12-09 11:12:34', NULL, NULL, 1),
(697, 15, 1253, 'Ele mesmo', '2017-12-09 11:12:48', NULL, NULL, 1),
(698, 16, 1253, 'Ele mesmo', '2017-12-09 11:12:48', NULL, NULL, 1),
(699, 17, 1253, 'Ele mesmo', '2017-12-09 11:12:48', NULL, NULL, 1),
(700, 18, 1253, 'Ele mesmo', '2017-12-09 11:12:48', NULL, NULL, 1),
(701, 15, 1254, 'Ele mesmo', '2017-12-09 11:13:14', NULL, NULL, 1),
(702, 16, 1254, 'Ele mesmo', '2017-12-09 11:13:14', NULL, NULL, 1),
(703, 17, 1254, 'Ele mesmo', '2017-12-09 11:13:14', NULL, NULL, 1),
(704, 18, 1254, 'Ele mesmo', '2017-12-09 11:13:14', NULL, NULL, 1),
(705, 15, 1255, 'Ele mesmo', '2017-12-09 11:13:39', NULL, NULL, 1),
(706, 16, 1255, 'Ele mesmo', '2017-12-09 11:13:39', NULL, NULL, 1),
(707, 17, 1255, 'Ele mesmo', '2017-12-09 11:13:39', NULL, NULL, 1);
INSERT INTO `rl_prestador_procedimento` (`co_seq_prestador_procedimento`, `co_prestador`, `co_procedimento`, `nm_inclusao`, `dt_inclusao`, `nm_alteracao`, `dt_alteracao`, `st_registro`) VALUES
(708, 18, 1255, 'Ele mesmo', '2017-12-09 11:13:39', NULL, NULL, 1),
(709, 15, 1256, 'Ele mesmo', '2017-12-09 11:13:57', NULL, NULL, 1),
(710, 16, 1256, 'Ele mesmo', '2017-12-09 11:13:57', NULL, NULL, 1),
(711, 17, 1256, 'Ele mesmo', '2017-12-09 11:13:57', NULL, NULL, 1),
(712, 18, 1256, 'Ele mesmo', '2017-12-09 11:13:57', NULL, NULL, 1),
(713, 15, 1257, 'Ele mesmo', '2017-12-09 11:14:16', NULL, NULL, 1),
(714, 16, 1257, 'Ele mesmo', '2017-12-09 11:14:16', NULL, NULL, 1),
(715, 17, 1257, 'Ele mesmo', '2017-12-09 11:14:16', NULL, NULL, 1),
(716, 18, 1257, 'Ele mesmo', '2017-12-09 11:14:16', NULL, NULL, 1),
(717, 15, 1258, 'Ele mesmo', '2017-12-09 11:14:33', NULL, NULL, 1),
(718, 16, 1258, 'Ele mesmo', '2017-12-09 11:14:33', NULL, NULL, 1),
(719, 17, 1258, 'Ele mesmo', '2017-12-09 11:14:33', NULL, NULL, 1),
(720, 18, 1258, 'Ele mesmo', '2017-12-09 11:14:33', NULL, NULL, 1),
(721, 15, 1259, 'Ele mesmo', '2017-12-09 11:14:58', NULL, NULL, 1),
(722, 16, 1259, 'Ele mesmo', '2017-12-09 11:14:58', NULL, NULL, 1),
(723, 17, 1259, 'Ele mesmo', '2017-12-09 11:14:58', NULL, NULL, 1),
(724, 18, 1259, 'Ele mesmo', '2017-12-09 11:14:58', NULL, NULL, 1),
(725, 15, 1260, 'Ele mesmo', '2017-12-09 11:15:14', NULL, NULL, 1),
(726, 16, 1260, 'Ele mesmo', '2017-12-09 11:15:14', NULL, NULL, 1),
(727, 17, 1260, 'Ele mesmo', '2017-12-09 11:15:14', NULL, NULL, 1),
(728, 18, 1260, 'Ele mesmo', '2017-12-09 11:15:14', NULL, NULL, 1),
(729, 15, 1261, 'Ele mesmo', '2017-12-09 11:16:11', NULL, NULL, 1),
(730, 16, 1261, 'Ele mesmo', '2017-12-09 11:16:11', NULL, NULL, 1),
(731, 17, 1261, 'Ele mesmo', '2017-12-09 11:16:11', NULL, NULL, 1),
(732, 18, 1261, 'Ele mesmo', '2017-12-09 11:16:11', NULL, NULL, 1),
(733, 15, 1262, 'Ele mesmo', '2017-12-09 11:16:26', NULL, NULL, 1),
(734, 16, 1262, 'Ele mesmo', '2017-12-09 11:16:26', NULL, NULL, 1),
(735, 17, 1262, 'Ele mesmo', '2017-12-09 11:16:26', NULL, NULL, 1),
(736, 18, 1262, 'Ele mesmo', '2017-12-09 11:16:26', NULL, NULL, 1),
(737, 15, 1263, 'Ele mesmo', '2017-12-09 11:16:44', NULL, NULL, 1),
(738, 16, 1263, 'Ele mesmo', '2017-12-09 11:16:44', NULL, NULL, 1),
(739, 17, 1263, 'Ele mesmo', '2017-12-09 11:16:44', NULL, NULL, 1),
(740, 18, 1263, 'Ele mesmo', '2017-12-09 11:16:44', NULL, NULL, 1),
(741, 15, 1264, 'Ele mesmo', '2017-12-09 11:17:09', NULL, NULL, 1),
(742, 16, 1264, 'Ele mesmo', '2017-12-09 11:17:09', NULL, NULL, 1),
(743, 17, 1264, 'Ele mesmo', '2017-12-09 11:17:09', NULL, NULL, 1),
(744, 18, 1264, 'Ele mesmo', '2017-12-09 11:17:09', NULL, NULL, 1),
(745, 15, 1265, 'Ele mesmo', '2017-12-09 11:17:33', NULL, NULL, 1),
(746, 16, 1265, 'Ele mesmo', '2017-12-09 11:17:33', NULL, NULL, 1),
(747, 17, 1265, 'Ele mesmo', '2017-12-09 11:17:33', NULL, NULL, 1),
(748, 18, 1265, 'Ele mesmo', '2017-12-09 11:17:33', NULL, NULL, 1),
(749, 15, 1266, 'Ele mesmo', '2017-12-09 11:17:57', NULL, NULL, 1),
(750, 16, 1266, 'Ele mesmo', '2017-12-09 11:17:57', NULL, NULL, 1),
(751, 17, 1266, 'Ele mesmo', '2017-12-09 11:17:57', NULL, NULL, 1),
(752, 18, 1266, 'Ele mesmo', '2017-12-09 11:17:57', NULL, NULL, 1),
(753, 15, 1267, 'Ele mesmo', '2017-12-09 11:18:24', NULL, NULL, 1),
(754, 16, 1267, 'Ele mesmo', '2017-12-09 11:18:24', NULL, NULL, 1),
(755, 17, 1267, 'Ele mesmo', '2017-12-09 11:18:24', NULL, NULL, 1),
(756, 18, 1267, 'Ele mesmo', '2017-12-09 11:18:24', NULL, NULL, 1),
(757, 15, 1268, 'Ele mesmo', '2017-12-09 11:18:40', NULL, NULL, 1),
(758, 16, 1268, 'Ele mesmo', '2017-12-09 11:18:40', NULL, NULL, 1),
(759, 17, 1268, 'Ele mesmo', '2017-12-09 11:18:40', NULL, NULL, 1),
(760, 18, 1268, 'Ele mesmo', '2017-12-09 11:18:40', NULL, NULL, 1),
(761, 15, 1269, 'Ele mesmo', '2017-12-09 11:18:55', NULL, NULL, 1),
(762, 16, 1269, 'Ele mesmo', '2017-12-09 11:18:55', NULL, NULL, 1),
(763, 17, 1269, 'Ele mesmo', '2017-12-09 11:18:55', NULL, NULL, 1),
(764, 18, 1269, 'Ele mesmo', '2017-12-09 11:18:55', NULL, NULL, 1),
(765, 15, 1270, 'Ele mesmo', '2017-12-09 11:19:23', NULL, NULL, 1),
(766, 16, 1270, 'Ele mesmo', '2017-12-09 11:19:23', NULL, NULL, 1),
(767, 17, 1270, 'Ele mesmo', '2017-12-09 11:19:23', NULL, NULL, 1),
(768, 18, 1270, 'Ele mesmo', '2017-12-09 11:19:23', NULL, NULL, 1),
(769, 15, 1271, 'Ele mesmo', '2017-12-09 11:19:48', NULL, NULL, 1),
(770, 16, 1271, 'Ele mesmo', '2017-12-09 11:19:48', NULL, NULL, 1),
(771, 17, 1271, 'Ele mesmo', '2017-12-09 11:19:48', NULL, NULL, 1),
(772, 18, 1271, 'Ele mesmo', '2017-12-09 11:19:48', NULL, NULL, 1),
(773, 15, 1272, 'Ele mesmo', '2017-12-09 11:20:19', NULL, NULL, 1),
(774, 16, 1272, 'Ele mesmo', '2017-12-09 11:20:19', NULL, NULL, 1),
(775, 17, 1272, 'Ele mesmo', '2017-12-09 11:20:19', NULL, NULL, 1),
(776, 18, 1272, 'Ele mesmo', '2017-12-09 11:20:19', NULL, NULL, 1),
(777, 15, 1273, 'Ele mesmo', '2017-12-09 11:20:37', NULL, NULL, 1),
(778, 16, 1273, 'Ele mesmo', '2017-12-09 11:20:37', NULL, NULL, 1),
(779, 17, 1273, 'Ele mesmo', '2017-12-09 11:20:37', NULL, NULL, 1),
(780, 18, 1273, 'Ele mesmo', '2017-12-09 11:20:37', NULL, NULL, 1),
(781, 15, 1274, 'Ele mesmo', '2017-12-09 11:20:55', NULL, NULL, 1),
(782, 16, 1274, 'Ele mesmo', '2017-12-09 11:20:55', NULL, NULL, 1),
(783, 17, 1274, 'Ele mesmo', '2017-12-09 11:20:55', NULL, NULL, 1),
(784, 18, 1274, 'Ele mesmo', '2017-12-09 11:20:55', NULL, NULL, 1),
(785, 15, 1275, 'Ele mesmo', '2017-12-09 11:21:10', NULL, NULL, 1),
(786, 16, 1275, 'Ele mesmo', '2017-12-09 11:21:10', NULL, NULL, 1),
(787, 17, 1275, 'Ele mesmo', '2017-12-09 11:21:10', NULL, NULL, 1),
(788, 18, 1275, 'Ele mesmo', '2017-12-09 11:21:10', NULL, NULL, 1),
(789, 15, 1276, 'Ele mesmo', '2017-12-09 11:21:29', NULL, NULL, 1),
(790, 16, 1276, 'Ele mesmo', '2017-12-09 11:21:29', NULL, NULL, 1),
(791, 17, 1276, 'Ele mesmo', '2017-12-09 11:21:29', NULL, NULL, 1),
(792, 18, 1276, 'Ele mesmo', '2017-12-09 11:21:29', NULL, NULL, 1),
(793, 15, 1277, 'Ele mesmo', '2017-12-09 11:21:53', NULL, NULL, 1),
(794, 16, 1277, 'Ele mesmo', '2017-12-09 11:21:53', NULL, NULL, 1),
(795, 17, 1277, 'Ele mesmo', '2017-12-09 11:21:53', NULL, NULL, 1),
(796, 18, 1277, 'Ele mesmo', '2017-12-09 11:21:53', NULL, NULL, 1),
(797, 15, 1278, 'Ele mesmo', '2017-12-09 11:22:56', NULL, NULL, 1),
(798, 16, 1278, 'Ele mesmo', '2017-12-09 11:22:56', NULL, NULL, 1),
(799, 17, 1278, 'Ele mesmo', '2017-12-09 11:22:56', NULL, NULL, 1),
(800, 18, 1278, 'Ele mesmo', '2017-12-09 11:22:56', NULL, NULL, 1),
(801, 15, 1279, 'Ele mesmo', '2017-12-09 11:23:27', NULL, NULL, 1),
(802, 16, 1279, 'Ele mesmo', '2017-12-09 11:23:27', NULL, NULL, 1),
(803, 17, 1279, 'Ele mesmo', '2017-12-09 11:23:27', NULL, NULL, 1),
(804, 18, 1279, 'Ele mesmo', '2017-12-09 11:23:27', NULL, NULL, 1),
(805, 15, 1280, 'Ele mesmo', '2017-12-09 11:23:58', NULL, NULL, 1),
(806, 16, 1280, 'Ele mesmo', '2017-12-09 11:23:58', NULL, NULL, 1),
(807, 17, 1280, 'Ele mesmo', '2017-12-09 11:23:58', NULL, NULL, 1),
(808, 18, 1280, 'Ele mesmo', '2017-12-09 11:23:58', NULL, NULL, 1),
(809, 15, 1281, 'Ele mesmo', '2017-12-09 11:24:25', NULL, NULL, 1),
(810, 16, 1281, 'Ele mesmo', '2017-12-09 11:24:25', NULL, NULL, 1),
(811, 17, 1281, 'Ele mesmo', '2017-12-09 11:24:25', NULL, NULL, 1),
(812, 18, 1281, 'Ele mesmo', '2017-12-09 11:24:25', NULL, NULL, 1),
(813, 15, 1282, 'Ele mesmo', '2017-12-09 11:25:52', NULL, NULL, 1),
(814, 16, 1282, 'Ele mesmo', '2017-12-09 11:25:52', NULL, NULL, 1),
(815, 17, 1282, 'Ele mesmo', '2017-12-09 11:25:52', NULL, NULL, 1),
(816, 18, 1282, 'Ele mesmo', '2017-12-09 11:25:52', NULL, NULL, 1),
(817, 15, 1283, 'Ele mesmo', '2017-12-09 11:26:27', NULL, NULL, 1),
(818, 16, 1283, 'Ele mesmo', '2017-12-09 11:26:27', NULL, NULL, 1),
(819, 17, 1283, 'Ele mesmo', '2017-12-09 11:26:27', NULL, NULL, 1),
(820, 18, 1283, 'Ele mesmo', '2017-12-09 11:26:27', NULL, NULL, 1),
(821, 15, 1284, 'Ele mesmo', '2017-12-09 11:26:53', NULL, NULL, 1),
(822, 16, 1284, 'Ele mesmo', '2017-12-09 11:26:53', NULL, NULL, 1),
(823, 17, 1284, 'Ele mesmo', '2017-12-09 11:26:53', NULL, NULL, 1),
(824, 18, 1284, 'Ele mesmo', '2017-12-09 11:26:53', NULL, NULL, 1),
(825, 15, 1285, 'Ele mesmo', '2017-12-09 11:27:20', NULL, NULL, 1),
(826, 16, 1285, 'Ele mesmo', '2017-12-09 11:27:20', NULL, NULL, 1),
(827, 17, 1285, 'Ele mesmo', '2017-12-09 11:27:20', NULL, NULL, 1),
(828, 18, 1285, 'Ele mesmo', '2017-12-09 11:27:20', NULL, NULL, 1),
(829, 15, 1286, 'Ele mesmo', '2017-12-09 11:28:12', NULL, NULL, 1),
(830, 16, 1286, 'Ele mesmo', '2017-12-09 11:28:12', NULL, NULL, 1),
(831, 17, 1286, 'Ele mesmo', '2017-12-09 11:28:12', NULL, NULL, 1),
(832, 18, 1286, 'Ele mesmo', '2017-12-09 11:28:12', NULL, NULL, 1),
(833, 15, 1287, 'Ele mesmo', '2017-12-09 11:28:59', NULL, NULL, 1),
(834, 16, 1287, 'Ele mesmo', '2017-12-09 11:28:59', NULL, NULL, 1),
(835, 17, 1287, 'Ele mesmo', '2017-12-09 11:28:59', NULL, NULL, 1),
(836, 18, 1287, 'Ele mesmo', '2017-12-09 11:28:59', NULL, NULL, 1),
(837, 15, 1288, 'Ele mesmo', '2017-12-09 11:29:35', NULL, NULL, 1),
(838, 16, 1288, 'Ele mesmo', '2017-12-09 11:29:35', NULL, NULL, 1),
(839, 17, 1288, 'Ele mesmo', '2017-12-09 11:29:35', NULL, NULL, 1),
(840, 18, 1288, 'Ele mesmo', '2017-12-09 11:29:35', NULL, NULL, 1),
(841, 15, 1289, 'Ele mesmo', '2017-12-09 11:29:53', NULL, NULL, 1),
(842, 16, 1289, 'Ele mesmo', '2017-12-09 11:29:53', NULL, NULL, 1),
(843, 17, 1289, 'Ele mesmo', '2017-12-09 11:29:53', NULL, NULL, 1),
(844, 18, 1289, 'Ele mesmo', '2017-12-09 11:29:53', NULL, NULL, 1),
(845, 15, 1290, 'Ele mesmo', '2017-12-09 11:30:09', NULL, NULL, 1),
(846, 16, 1290, 'Ele mesmo', '2017-12-09 11:30:09', NULL, NULL, 1),
(847, 17, 1290, 'Ele mesmo', '2017-12-09 11:30:09', NULL, NULL, 1),
(848, 18, 1290, 'Ele mesmo', '2017-12-09 11:30:09', NULL, NULL, 1),
(849, 15, 1291, 'Ele mesmo', '2017-12-09 11:30:26', NULL, NULL, 1),
(850, 16, 1291, 'Ele mesmo', '2017-12-09 11:30:26', NULL, NULL, 1),
(851, 17, 1291, 'Ele mesmo', '2017-12-09 11:30:26', NULL, NULL, 1),
(852, 18, 1291, 'Ele mesmo', '2017-12-09 11:30:26', NULL, NULL, 1),
(853, 15, 1292, 'Ele mesmo', '2017-12-09 11:30:45', NULL, NULL, 1),
(854, 16, 1292, 'Ele mesmo', '2017-12-09 11:30:45', NULL, NULL, 1),
(855, 17, 1292, 'Ele mesmo', '2017-12-09 11:30:45', NULL, NULL, 1),
(856, 18, 1292, 'Ele mesmo', '2017-12-09 11:30:45', NULL, NULL, 1),
(857, 15, 1293, 'Ele mesmo', '2017-12-09 11:31:04', NULL, NULL, 1),
(858, 16, 1293, 'Ele mesmo', '2017-12-09 11:31:04', NULL, NULL, 1),
(859, 17, 1293, 'Ele mesmo', '2017-12-09 11:31:04', NULL, NULL, 1),
(860, 18, 1293, 'Ele mesmo', '2017-12-09 11:31:04', NULL, NULL, 1),
(861, 15, 1294, 'Ele mesmo', '2017-12-09 11:31:26', NULL, NULL, 1),
(862, 16, 1294, 'Ele mesmo', '2017-12-09 11:31:26', NULL, NULL, 1),
(863, 17, 1294, 'Ele mesmo', '2017-12-09 11:31:26', NULL, NULL, 1),
(864, 18, 1294, 'Ele mesmo', '2017-12-09 11:31:26', NULL, NULL, 1),
(865, 15, 1295, 'Ele mesmo', '2017-12-09 11:31:51', NULL, NULL, 1),
(866, 16, 1295, 'Ele mesmo', '2017-12-09 11:31:51', NULL, NULL, 1),
(867, 17, 1295, 'Ele mesmo', '2017-12-09 11:31:51', NULL, NULL, 1),
(868, 18, 1295, 'Ele mesmo', '2017-12-09 11:31:51', NULL, NULL, 1),
(869, 15, 1296, 'Ele mesmo', '2017-12-09 11:32:08', NULL, NULL, 1),
(870, 16, 1296, 'Ele mesmo', '2017-12-09 11:32:08', NULL, NULL, 1),
(871, 17, 1296, 'Ele mesmo', '2017-12-09 11:32:08', NULL, NULL, 1),
(872, 18, 1296, 'Ele mesmo', '2017-12-09 11:32:08', NULL, NULL, 1),
(873, 15, 1297, 'Ele mesmo', '2017-12-09 11:32:30', NULL, NULL, 1),
(874, 16, 1297, 'Ele mesmo', '2017-12-09 11:32:30', NULL, NULL, 1),
(875, 17, 1297, 'Ele mesmo', '2017-12-09 11:32:30', NULL, NULL, 1),
(876, 18, 1297, 'Ele mesmo', '2017-12-09 11:32:30', NULL, NULL, 1),
(877, 15, 1298, 'Ele mesmo', '2017-12-09 11:32:55', NULL, NULL, 1),
(878, 16, 1298, 'Ele mesmo', '2017-12-09 11:32:55', NULL, NULL, 1),
(879, 17, 1298, 'Ele mesmo', '2017-12-09 11:32:55', NULL, NULL, 1),
(880, 18, 1298, 'Ele mesmo', '2017-12-09 11:32:55', NULL, NULL, 1),
(881, 15, 1299, 'Ele mesmo', '2017-12-09 11:35:05', NULL, NULL, 1),
(882, 16, 1299, 'Ele mesmo', '2017-12-09 11:35:05', NULL, NULL, 1),
(883, 17, 1299, 'Ele mesmo', '2017-12-09 11:35:05', NULL, NULL, 1),
(884, 18, 1299, 'Ele mesmo', '2017-12-09 11:35:05', NULL, NULL, 1),
(885, 15, 1300, 'Ele mesmo', '2017-12-09 11:35:26', NULL, NULL, 1),
(886, 16, 1300, 'Ele mesmo', '2017-12-09 11:35:26', NULL, NULL, 1),
(887, 17, 1300, 'Ele mesmo', '2017-12-09 11:35:26', NULL, NULL, 1),
(888, 18, 1300, 'Ele mesmo', '2017-12-09 11:35:26', NULL, NULL, 1),
(889, 15, 1301, 'Ele mesmo', '2017-12-09 11:35:51', NULL, NULL, 1),
(890, 16, 1301, 'Ele mesmo', '2017-12-09 11:35:51', NULL, NULL, 1),
(891, 17, 1301, 'Ele mesmo', '2017-12-09 11:35:51', NULL, NULL, 1),
(892, 18, 1301, 'Ele mesmo', '2017-12-09 11:35:51', NULL, NULL, 1),
(893, 15, 1302, 'Ele mesmo', '2017-12-09 11:36:09', NULL, NULL, 1),
(894, 16, 1302, 'Ele mesmo', '2017-12-09 11:36:09', NULL, NULL, 1),
(895, 17, 1302, 'Ele mesmo', '2017-12-09 11:36:09', NULL, NULL, 1),
(896, 18, 1302, 'Ele mesmo', '2017-12-09 11:36:09', NULL, NULL, 1),
(897, 15, 1303, 'Ele mesmo', '2017-12-09 11:36:28', NULL, NULL, 1),
(898, 16, 1303, 'Ele mesmo', '2017-12-09 11:36:28', NULL, NULL, 1),
(899, 17, 1303, 'Ele mesmo', '2017-12-09 11:36:28', NULL, NULL, 1),
(900, 18, 1303, 'Ele mesmo', '2017-12-09 11:36:28', NULL, NULL, 1),
(901, 15, 1304, 'Ele mesmo', '2017-12-09 11:36:47', NULL, NULL, 1),
(902, 16, 1304, 'Ele mesmo', '2017-12-09 11:36:47', NULL, NULL, 1),
(903, 17, 1304, 'Ele mesmo', '2017-12-09 11:36:47', NULL, NULL, 1),
(904, 18, 1304, 'Ele mesmo', '2017-12-09 11:36:47', NULL, NULL, 1),
(905, 15, 1305, 'Ele mesmo', '2017-12-09 11:37:04', NULL, NULL, 1),
(906, 16, 1305, 'Ele mesmo', '2017-12-09 11:37:04', NULL, NULL, 1),
(907, 17, 1305, 'Ele mesmo', '2017-12-09 11:37:04', NULL, NULL, 1),
(908, 18, 1305, 'Ele mesmo', '2017-12-09 11:37:04', NULL, NULL, 1),
(909, 15, 1306, 'Ele mesmo', '2017-12-09 11:37:27', NULL, NULL, 1),
(910, 16, 1306, 'Ele mesmo', '2017-12-09 11:37:27', NULL, NULL, 1),
(911, 17, 1306, 'Ele mesmo', '2017-12-09 11:37:27', NULL, NULL, 1),
(912, 18, 1306, 'Ele mesmo', '2017-12-09 11:37:27', NULL, NULL, 1),
(913, 15, 1307, 'Ele mesmo', '2017-12-09 11:38:06', NULL, NULL, 1),
(914, 16, 1307, 'Ele mesmo', '2017-12-09 11:38:06', NULL, NULL, 1),
(915, 17, 1307, 'Ele mesmo', '2017-12-09 11:38:06', NULL, NULL, 1),
(916, 18, 1307, 'Ele mesmo', '2017-12-09 11:38:06', NULL, NULL, 1),
(917, 15, 1308, 'Ele mesmo', '2017-12-09 11:38:24', NULL, NULL, 1),
(918, 16, 1308, 'Ele mesmo', '2017-12-09 11:38:24', NULL, NULL, 1),
(919, 17, 1308, 'Ele mesmo', '2017-12-09 11:38:24', NULL, NULL, 1),
(920, 18, 1308, 'Ele mesmo', '2017-12-09 11:38:24', NULL, NULL, 1),
(921, 15, 1309, 'Ele mesmo', '2017-12-09 11:38:52', NULL, NULL, 1),
(922, 16, 1309, 'Ele mesmo', '2017-12-09 11:38:52', NULL, NULL, 1),
(923, 17, 1309, 'Ele mesmo', '2017-12-09 11:38:52', NULL, NULL, 1),
(924, 18, 1309, 'Ele mesmo', '2017-12-09 11:38:52', NULL, NULL, 1),
(925, 15, 1310, 'Ele mesmo', '2017-12-09 11:39:11', NULL, NULL, 1),
(926, 16, 1310, 'Ele mesmo', '2017-12-09 11:39:11', NULL, NULL, 1),
(927, 17, 1310, 'Ele mesmo', '2017-12-09 11:39:11', NULL, NULL, 1),
(928, 18, 1310, 'Ele mesmo', '2017-12-09 11:39:11', NULL, NULL, 1),
(929, 15, 1311, 'Ele mesmo', '2017-12-09 11:39:31', NULL, NULL, 1),
(930, 16, 1311, 'Ele mesmo', '2017-12-09 11:39:31', NULL, NULL, 1),
(931, 17, 1311, 'Ele mesmo', '2017-12-09 11:39:31', NULL, NULL, 1),
(932, 18, 1311, 'Ele mesmo', '2017-12-09 11:39:31', NULL, NULL, 1),
(933, 15, 1312, 'Ele mesmo', '2017-12-09 11:39:49', NULL, NULL, 1),
(934, 16, 1312, 'Ele mesmo', '2017-12-09 11:39:49', NULL, NULL, 1),
(935, 17, 1312, 'Ele mesmo', '2017-12-09 11:39:49', NULL, NULL, 1),
(936, 18, 1312, 'Ele mesmo', '2017-12-09 11:39:49', NULL, NULL, 1),
(937, 15, 1313, 'Ele mesmo', '2017-12-09 11:40:06', NULL, NULL, 1),
(938, 16, 1313, 'Ele mesmo', '2017-12-09 11:40:06', NULL, NULL, 1),
(939, 17, 1313, 'Ele mesmo', '2017-12-09 11:40:06', NULL, NULL, 1),
(940, 18, 1313, 'Ele mesmo', '2017-12-09 11:40:06', NULL, NULL, 1),
(941, 15, 1314, 'Ele mesmo', '2017-12-09 11:40:30', NULL, NULL, 1),
(942, 16, 1314, 'Ele mesmo', '2017-12-09 11:40:30', NULL, NULL, 1),
(943, 17, 1314, 'Ele mesmo', '2017-12-09 11:40:30', NULL, NULL, 1),
(944, 18, 1314, 'Ele mesmo', '2017-12-09 11:40:30', NULL, NULL, 1),
(945, 15, 1315, 'Ele mesmo', '2017-12-09 11:40:51', NULL, NULL, 1),
(946, 16, 1315, 'Ele mesmo', '2017-12-09 11:40:51', NULL, NULL, 1),
(947, 17, 1315, 'Ele mesmo', '2017-12-09 11:40:51', NULL, NULL, 1),
(948, 18, 1315, 'Ele mesmo', '2017-12-09 11:40:51', NULL, NULL, 1),
(949, 15, 1316, 'Ele mesmo', '2017-12-09 11:41:07', NULL, NULL, 1),
(950, 16, 1316, 'Ele mesmo', '2017-12-09 11:41:07', NULL, NULL, 1),
(951, 17, 1316, 'Ele mesmo', '2017-12-09 11:41:07', NULL, NULL, 1),
(952, 18, 1316, 'Ele mesmo', '2017-12-09 11:41:07', NULL, NULL, 1),
(953, 15, 1317, 'Ele mesmo', '2017-12-09 11:41:25', NULL, NULL, 1),
(954, 16, 1317, 'Ele mesmo', '2017-12-09 11:41:25', NULL, NULL, 1),
(955, 17, 1317, 'Ele mesmo', '2017-12-09 11:41:25', NULL, NULL, 1),
(956, 18, 1317, 'Ele mesmo', '2017-12-09 11:41:25', NULL, NULL, 1),
(957, 15, 1318, 'Ele mesmo', '2017-12-09 11:41:48', NULL, NULL, 1),
(958, 16, 1318, 'Ele mesmo', '2017-12-09 11:41:48', NULL, NULL, 1),
(959, 17, 1318, 'Ele mesmo', '2017-12-09 11:41:48', NULL, NULL, 1),
(960, 18, 1318, 'Ele mesmo', '2017-12-09 11:41:48', NULL, NULL, 1),
(961, 15, 1319, 'Ele mesmo', '2017-12-09 11:42:06', NULL, NULL, 1),
(962, 16, 1319, 'Ele mesmo', '2017-12-09 11:42:06', NULL, NULL, 1),
(963, 17, 1319, 'Ele mesmo', '2017-12-09 11:42:06', NULL, NULL, 1),
(964, 18, 1319, 'Ele mesmo', '2017-12-09 11:42:06', NULL, NULL, 1),
(965, 15, 1320, 'Ele mesmo', '2017-12-09 11:42:22', NULL, NULL, 1),
(966, 16, 1320, 'Ele mesmo', '2017-12-09 11:42:22', NULL, NULL, 1),
(967, 17, 1320, 'Ele mesmo', '2017-12-09 11:42:22', NULL, NULL, 1),
(968, 18, 1320, 'Ele mesmo', '2017-12-09 11:42:22', NULL, NULL, 1),
(969, 15, 1321, 'Ele mesmo', '2017-12-09 11:42:42', NULL, NULL, 1),
(970, 16, 1321, 'Ele mesmo', '2017-12-09 11:42:42', NULL, NULL, 1),
(971, 17, 1321, 'Ele mesmo', '2017-12-09 11:42:42', NULL, NULL, 1),
(972, 18, 1321, 'Ele mesmo', '2017-12-09 11:42:42', NULL, NULL, 1),
(973, 15, 1322, 'Ele mesmo', '2017-12-09 11:43:08', NULL, NULL, 1),
(974, 16, 1322, 'Ele mesmo', '2017-12-09 11:43:08', NULL, NULL, 1),
(975, 17, 1322, 'Ele mesmo', '2017-12-09 11:43:08', NULL, NULL, 1),
(976, 18, 1322, 'Ele mesmo', '2017-12-09 11:43:08', NULL, NULL, 1),
(977, 15, 1323, 'Ele mesmo', '2017-12-09 11:43:27', NULL, NULL, 1),
(978, 16, 1323, 'Ele mesmo', '2017-12-09 11:43:27', NULL, NULL, 1),
(979, 17, 1323, 'Ele mesmo', '2017-12-09 11:43:27', NULL, NULL, 1),
(980, 18, 1323, 'Ele mesmo', '2017-12-09 11:43:27', NULL, NULL, 1),
(981, 15, 1324, 'Ele mesmo', '2017-12-09 11:43:47', NULL, NULL, 1),
(982, 16, 1324, 'Ele mesmo', '2017-12-09 11:43:47', NULL, NULL, 1),
(983, 17, 1324, 'Ele mesmo', '2017-12-09 11:43:47', NULL, NULL, 1),
(984, 18, 1324, 'Ele mesmo', '2017-12-09 11:43:47', NULL, NULL, 1),
(985, 15, 1325, 'Ele mesmo', '2017-12-09 11:44:13', NULL, NULL, 1),
(986, 16, 1325, 'Ele mesmo', '2017-12-09 11:44:13', NULL, NULL, 1),
(987, 17, 1325, 'Ele mesmo', '2017-12-09 11:44:13', NULL, NULL, 1),
(988, 18, 1325, 'Ele mesmo', '2017-12-09 11:44:13', NULL, NULL, 1),
(989, 15, 1326, 'Ele mesmo', '2017-12-09 11:44:45', NULL, NULL, 1),
(990, 16, 1326, 'Ele mesmo', '2017-12-09 11:44:45', NULL, NULL, 1),
(991, 17, 1326, 'Ele mesmo', '2017-12-09 11:44:45', NULL, NULL, 1),
(992, 18, 1326, 'Ele mesmo', '2017-12-09 11:44:45', NULL, NULL, 1),
(993, 15, 1327, 'Ele mesmo', '2017-12-09 11:45:06', NULL, NULL, 1),
(994, 16, 1327, 'Ele mesmo', '2017-12-09 11:45:06', NULL, NULL, 1),
(995, 17, 1327, 'Ele mesmo', '2017-12-09 11:45:06', NULL, NULL, 1),
(996, 18, 1327, 'Ele mesmo', '2017-12-09 11:45:06', NULL, NULL, 1),
(997, 15, 1328, 'Ele mesmo', '2017-12-09 11:45:24', NULL, NULL, 1),
(998, 16, 1328, 'Ele mesmo', '2017-12-09 11:45:24', NULL, NULL, 1),
(999, 17, 1328, 'Ele mesmo', '2017-12-09 11:45:24', NULL, NULL, 1),
(1000, 18, 1328, 'Ele mesmo', '2017-12-09 11:45:24', NULL, NULL, 1),
(1001, 15, 1329, 'Ele mesmo', '2017-12-09 11:45:41', NULL, NULL, 1),
(1002, 16, 1329, 'Ele mesmo', '2017-12-09 11:45:41', NULL, NULL, 1),
(1003, 17, 1329, 'Ele mesmo', '2017-12-09 11:45:41', NULL, NULL, 1),
(1004, 18, 1329, 'Ele mesmo', '2017-12-09 11:45:41', NULL, NULL, 1),
(1005, 15, 1330, 'Ele mesmo', '2017-12-09 11:46:00', NULL, NULL, 1),
(1006, 16, 1330, 'Ele mesmo', '2017-12-09 11:46:00', NULL, NULL, 1),
(1007, 17, 1330, 'Ele mesmo', '2017-12-09 11:46:00', NULL, NULL, 1),
(1008, 18, 1330, 'Ele mesmo', '2017-12-09 11:46:00', NULL, NULL, 1),
(1009, 15, 1331, 'Ele mesmo', '2017-12-09 11:46:21', NULL, NULL, 1),
(1010, 16, 1331, 'Ele mesmo', '2017-12-09 11:46:21', NULL, NULL, 1),
(1011, 17, 1331, 'Ele mesmo', '2017-12-09 11:46:21', NULL, NULL, 1),
(1012, 18, 1331, 'Ele mesmo', '2017-12-09 11:46:21', NULL, NULL, 1),
(1013, 15, 1332, 'Ele mesmo', '2017-12-09 11:46:39', NULL, NULL, 1),
(1014, 16, 1332, 'Ele mesmo', '2017-12-09 11:46:39', NULL, NULL, 1),
(1015, 17, 1332, 'Ele mesmo', '2017-12-09 11:46:39', NULL, NULL, 1),
(1016, 18, 1332, 'Ele mesmo', '2017-12-09 11:46:39', NULL, NULL, 1),
(1017, 15, 1333, 'Ele mesmo', '2017-12-09 11:46:56', NULL, NULL, 1),
(1018, 16, 1333, 'Ele mesmo', '2017-12-09 11:46:56', NULL, NULL, 1),
(1019, 17, 1333, 'Ele mesmo', '2017-12-09 11:46:56', NULL, NULL, 1),
(1020, 18, 1333, 'Ele mesmo', '2017-12-09 11:46:56', NULL, NULL, 1),
(1021, 15, 1334, 'Ele mesmo', '2017-12-09 11:47:14', NULL, NULL, 1),
(1022, 16, 1334, 'Ele mesmo', '2017-12-09 11:47:14', NULL, NULL, 1),
(1023, 17, 1334, 'Ele mesmo', '2017-12-09 11:47:14', NULL, NULL, 1),
(1024, 18, 1334, 'Ele mesmo', '2017-12-09 11:47:14', NULL, NULL, 1),
(1025, 15, 1335, 'Ele mesmo', '2017-12-09 11:47:36', NULL, NULL, 1),
(1026, 16, 1335, 'Ele mesmo', '2017-12-09 11:47:36', NULL, NULL, 1),
(1027, 17, 1335, 'Ele mesmo', '2017-12-09 11:47:36', NULL, NULL, 1),
(1028, 18, 1335, 'Ele mesmo', '2017-12-09 11:47:36', NULL, NULL, 1),
(1029, 15, 1336, 'Ele mesmo', '2017-12-09 11:48:00', NULL, NULL, 1),
(1030, 16, 1336, 'Ele mesmo', '2017-12-09 11:48:00', NULL, NULL, 1),
(1031, 17, 1336, 'Ele mesmo', '2017-12-09 11:48:00', NULL, NULL, 1),
(1032, 18, 1336, 'Ele mesmo', '2017-12-09 11:48:00', NULL, NULL, 1),
(1033, 19, 1337, 'Ele mesmo', '2017-12-09 11:50:23', NULL, '2017-12-26 17:11:19', 2),
(1034, 19, 1338, 'Ele mesmo', '2017-12-09 11:50:50', NULL, '2017-12-26 17:11:19', 2),
(1035, 19, 1339, 'Ele mesmo', '2017-12-09 11:51:51', NULL, '2017-12-26 17:11:19', 2),
(1036, 19, 1340, 'Ele mesmo', '2017-12-09 11:52:18', NULL, '2017-12-26 17:11:19', 2),
(1037, 19, 1146, 'Ele mesmo', '2017-12-20 09:46:41', NULL, '2017-12-26 17:11:19', 2),
(1038, 19, 1145, 'Ele mesmo', '2017-12-20 09:46:41', NULL, '2017-12-26 17:11:19', 2),
(1039, 19, 1139, 'Ele mesmo', '2017-12-20 09:46:41', NULL, '2017-12-26 17:11:19', 2),
(1040, 19, 1138, 'Ele mesmo', '2017-12-20 09:46:41', NULL, '2017-12-26 17:11:19', 2),
(1041, 19, 1137, 'Ele mesmo', '2017-12-20 09:46:41', NULL, '2017-12-26 17:11:19', 2),
(1042, 19, 1136, 'Ele mesmo', '2017-12-20 09:46:41', NULL, '2017-12-26 17:11:19', 2),
(1043, 19, 1140, 'Ele mesmo', '2017-12-20 09:46:41', NULL, '2017-12-26 17:11:19', 2),
(1044, 19, 1142, 'Ele mesmo', '2017-12-20 09:46:41', NULL, '2017-12-26 17:11:19', 2),
(1045, 19, 1133, 'Ele mesmo', '2017-12-20 09:46:41', NULL, '2017-12-26 17:11:19', 2),
(1046, 19, 1132, 'Ele mesmo', '2017-12-20 09:46:41', NULL, '2017-12-26 17:11:19', 2),
(1047, 19, 1144, 'Ele mesmo', '2017-12-20 09:46:41', NULL, '2017-12-26 17:11:19', 2),
(1048, 19, 1143, 'Ele mesmo', '2017-12-20 09:46:41', NULL, '2017-12-26 17:11:19', 2),
(1049, 19, 1135, 'Ele mesmo', '2017-12-20 09:46:41', NULL, '2017-12-26 17:11:19', 2),
(1050, 19, 1134, 'Ele mesmo', '2017-12-20 09:46:41', NULL, '2017-12-26 17:11:19', 2),
(1051, 19, 1130, 'Ele mesmo', '2017-12-20 09:46:41', NULL, '2017-12-26 17:11:19', 2),
(1052, 19, 1147, 'Ele mesmo', '2017-12-20 09:46:41', NULL, '2017-12-26 17:11:19', 2),
(1053, 19, 1151, 'Ele mesmo', '2017-12-20 09:46:41', NULL, '2017-12-26 17:11:19', 2),
(1054, 19, 1150, 'Ele mesmo', '2017-12-20 09:46:41', NULL, '2017-12-26 17:11:19', 2),
(1055, 19, 1149, 'Ele mesmo', '2017-12-20 09:46:41', NULL, '2017-12-26 17:11:19', 2),
(1056, 19, 1148, 'Ele mesmo', '2017-12-20 09:46:41', NULL, '2017-12-26 17:11:19', 2),
(1057, 19, 1157, 'Ele mesmo', '2017-12-20 09:46:41', NULL, '2017-12-26 17:11:19', 2),
(1058, 19, 1156, 'Ele mesmo', '2017-12-20 09:46:41', NULL, '2017-12-26 17:11:19', 2),
(1059, 19, 1155, 'Ele mesmo', '2017-12-20 09:46:41', NULL, '2017-12-26 17:11:19', 2),
(1060, 19, 1154, 'Ele mesmo', '2017-12-20 09:46:41', NULL, '2017-12-26 17:11:19', 2),
(1061, 19, 1153, 'Ele mesmo', '2017-12-20 09:46:41', NULL, '2017-12-26 17:11:19', 2),
(1062, 19, 1152, 'Ele mesmo', '2017-12-20 09:46:41', NULL, '2017-12-26 17:11:19', 2),
(1063, 19, 1131, 'Ele mesmo', '2017-12-20 09:46:41', NULL, '2017-12-26 17:11:19', 2),
(1064, 19, 1159, 'Ele mesmo', '2017-12-20 09:46:41', NULL, '2017-12-26 17:11:19', 2),
(1065, 19, 1160, 'Ele mesmo', '2017-12-20 09:46:41', NULL, '2017-12-26 17:11:19', 2),
(1066, 19, 1337, 'Ele mesmo', '2017-12-20 09:46:41', NULL, '2017-12-26 17:11:19', 2),
(1067, 19, 1338, 'Ele mesmo', '2017-12-20 09:46:41', NULL, '2017-12-26 17:11:19', 2),
(1068, 19, 1339, 'Ele mesmo', '2017-12-20 09:46:41', NULL, '2017-12-26 17:11:19', 2),
(1069, 19, 1340, 'Ele mesmo', '2017-12-20 09:46:41', NULL, '2017-12-26 17:11:19', 2),
(1070, 19, 1146, 'Ele mesmo', '2017-12-20 15:54:14', NULL, '2017-12-26 17:11:19', 2),
(1071, 19, 1146, 'Ele mesmo', '2017-12-20 15:54:50', NULL, '2017-12-26 17:11:19', 2),
(1072, 19, 1146, 'Ele mesmo', '2017-12-20 16:01:47', NULL, '2017-12-26 17:11:19', 2),
(1073, 19, 1146, 'Ele mesmo', '2017-12-20 16:44:49', NULL, '2017-12-26 17:11:19', 2),
(1074, 19, 1145, 'Ele mesmo', '2017-12-26 17:11:19', NULL, '2017-12-27 10:53:05', 2),
(1075, 19, 1139, 'Ele mesmo', '2017-12-26 17:11:19', NULL, NULL, 1),
(1076, 19, 1138, 'Ele mesmo', '2017-12-26 17:11:19', NULL, NULL, 1),
(1077, 19, 1137, 'Ele mesmo', '2017-12-26 17:11:19', NULL, NULL, 1),
(1078, 19, 1136, 'Ele mesmo', '2017-12-26 17:11:19', NULL, NULL, 1),
(1079, 19, 1140, 'Ele mesmo', '2017-12-26 17:11:19', NULL, NULL, 1),
(1080, 19, 1142, 'Ele mesmo', '2017-12-26 17:11:19', NULL, NULL, 1),
(1081, 19, 1133, 'Ele mesmo', '2017-12-26 17:11:19', NULL, NULL, 1),
(1082, 19, 1132, 'Ele mesmo', '2017-12-26 17:11:19', NULL, NULL, 1),
(1083, 19, 1144, 'Ele mesmo', '2017-12-26 17:11:19', NULL, NULL, 1),
(1084, 19, 1143, 'Ele mesmo', '2017-12-26 17:11:19', NULL, NULL, 1),
(1085, 19, 1135, 'Ele mesmo', '2017-12-26 17:11:19', NULL, NULL, 1),
(1086, 19, 1134, 'Ele mesmo', '2017-12-26 17:11:19', NULL, NULL, 1),
(1087, 19, 1130, 'Ele mesmo', '2017-12-26 17:11:19', NULL, '2017-12-27 11:08:56', 2),
(1088, 19, 1147, 'Ele mesmo', '2017-12-26 17:11:19', NULL, '2017-12-27 10:53:20', 2),
(1089, 19, 1151, 'Ele mesmo', '2017-12-26 17:11:19', NULL, NULL, 1),
(1090, 19, 1150, 'Ele mesmo', '2017-12-26 17:11:19', NULL, NULL, 1),
(1091, 19, 1149, 'Ele mesmo', '2017-12-26 17:11:19', NULL, NULL, 1),
(1092, 19, 1148, 'Ele mesmo', '2017-12-26 17:11:19', NULL, NULL, 1),
(1093, 19, 1157, 'Ele mesmo', '2017-12-26 17:11:19', NULL, NULL, 1),
(1094, 19, 1156, 'Ele mesmo', '2017-12-26 17:11:19', NULL, NULL, 1),
(1095, 19, 1155, 'Ele mesmo', '2017-12-26 17:11:19', NULL, NULL, 1),
(1096, 19, 1154, 'Ele mesmo', '2017-12-26 17:11:19', NULL, NULL, 1),
(1097, 19, 1153, 'Ele mesmo', '2017-12-26 17:11:19', NULL, NULL, 1),
(1098, 19, 1152, 'Ele mesmo', '2017-12-26 17:11:19', NULL, NULL, 1),
(1099, 19, 1131, 'Ele mesmo', '2017-12-26 17:11:19', NULL, '2017-12-27 11:09:26', 2),
(1100, 19, 1159, 'Ele mesmo', '2017-12-26 17:11:19', NULL, NULL, 1),
(1101, 19, 1160, 'Ele mesmo', '2017-12-26 17:11:19', NULL, NULL, 1),
(1102, 19, 1337, 'Ele mesmo', '2017-12-26 17:11:19', NULL, '2017-12-27 11:27:27', 2),
(1103, 19, 1338, 'Ele mesmo', '2017-12-26 17:11:19', NULL, NULL, 1),
(1104, 19, 1339, 'Ele mesmo', '2017-12-26 17:11:19', NULL, NULL, 1),
(1105, 19, 1340, 'Ele mesmo', '2017-12-26 17:11:19', NULL, NULL, 1),
(1106, 19, 1146, 'Ele mesmo', '2017-12-26 17:11:19', NULL, NULL, 1),
(1107, 19, 1145, 'Ele mesmo', '2017-12-27 10:53:05', NULL, NULL, 1),
(1108, 19, 1147, 'Ele mesmo', '2017-12-27 10:53:20', NULL, NULL, 1),
(1109, 19, 1130, 'Ele mesmo', '2017-12-27 11:08:56', NULL, NULL, 1),
(1110, 19, 1131, 'Ele mesmo', '2017-12-27 11:09:26', NULL, NULL, 1),
(1111, 19, 1337, 'Ele mesmo', '2017-12-27 11:27:27', NULL, NULL, 1),
(1112, 19, 1341, 'Ele mesmo', '2017-12-27 12:15:55', NULL, NULL, 1),
(1113, 19, 1342, 'Ele mesmo', '2017-12-27 16:10:35', NULL, NULL, 1);

-- --------------------------------------------------------

--
-- Table structure for table `tb_acordo`
--

CREATE TABLE `tb_acordo` (
  `co_seq_acordo` int(11) NOT NULL,
  `co_contrato_gog` int(11) NOT NULL,
  `co_cliente` int(11) NOT NULL,
  `co_usuario` int(11) NOT NULL,
  `lk_contrato_assinatura` varchar(80) DEFAULT NULL,
  `dt_finaliza` date NOT NULL,
  `dt_acordo` date NOT NULL,
  `nm_inclusao` varchar(80) NOT NULL,
  `dt_inclusao` datetime NOT NULL,
  `nm_alteracao` varchar(80) DEFAULT NULL,
  `dt_alteracao` datetime DEFAULT NULL,
  `st_registro` tinyint(4) NOT NULL
) ENGINE=InnoDB DEFAULT CHARSET=utf8 COMMENT='Tabela dos acordos dos clientes';

--
-- Dumping data for table `tb_acordo`
--

INSERT INTO `tb_acordo` (`co_seq_acordo`, `co_contrato_gog`, `co_cliente`, `co_usuario`, `lk_contrato_assinatura`, `dt_finaliza`, `dt_acordo`, `nm_inclusao`, `dt_inclusao`, `nm_alteracao`, `dt_alteracao`, `st_registro`) VALUES
(9, 12, 33, 5, NULL, '2018-10-24', '2017-10-24', 'Ele mesmo', '2017-10-24 11:55:10', NULL, NULL, 2),
(10, 3, 34, 5, NULL, '2018-10-24', '2017-10-24', 'Ele mesmo', '2017-10-24 16:32:58', NULL, NULL, 2),
(11, 12, 35, 5, NULL, '2018-12-08', '2017-12-08', 'Ele mesmo', '2017-12-08 10:47:58', NULL, NULL, 1),
(12, 12, 36, 5, NULL, '2018-12-13', '2017-12-13', 'Ele mesmo', '2017-12-13 18:38:11', NULL, NULL, 1),
(13, 13, 37, 5, NULL, '2018-12-14', '2017-12-14', 'Ele mesmo', '2017-12-14 12:01:33', NULL, NULL, 1),
(23, 14, 47, 5, NULL, '2018-12-14', '2017-12-14', 'Ele mesmo', '2017-12-14 18:32:32', NULL, NULL, 1),
(25, 14, 49, 5, NULL, '2018-12-15', '2017-12-15', 'Ele mesmo', '2017-12-15 11:52:22', NULL, NULL, 1),
(26, 12, 50, 5, NULL, '2018-12-18', '2017-12-18', 'Ele mesmo', '2017-12-18 08:45:39', NULL, NULL, 1),
(27, 12, 51, 5, NULL, '2018-12-26', '2017-12-26', 'Ele mesmo', '2017-12-26 11:19:39', NULL, NULL, 2),
(28, 12, 52, 5, NULL, '2018-12-26', '2017-12-26', 'Ele mesmo', '2017-12-26 11:32:12', NULL, NULL, 1),
(29, 12, 53, 5, NULL, '2018-12-26', '2017-12-26', 'Ele mesmo', '2017-12-26 11:57:02', NULL, NULL, 2),
(30, 12, 54, 5, NULL, '2018-12-26', '2017-12-26', 'Ele mesmo', '2017-12-26 11:57:48', NULL, NULL, 2),
(31, 12, 55, 5, NULL, '2018-12-26', '2017-12-26', 'Ele mesmo', '2017-12-26 13:02:12', NULL, NULL, 2),
(32, 12, 56, 5, NULL, '2018-12-26', '2017-12-26', 'Ele mesmo', '2017-12-26 13:05:54', NULL, NULL, 2),
(33, 12, 57, 5, NULL, '2018-12-26', '2017-12-26', 'Ele mesmo', '2017-12-26 13:17:09', NULL, NULL, 2),
(34, 12, 58, 5, NULL, '2018-12-26', '2017-12-26', 'Ele mesmo', '2017-12-26 13:19:37', NULL, NULL, 2),
(35, 12, 59, 5, NULL, '2018-12-26', '2017-12-26', 'Ele mesmo', '2017-12-26 13:21:08', NULL, NULL, 2),
(36, 12, 60, 5, NULL, '2018-12-26', '2017-12-26', 'Ele mesmo', '2017-12-26 13:22:17', NULL, NULL, 2),
(37, 12, 61, 5, NULL, '2018-12-26', '2017-12-26', 'Ele mesmo', '2017-12-26 13:31:17', NULL, NULL, 2),
(38, 12, 62, 5, NULL, '2018-12-26', '2017-12-26', 'Ele mesmo', '2017-12-26 13:31:44', NULL, NULL, 2),
(39, 12, 63, 5, NULL, '2018-12-26', '2017-12-26', 'Ele mesmo', '2017-12-26 13:33:50', NULL, NULL, 2),
(40, 12, 64, 5, NULL, '2018-12-26', '2017-12-26', 'Ele mesmo', '2017-12-26 13:42:45', NULL, NULL, 2),
(41, 12, 65, 5, NULL, '2018-12-26', '2017-12-26', 'Ele mesmo', '2017-12-26 14:27:56', NULL, NULL, 1),
(42, 14, 66, 5, NULL, '2018-12-27', '2017-12-27', 'Ele mesmo', '2017-12-27 15:33:55', NULL, NULL, 1),
(43, 13, 67, 5, NULL, '2018-12-28', '2017-12-28', 'Ele mesmo', '2017-12-28 09:18:48', NULL, NULL, 1),
(44, 13, 68, 5, NULL, '2018-12-28', '2017-12-28', 'Ele mesmo', '2017-12-28 10:17:25', NULL, NULL, 1),
(45, 13, 69, 5, NULL, '2018-12-28', '2017-12-28', 'Ele mesmo', '2017-12-28 10:17:38', NULL, NULL, 1);

-- --------------------------------------------------------

--
-- Table structure for table `tb_blog`
--

CREATE TABLE `tb_blog` (
  `co_seq_blog` int(11) NOT NULL,
  `co_usuario` int(11) DEFAULT NULL,
  `nm_blog` varchar(80) NOT NULL,
  `lk_img_blog` varchar(200) NOT NULL,
  `tx_blog` text NOT NULL,
  `tp_visualizacao` tinyint(4) NOT NULL COMMENT '1 todos | 2 funcionrio | 3 cliente',
  `nm_inclusao` varchar(80) NOT NULL,
  `dt_inclusao` datetime NOT NULL,
  `nm_alteracao` varchar(80) DEFAULT NULL,
  `dt_alteracao` datetime DEFAULT NULL,
  `st_registro` tinyint(4) NOT NULL
) ENGINE=InnoDB DEFAULT CHARSET=utf8 COMMENT='Tabela de blogs do admin';

--
-- Dumping data for table `tb_blog`
--

INSERT INTO `tb_blog` (`co_seq_blog`, `co_usuario`, `nm_blog`, `lk_img_blog`, `tx_blog`, `tp_visualizacao`, `nm_inclusao`, `dt_inclusao`, `nm_alteracao`, `dt_alteracao`, `st_registro`) VALUES
(1, 10, 'Sinais que podem indicar a falta de vitamina D.', 'imagem para postar sobre a falta da  vitamina D.jpg', 'Os principais sinais que podem indicar deficincia em vitamina D so a diminuio da fora muscular e espasmos musculares, que podem levar a um aumento no nmero de quedas, e enfraquecimento da estrutura dos ossos, que pode levar a fraturas sseas. No entanto, esses sinais so mais comuns em pessoas idosas e em crianas, so mais sensveis  carncia desse nutriente.<h2>Como saber se tenho falta de vitamina D</h2>O diagnstico da falta de vitamina D  feita atravs de uma exame de sangue chamado 25(OH)D, e os valores de referncia so:<ul><li>Deficincia grave: menor que 20 ng/ml;</li><li>Deficincia leve: entre 21 e 29 ng/ml;</li><li>Valor adequado: a partir de 30 ng/ml.</li></ul>Esse exame pode ser pedido pelo clnico geral, que tambm vai avaliar se h necessidade de tomar suplemento de vitamina D.<h2>Importantes fontes de vitamina D</h2>A vitamina D pode ser obtida da alimentao ou atravs da produo interna do corpo, que depende dos raios solares na pele para ser ativada. Pessoas com deficincia em vitamina D tm maiores chances de desenvolver doenas como diabetes e obesidade, e por isso devem aumentar o tempo de exposio solar ou tomar suplementos de vitamina D de acordo com orientao mdica.<h2>Principais causas da falta de vitamina D</h2>Alm do baixo consumo de alimentos que contm vitamina D e da falta de exposio solar, a falta de vitamina D pode estar relacionada a algumas doenas como por exemplo:<ul><li>Insuficincia renal crnica;</li><li>Lpus;</li><li>Doena celaca;</li><li>Doena de Chron;</li><li>Sndrome do intestino curto;</li><li>Fibrose cstica;</li><li>Insuficincia cardaca;</li><li>Pedras na vescula.</li></ul>Assim, na presena dessas doenas, deve-se fazer acompanhamento mdico para verificar os nveis de vitamina D no corpo atravs de exame de sangue especfico e, se necessrio, tomar suplementos de vitamina D.<h2>Consequncias de no ter de vitamina D</h2>A falta de vitamina D aumenta a chances de se ter doenas graves que afetam os ossos como raquitismo e osteoporose, mas tambm pode aumentar o risco de desenvolver outras doenas como:Diabetes;<br>Obesidade;<br>Hipertenso arterial;<br>Artrite reumatide e<br>Esclerose mltipla.<br>A exposio solar  importante para prevenir deficincias de vitamina D porque apenas cerca de 20% das necessidades dirias dessa vitamina so alcanas pela alimentao. Adultos e crianas com pele clara precisam de cerca de 20 minutos dirios de exposio no sol para produzirem essa vitamina, enquanto pessoas negras precisam de cerca de 1 hora de exposio solar.<br><br>Referncia:&nbsp;<a href="https://www.tuasaude.com/deficiencia-de-vitamina-d">https://www.tuasaude.com/deficiencia-de-vitamina-d</a>', 1, 'Ele mesmo', '2017-11-22 12:54:09', NULL, NULL, 2),
(2, 10, 'Sinais que podem indicar a falta de vitamina D.', 'imagem para postar sobre a falta da  vitamina D.jpg', '<b></b>Os principais sinais que podem indicar deficincia em vitamina D so a diminuio da fora muscular e espasmos musculares, que podem levar a um aumento no nmero de quedas, e enfraquecimento da estrutura dos ossos, que pode levar a fraturas sseas. No entanto, esses sinais so mais comuns em pessoas idosas e em crianas, so mais sensveis  carncia desse nutriente.<h2>Como saber se tenho falta de vitamina D</h2>O diagnstico da falta de vitamina D  feita atravs de uma exame de sangue chamado 25(OH)D, e os valores de referncia so:<ul><li>Deficincia grave: menor que 20 ng/ml;</li><li>Deficincia leve: entre 21 e 29 ng/ml;</li><li>Valor adequado: a partir de 30 ng/ml.</li></ul>Esse exame pode ser pedido pelo clnico geral, que tambm vai avaliar se h necessidade de tomar suplemento de vitamina D.<h2>Importantes fontes de vitamina D</h2>A vitamina D pode ser obtida da alimentao ou atravs da produo interna do corpo, que depende dos raios solares na pele para ser ativada. Pessoas com deficincia em vitamina D tm maiores chances de desenvolver doenas como diabetes e obesidade, e por isso devem aumentar o tempo de exposio solar ou tomar suplementos de vitamina D de acordo com orientao mdica.<h2>Principais causas da falta de vitamina D</h2>Alm do baixo consumo de alimentos que contm vitamina D e da falta de exposio solar, a falta de vitamina D pode estar relacionada a algumas doenas como por exemplo:<ul><li>Insuficincia renal crnica;</li><li>Lpus;</li><li>Doena celaca;</li><li>Doena de Chron;</li><li>Sndrome do intestino curto;</li><li>Fibrose cstica;</li><li>Insuficincia cardaca;</li><li>Pedras na vescula.</li></ul>Assim, na presena dessas doenas, deve-se fazer acompanhamento mdico para verificar os nveis de vitamina D no corpo atravs de exame de sangue especfico e, se necessrio, tomar suplementos de vitamina D.<h2>Consequncias de no ter de vitamina D</h2>A falta de vitamina D aumenta a chances de se ter doenas graves que afetam os ossos como raquitismo e osteoporose, mas tambm pode aumentar o risco de desenvolver outras doenas como:Diabetes;<br>Obesidade;<br>Hipertenso arterial;<br>Artrite reumatide e<br>Esclerose mltipla.<br>A exposio solar  importante para prevenir deficincias de vitamina D porque apenas cerca de 20% das necessidades dirias dessa vitamina so alcanas pela alimentao. Adultos e crianas com pele clara precisam de cerca de 20 minutos dirios de exposio no sol para produzirem essa vitamina, enquanto pessoas negras precisam de cerca de 1 hora de exposio solar.<br><br>Referncia:&nbsp;<a href="https://www.tuasaude.com/deficiencia-de-vitamina-d" target="" rel="">https://www.tuasaude.com/deficiencia-de-vitamina-d</a>', 1, 'Ele mesmo', '2017-11-22 12:54:16', NULL, '2017-11-28 09:05:29', 1),
(3, 10, 'Fibromialgia - Pontos de Dores. ', 'fibromialgia imagem.jpg', '<h2>O que  Fibromialgia?</h2><div><span>Fibromialgia  uma sndrome comum em que a pessoa sente dores por todo o corpo durante longos perodos, com sensibilidade nas articulaes, nos msculos, tendes e em outros tecidos moles.<br></span>A fibromialgia est diretamente ligada tambm  fadiga, distrbios do sono, dores de cabea, depresso e ansiedade<span>.<br></span><span>Pesquisadores acreditam que a sndrome  causada por um descontrole na forma como o crebro processa os sinais de dor.<br></span><div><h2>Causas</h2><div><div>As causas da fibromialgia ainda so desconhecidas, mas existem vrios fatores que esto frequentemente associados a esta sndrome. Confira:<ul><li>Gentica: fibromialgia  muito recorrente em pessoas da mesma famlia, o que pode ser um indicador de que existem algumas mutaes genticas capazes de causar a sndrome</li><li>Infeces por vrus e doenas autoimunes tambm podem estar envolvidas nas causas da fibromialgia</li><li>Distrbios do sono, sedentarismo, ansiedade e depresso tambm podem estar ligados de alguma forma  sndrome.</li></ul></div></div></div><div><h2>Fatores de risco</h2><div><span>Os mdicos alertam para alguns fatores de risco que facilitam o surgimento de fibromialgia. Confira:<br></span><br>Sexo: a sndrome  mais comum em mulheres do que em homens, em especial naquelas entre 20 e 50 anos<br>Histrico familiar: a doena  recorrente entre membros de uma mesma famlia, indicando que talvez exista algum fator gentico envolvido nas suas causas.<br><h2>Sintomas de Fibromialgia</h2><div><span>Confira os principais sintomas da fibromialgia:<br></span><ul><li>Dor generalizada: a dor associada  fibromialgia  constantemente descrita como uma dor presente em diversas partes do corpo e que demoram pelo menos trs meses para passar</li><li>Fadiga: pessoas portadores dessa sndrome frequentemente acordam j se sentindo cansadas, mesmo que tenham dormido por muitas horas. O sono tambm  constantemente interrompido por causa da dor, e muitos pacientes apresentam outros problemas relativos ao sono, a exemplo da apneia e insnia</li><li>Dificuldades cognitivas: para os portadores de fibromialgia,  mais difcil se concentrar, prestar ateno e focar em atividades que demandem esforo mental</li><li>Dor de cabea recorrente ou enxaqueca clssica, dor plvica e dor abdominal sem causa identificada (Sndrome do intestino irritvel)</li><li>Problemas de memria e de concentrao</li><li>Dormncia e formigamento nas mos e nos ps</li><li>Palpitaes</li><li>Reduo na capacidade de se exercitar.</li></ul>Os sintomas de fibromialgia so muito similares a sintomas de outras sndromes. Geralmente ele  feito por um reumatologista.<div><div><div>Por isso,  importante que, durante da consulta, voc:<ul><li>Descreva todos os seus sintomas e a intensidade das dores que sente</li><li>Fale sobre problemas mdicos que teve no passado, bem como o de seus parentes</li><li>Relate todos os medicamentos e suplementos que toma</li></ul>Diga ao mdico se tem problemas ao dormir. Ele dever perguntar tambm sobre eventuais sintomas de depresso e ansiedade.</div></div></div><div><h2>Diagnstico de Fibromialgia</h2><div><div>O diagnstico da fibromialgia  feito clinicamente (por meio da histria dos sintomas e do exame fsico) No existem testes laboratoriais que possam realizar o diagnstico, mas o mdico pode solicitar exames de sangue para que outras doenas, com sintomas e caractersticas parecidos, sejam descartadas entre os possveis diagnsticos.</div></div></div><span><br><br><br><br><br></span></div></div></div></div>', 1, 'Ele mesmo', '2017-11-22 13:02:02', NULL, '2017-11-27 18:40:26', 1),
(4, 10, '10 Coisas que Voc Precisa Saber Sobre Diabetes.', 'diabetes imagem.JPG', '<b></b>O&nbsp;diabetes&nbsp;se caracteriza pela deficincia de produo e/ou de ao da&nbsp;insulina. O&nbsp;diabetes tipo 1&nbsp; resultante da destruio autoimune das clulas produtoras de insulina. O diagnstico desse tipo de diabetes acontece, em geral, durante a infncia e a adolescncia, mas pode tambm ocorrer em outras faixas etrias.<br><br>J no&nbsp;diabetes tipo 2, o&nbsp;pncreas&nbsp;produz insulina, mas h incapacidade de absoro das clulas musculares e adiposas. Esse tipo de diabetes  mais comum em pessoas com mais de 40 anos, acima do&nbsp;peso,&nbsp;sedentrias, sem hbitos saudveis de&nbsp;alimentao, mas tambm pode ocorrer em jovens.<br><br>Confira 10 coisas que voc precisa saber sobre os dois tipos mais comuns de diabetes:<br><br>1. No tratamento do diabetes, o ideal  que a&nbsp;glicose&nbsp;fique entre 70 e 100mg/dL.&nbsp; A partir de 100mg/dL&nbsp; em&nbsp;jejum&nbsp;ou 140mg/dL duas horas aps as refeies, considera-se&nbsp;hiperglicemia&nbsp;e, abaixo de 70mg/dL,&nbsp;hipoglicemia. Se a glicose permanecer alta demais por muito tempo, haver mais possibilidade de complicaes de curto e longo prazo. A hipoglicemia pode causar sintomas indesejveis e com complicaes que merecem ateno.<br><br>2. Tanto insulina, quanto&nbsp;medicao oral&nbsp;podem ser usadas para o&nbsp;tratamento do diabetes. A insulina  sempre usada no tratamento de pacientes com diabetes tipo 1, mas tambm pode ser usada em diabetes gestacional e diabetes tipo 2 (quando o pncreas comea a no produzir mais insulina em quantidade suficiente).&nbsp; A medicao oral  usada no tratamento de diabetes tipo 2 e, dependendo do princpio ativo, tem o papel de diminuir a resistncia  insulina ou de estimular o pncreas a produzir mais desse hormnio.<br><br>3. A&nbsp;prtica de exerccios&nbsp;pode ajudar a controlar a glicemia e a perder gordura corporal, alm de aliviar o estresse. Por isso, pessoas com diabetes devem escolher alguma&nbsp;atividade fsica&nbsp;e praticar com regularidade, sob orientao mdica e de um profissional de educao fsica.<br><br>4. A&nbsp;contagem de carboidratos&nbsp;se mostra muito benfica para quem tem diabetes. Os carboidratos tm o maior efeito direto nos nveis de glicose, e esse instrumento permite mais variabilidade e flexibilidade na alimentao, principalmente para quem usa insulina, pois a dose ir variar conforme a quantidade de carboidratos. Isso acaba com a rigidez no tratamento de antigamente, quando as doses de insulina eram fixas, e a alimentao tambm devia ser.  importante ter a orientao de um&nbsp;nutricionista.<br><br>5. As tecnologias tm ajudado no tratamento do diabetes. Os aparelhos vo desde os&nbsp;glicosmetros(usados para medir a glicose no sangue) at&nbsp;bombas de infuso de insulina&nbsp;e&nbsp;sensores&nbsp;contnuos de monitorizao da glicose.<br><br>6. Se o diabetes no for tratado de forma adequada, podem surgir complicaes, como&nbsp;retinopatia,&nbsp;nefropatia,&nbsp;neuropatia,&nbsp;p diabtico,&nbsp;infarto do miocrdio,&nbsp;acidente vascular cerebral, entre outros. Se o paciente j estiver com diagnstico de&nbsp;complicao crnica, h tratamentos especficos para ajudar a levar uma vida normal.<br><br>7. A educao em diabetes  muito importante para o tratamento. No s o paciente precisa ser educado, mas tambm seus familiares e as pessoas que convivem com ele. Assim, o paciente pode ter o auxlio e o suporte necessrios para um bom tratamento e tomar as decises mais adequadas com base em conhecimento.<br><br>8. Muitos casos de diabetes tipo 2 podem ser evitados quando se est dentro do peso normal, com hbitos alimentares saudveis e com prtica regular de atividade fsica.<br><br>9. O fator hereditrio  mais determinante no diabetes tipo 2.&nbsp; Ainda se estuda o que desencadeia o diabetes tipo 1 e, por enquanto, as infeces, principalmente virais, parecem ser as maiores responsveis pelo desencadeamento do processo autoimune. No tipo 2, os casos repetidos de diabetes em uma mesma famlia so comuns, enquanto a recorrncia familiar do diabetes tipo 1  muito pouco freqente.&nbsp;<br><br>10. Ainda no h&nbsp;cura para o diabetes. Porm, esto sendo realizados estudos que, no futuro, podem levar  cura. Para o diabetes tipo 1, est sendo estudada a terapia com&nbsp;clulas-tronco<span>&nbsp;em pacientes recm-diagnosticados. J para o diabetes tipo 2, os estudos com a cirurgia de reduo de estmago (gastroplastia) tm mostrado aparentes bons resultados, mesmo em pacientes que no esto acima do peso. Salienta-se que esses mtodos ainda so absolutamente experimentais.&nbsp;&nbsp;<br><br>Referncia:&nbsp;</span><a href="https://www.endocrino.org.br" target="" rel="">https://www.endocrino.org.br</a>', 1, 'Ele mesmo', '2017-11-22 13:08:25', NULL, '2017-11-28 09:05:09', 1),
(5, 10, 'Dormir mal pode aumentar o risco de Alzheimer.', 'dormir mal.jpg', '<b></b>O sono inadequado parece desregular os nveis de protenas associadas  doena que apaga as memrias.<br>Seria um daqueles achados de tirar o sono<a href="https://saude.abril.com.br/tudo-sobre/beneficios-do-sono/" target="" rel=""><span class="wysiwyg-color-silver"> </span></a>se o problema no fosse justamente o tempo que passamos acordados  noite. Cientistas da Universidade Stanford e da Universidade Washington, ambas nos Estados Unidos, em parceria com pesquisadores da Universidade Radboud, na Holanda, sugerem que dormir pouco ou apenas superficialmente na meia-idade aumenta o risco de Alzheimer<span> na velhice.<br></span>A concluso vem de um estudo conduzido por esse time internacional, que avaliou 22 pessoas saudveis entre 35 a 65 anos  ele foi publicado no peridico cientfico Brain. Ento vamos  investigao: na primeira etapa, que durou duas semanas, os voluntrios usaram um monitor de pulso para registrar as horas em claro.Aps esse perodo, eles ainda passaram duas noites nas dependncias de um laboratrio mdico, em quartos climatizados e apropriados para que dormissem como pedra. Dessa vez, a tarefa era pegar no sono com fones de ouvido e alguns eletrodos dispostos em pontos estratgicos do corpo a fim de monitorar a atividade cerebral desses homens e mulheres.                                    <br>Agora vem, digamos, a parte torturante do trabalho. Em um dia, metade dos participantes foi induzida a permanecer no primeiro nvel do sono, o superficial  na outra noite, os grupos se revezaram. Mas como os experts fizeram isso? Assim que aqueles eletrodos indicavam que algum estava chegando a um estgio mais profundo de repouso, os fones de ouvido emitiam sons. Esses rudos, embora no despertassem os indivduos por completo, atrapalhavam o descanso.Como resultado, todos os submetidos a essa experincia reclamaram de cansao. E mais: amostras do lquido da medula espinhal desses participantes revelaram quantidades elevadas de beta-amiloide, substncia relacionada ao surgimento e  progresso da doena de Alzheimer. A diferena em comparao aos que dormiam numa boa chegava a 10%. E isso com a privao em um nico dia!Para piorar, aqueles que costumavam dormir mal ou rolar na cama todas as noites apresentaram excesso de outra protena no organismo, a tau  tambm considerada uma ameaa aos neurnios. Ou seja, o maior perigo envolveria sujeitos com sono cronicamente ruim, como os insones e os portadores de apneia obstrutiva.<span>A teoria dos pesquisadores  a de que, ao longo do repouso noturno, ocorre uma espcie de faxina no crebro. As substncias desnecessrias e potencialmente nocivas acumuladas ali ao longo do dia seriam varridas para restabelecer o bom funcionamento dos neurnios. Claro que, por se tratar de uma pesquisa pequena, ainda no d para tirar concluses contundentes. Mas fica o recado para valorizarmos mais a cama na busca por uma vida saudvel.<br></span><br>Referncia: https://saude.abril.com.br<br>', 1, 'Ele mesmo', '2017-11-22 13:14:33', NULL, '2017-11-28 09:04:55', 1),
(6, 10, 'Quando levar o beb ao Pediatra?', 'pediatra imagem.jpg', '<b></b>O beb deve ir ao pediatra pela primeira vez at 5 dias aps o nascimento, sendo que a segunda consulta deve acontecer at 15 dias depois do nascimento do beb para o pediatra avaliar e acompanhar o ganho de peso, a amamentao, o crescimento e desenvolvimento do beb e o calendrio de vacinao.As seguintes consultas do beb no pediatra devem ser feitas da seguinte forma:<ul><li>1 consulta quando o beb tiver 1 ms de idade;</li><li>1 consulta por ms dos 2 aos 6 meses de idade;</li><li>1 consulta aos 8 meses de idade, aos 10 meses e depois quando o beb fizer 1 ano;</li><li>1 consulta de 3 em 3 meses do 1 aos 2 anos de idade;</li><li>1 consulta de 6 em 6 meses dos 2 aos 6 anos de idade;</li><li>1 consulta por ano dos 6 aos 18 anos de idade.</li></ul> importante os pais anotarem todas as dvidas entre os intervalos das consultas como dvidas sobre a amamentao, higiene corporal, vacinas, clicas, fezes, dentio, quantidade de roupas ou doenas, por exemplo, para estarem informados e adotarem os cuidados necessrio  sade do beb.<h2>Outras razes para levar o beb ao pediatra</h2>Alm das consultas regulares ao pediatra,  importante levar o beb ao pediatra na presena de sintomas como:<ul><li>Febre alta, acima dos 38C que no baixa com remdio ou que volta a subir aps algumas horas;</li><li>Respirao rpida, dificuldade para respirar ou chiado ao respirar;</li><li>Vmito aps todas as refeies, recusa alimentar ou vmito que dura h mais de 2 dias;</li><li>Expectorao amarela ou verde;</li><li>Mais de 3 diarreias por dia;</li><li>Choro fcil e irritao sem motivo aparente;</li><li>Cansao, sonolncia e falta de vontade de brincar;</li><li>Pouca urina, urina concentrada e com cheiro forte.</li></ul>Na presena destes sintomas  importante levar o beb ao pediatra porque ele pode estar com uma infeco, como infeco respiratria, na garganta ou urinria, por exemplo, ou desidratao e, nestes casos,  importante ser tratado o mais rapidamente possvel.Em caso de vmito ou diarreia com sangue, queda ou choro intenso que no passa, por exemplo,  recomendado levar o beb imediatamente ao pronto-socorro, pois estas situaes so urgentes e necessitam de tratamento imediato.', 1, 'Ele mesmo', '2017-11-22 14:13:52', NULL, '2017-11-28 09:04:28', 1),
(7, 10, 'O que fazer primeiro: Perder gordura ou ganhar massa muscular ?', 'ganhar massa ou perder gordura.jpg', '<b></b>Muitas pessoas j se fizeram a seguinte pergunta: seria melhor comear a academia com o&nbsp;foco em emagrecer ou ganhar massa muscular?Hoje,chegaremos em um veredicto.&nbsp;Obviamente,que tudo depende do individuo. Se voc estiver com o&nbsp;percentual de gordura&nbsp;muito elevado (20% para cima), deveria focar em reduzir a gordura corporal antes de qualquer coisa.Mas a grande maioria das pessoas est em um&nbsp;meio termo, com 12-15% de gordura corporal e sem muita massa muscular. Ento o que fazer nesses caso? comum uma&nbsp;pessoa sedentria,&nbsp;quando acorda para a necessidade de se exercitar, comear a fazer mil planos sobre como iniciar os treinos, como ser a dieta, se haver suplementao, quais aulas participar, fazer corrida, luta  e tudo isso para em 30 dias estar igual aos caras de&nbsp;capa de revista.A verdade  que todo&nbsp;bom resultado demora um tempo. Ento  claro, que ningum vai ficar com um fsico assim em um ms. Mas saber por onde&nbsp;comear&nbsp; um excelente passo para poupar tempo e frustraes.<h3>A VANTAGEM DE FOCAR NO GANHO DE MASSA</h3>Se o seu fsico se encontra em um estado mediano, como falamos acima,&nbsp;a melhor alternativa  ganhar massa muscular inicialmente.&nbsp;Isso ocorre por alguns motivos: Quanto mais massa muscular, mais seu&nbsp;metabolismo basal&nbsp;aumenta. Ou seja, posteriormente, voc vai conseguir emagrecer comendo mais.Quanto mais massa muscular, mais voc vai&nbsp;gastar energia&nbsp;durante o treinamento.Nos primeiros meses de treinamento voc possui&nbsp;mais facilidade&nbsp;para ganhar fora e tambm massa muscular.Agora, se voc focar em&nbsp;perder gordura&nbsp;primeiro, a tendncia  que tenha que fazer uma&nbsp;dieta muito restritiva&nbsp;e, consequentemente, o risco de acabar&nbsp;abaixando seu metabolismo&nbsp; maior, j que essa ser a resposta do seu corpo para se adequar s quantidade mnimas de energia ingeridas.Sem mencionar o fato de que as propores de&nbsp;comida&nbsp;sero menores, o que dificulta tambm o aspecto&nbsp;psicolgico.Falando em lado psicolgico,  mais fcil&nbsp;suportar um peso por vez, apesar de a grande maioria das pessoas querer fazer tudo ao mesmo tempo.  importante comear uma&nbsp;rotina progressiva&nbsp;de treinamento e de dieta tambm.Por isso, iniciar focando mais no&nbsp;ganho de massa muscular&nbsp; melhor.<h3>BOA NOTCIA PARA OS INICIANTES</h3>Um ponto relevante de mencionar  que o&nbsp;iniciante de musculao&nbsp;normalmente j acaba por perder um pouco de gordura e ganhar um pouco de massa muscular naturalmente, sem fazer alteraes na sua dieta.Mas ter uma&nbsp;dieta equilibrada&nbsp; fundamental, visto que comer muito mais do que o necessrio s far com que voc engorde. Ento  essencial consultar um&nbsp;nutricionista&nbsp;para minimizar esse acmulo de gordura.Por fim, no se esquea que ganhar massa muscular  um&nbsp;processo mais demorado&nbsp;do que emagrecer.  mais fcil perder 5 quilos de gordura do que ganhar 5 quilos de massa muscular. Ambos os efeitos, no entanto, so poderosos do ponte de vista&nbsp;esttico.Ento leve em conta que  importante sempre&nbsp;alternar perodos&nbsp;em que se foca mais no ganho de massa muscular com perodos onde o principal objetivo  a perda de gordura. Essa&nbsp;alternao&nbsp;pode ser fluida, sempre observando os objetivos do treinamento.<span>No se esquea, no entanto, de&nbsp;iniciar seus treinos&nbsp;tendo como principal foco o ganho de massa muscular.<br><br></span>', 1, 'Ele mesmo', '2017-11-22 14:19:32', NULL, '2017-11-28 17:47:48', 1),
(8, 10, '5 Jeitos Atestados de Evitar Enxaqueca.', 'enxaqueca foto.jpg', '<b></b>Entre os mais de 150 tipos de cefaleia, h a temida enxaqueca<span>. Caracterizada por dores latejantes em um lado da cabea  que duram de quatro at 72 horas  e eventualmente nuseas e sensibilidade  luz, ela atinge cerca de 5% da populao brasileira. E olha que estamos falando da verso crnica, quando os incmodos do as caras durante pelo menos trs meses, 15 dias ao ms.<br></span> por isso que hoje (19 de maio),&nbsp;Dia Nacional de Combate  Cefaleia, a neurologista Thais Villa, da Universidade Federal de So Paulo, traz dicas valiosas para o controle desse problema. Embora no acabem completamente com as dores e muito menos dispensem eventuais tratamentos, essas medidas do conforto ao portador. Veja:<h3>1) No fique em jejum</h3>Permanecer muito sem comer  um grande erro para quem sofre com a enxaqueca.  importante estabelecer uma rotina alimentar de trs em trs horas e sempre carregar frutas ou lanchinhos na mochila. Alm disso, os enxaquecosos devem consumir bastante gua ao longo do dia.<h3>2) No exagere nos medicamentos</h3>Basta s uma dorzinha de cabea aparecer que as pessoas correm para tomar um analgsico, certo? Ao tomar remdios em diversos dias da semana, eles perdem efeito. Alis, o abuso chega a cronificar a dor  alm de trazer diversos prejuzos  sade.O uso das medicaes deve sempre ser conversado com um neurologista especialista no tratamento de dores de cabea. At porque as opes no se resumem a analgsicos tradicionais  tampouco a comprimidos.<h3>3) Faa exerccio</h3><span>No  que durante as crises voc deve sair correndo (nesse caso, o recomendado  ficar mais quietinho mesmo). Mas uma srie de trabalhos mostra que a prtica regular de atividade fsica diminui consideravelmente o nmero de episdios dolorosos.<br>As modalidades mais recomendadas so aquelas que no exigem tanto esforo do corpo  o exagero pode desencadear a enxaqueca. Opte por caminhadas, aulas de dana, natao, alongamento, pilates Antes disso, faa apenas uma avaliao mdica.</span><h3>4) Controle o estresse e as emoes</h3><span>Estresse, ansiedade, irritabilidade, preocupao excessiva, medo e solido servem de gatilho para as crises de cefaleia. Atravs de exerccios de respirao, relaxamento e meditao,  possvel ganhar controle sobre esses sentimentos. Buscar ajuda psicolgica para entender melhor seus sentimentos e emoes tambm  uma boa opo.<br></span><h3>5) Durma bem</h3>Dormir pouco ou muito vai repercutir negativamente no crebro.  importante priorizar o sono e estabelecer uma rotina que o valorize  a maioria das pessoas precisa relaxar profundamente de seis a oito horas por dia. Para alguns enxaquecosos, uma noite maldormida j  o suficiente para disparar uma crise.', 1, 'Ele mesmo', '2017-11-23 17:55:53', NULL, '2017-11-28 09:03:57', 1);

-- --------------------------------------------------------

--
-- Table structure for table `tb_boleto`
--

CREATE TABLE `tb_boleto` (
  `co_seq_boleto` int(11) NOT NULL,
  `co_cliente` int(11) DEFAULT NULL,
  `co_pagamento` int(11) NOT NULL,
  `lk_boleto` varchar(200) NOT NULL,
  `nu_boleto` varchar(80) NOT NULL,
  `st_pago` tinyint(4) NOT NULL,
  `nu_valor` double NOT NULL,
  `dt_vencimento` date NOT NULL,
  `dt_emissao` date NOT NULL,
  `nm_inclusao` varchar(80) NOT NULL,
  `dt_inclusao` datetime NOT NULL,
  `nm_alteracao` varchar(80) DEFAULT NULL,
  `dt_alteracao` datetime DEFAULT NULL,
  `st_registro` tinyint(4) NOT NULL
) ENGINE=InnoDB DEFAULT CHARSET=utf8 COMMENT='Tabela dos Boletos';

--
-- Dumping data for table `tb_boleto`
--

INSERT INTO `tb_boleto` (`co_seq_boleto`, `co_cliente`, `co_pagamento`, `lk_boleto`, `nu_boleto`, `st_pago`, `nu_valor`, `dt_vencimento`, `dt_emissao`, `nm_inclusao`, `dt_inclusao`, `nm_alteracao`, `dt_alteracao`, `st_registro`) VALUES
(43, 49, 25, '49qtd1.pdf', '20171215115222491', 1, 99.8, '2017-12-20', '2017-12-15', 'Ele mesmo', '2017-12-15 11:52:22', NULL, NULL, 2),
(44, 49, 25, '49qtd2.pdf', '20171215115222492', 2, 99.8, '2018-01-20', '2018-01-15', 'Ele mesmo', '2017-12-15 11:52:22', NULL, NULL, 2),
(45, 49, 25, '49qtd3.pdf', '20171215115222493', 2, 99.8, '2018-02-20', '2018-02-15', 'Ele mesmo', '2017-12-15 11:52:22', NULL, NULL, 2),
(46, 49, 25, '49qtd4.pdf', '20171215115222494', 2, 99.8, '2018-03-20', '2018-03-15', 'Ele mesmo', '2017-12-15 11:52:22', NULL, NULL, 2),
(47, 49, 25, '49qtd5.pdf', '20171215115222495', 2, 99.8, '2018-04-20', '2018-04-15', 'Ele mesmo', '2017-12-15 11:52:22', NULL, NULL, 2),
(48, 49, 25, '49qtd6.pdf', '20171215115222496', 2, 99.8, '2018-05-20', '2018-05-15', 'Ele mesmo', '2017-12-15 11:52:22', NULL, NULL, 2),
(49, 50, 26, '50qtd1.pdf', '20171218084539501', 1, 39.8, '2017-12-23', '2017-12-18', 'Ele mesmo', '2017-12-18 08:45:39', NULL, '2017-12-18 17:37:52', 2),
(50, 50, 26, '50qtd2.pdf', '20171218084539502', 2, 39.8, '2018-01-23', '2018-01-18', 'Ele mesmo', '2017-12-18 08:45:39', NULL, NULL, 2),
(51, 50, 26, '50qtd3.pdf', '20171218084539503', 2, 39.8, '2018-02-23', '2018-02-18', 'Ele mesmo', '2017-12-18 08:45:39', NULL, NULL, 2),
(52, 50, 26, '50qtd4.pdf', '20171218084539504', 2, 39.8, '2018-03-23', '2018-03-18', 'Ele mesmo', '2017-12-18 08:45:39', NULL, NULL, 2),
(53, 50, 26, '50qtd5.pdf', '20171218084539505', 2, 39.8, '2018-04-23', '2018-04-18', 'Ele mesmo', '2017-12-18 08:45:39', NULL, NULL, 2),
(54, 50, 26, '50qtd6.pdf', '20171218084539506', 2, 39.8, '2018-05-23', '2018-05-18', 'Ele mesmo', '2017-12-18 08:45:39', NULL, NULL, 2),
(85, 50, 26, '85.pdf', '20171219100637507', 1, 39.8, '2017-12-24', '2017-12-19', 'Tony Anderson', '2017-12-19 00:00:00', NULL, NULL, 1),
(86, 50, 26, '86.pdf', '20171219100637508', 2, 39.8, '2018-01-24', '2017-12-19', 'Tony Anderson', '2017-12-19 00:00:00', NULL, NULL, 1),
(87, 50, 26, '87.pdf', '20171219100637509', 2, 39.8, '2018-02-24', '2017-12-19', 'Tony Anderson', '2017-12-19 00:00:00', NULL, NULL, 1),
(88, 50, 26, '88.pdf', '201712191006375010', 2, 39.8, '2018-03-24', '2017-12-19', 'Tony Anderson', '2017-12-19 00:00:00', NULL, NULL, 1),
(89, 50, 26, '89.pdf', '201712191006375011', 2, 39.8, '2018-04-24', '2017-12-19', 'Tony Anderson', '2017-12-19 00:00:00', NULL, NULL, 1),
(90, 50, 26, '90.pdf', '201712191006375012', 2, 39.8, '2018-05-24', '2017-12-19', 'Tony Anderson', '2017-12-19 00:00:00', NULL, NULL, 1),
(91, 49, 26, '91.pdf', '20171219104552497', 1, 99.8, '2017-12-24', '2017-12-19', 'Ele mesmo', '2017-12-19 10:45:52', NULL, '2017-12-27 17:16:04', 1),
(92, 49, 26, '92.pdf', '20171219104552498', 2, 99.8, '2018-01-24', '2018-01-19', 'Ele mesmo', '2017-12-19 10:45:52', NULL, NULL, 1),
(93, 49, 26, '93.pdf', '20171219104552499', 2, 99.8, '2018-02-24', '2018-02-19', 'Ele mesmo', '2017-12-19 10:45:52', NULL, NULL, 1),
(94, 49, 26, '94.pdf', '201712191045524910', 2, 99.8, '2018-03-24', '2018-03-19', 'Ele mesmo', '2017-12-19 10:45:52', NULL, NULL, 1),
(95, 49, 26, '95.pdf', '201712191045524911', 2, 99.8, '2018-04-24', '2018-04-19', 'Ele mesmo', '2017-12-19 10:45:52', NULL, NULL, 1),
(96, 49, 26, '96.pdf', '201712191045524912', 2, 99.8, '2018-05-24', '2018-05-19', 'Ele mesmo', '2017-12-19 10:45:52', NULL, NULL, 1),
(97, 47, 26, '97.pdf', '20171219105206477', 1, 99.8, '2017-12-24', '2017-12-19', 'Ele mesmo', '2017-12-19 10:52:06', NULL, '2017-12-27 18:05:55', 1),
(98, 47, 26, '98.pdf', '20171219105206478', 2, 99.8, '2018-01-24', '2018-01-19', 'Ele mesmo', '2017-12-19 10:52:06', NULL, NULL, 1),
(99, 47, 26, '99.pdf', '20171219105206479', 2, 99.8, '2018-02-24', '2018-02-19', 'Ele mesmo', '2017-12-19 10:52:06', NULL, NULL, 1),
(100, 47, 26, '100.pdf', '201712191052064710', 2, 99.8, '2018-03-24', '2018-03-19', 'Ele mesmo', '2017-12-19 10:52:06', NULL, NULL, 1),
(101, 47, 26, '101.pdf', '201712191052064711', 2, 99.8, '2018-04-24', '2018-04-19', 'Ele mesmo', '2017-12-19 10:52:06', NULL, NULL, 1),
(102, 47, 26, '102.pdf', '201712191052064712', 2, 99.8, '2018-05-24', '2018-05-19', 'Ele mesmo', '2017-12-19 10:52:06', NULL, NULL, 1),
(103, 51, 27, '51qtd1.pdf', '20171226111942511', 2, 39.8, '2017-12-31', '2017-12-26', 'Ele mesmo', '2017-12-26 11:19:42', NULL, '2017-12-26 11:27:08', 2),
(104, 51, 27, '51qtd2.pdf', '20171226111942512', 2, 39.8, '2018-01-31', '2018-01-26', 'Ele mesmo', '2017-12-26 11:19:42', NULL, NULL, 2),
(105, 51, 27, '51qtd3.pdf', '20171226111942513', 2, 39.8, '2018-03-03', '2018-02-26', 'Ele mesmo', '2017-12-26 11:19:42', NULL, NULL, 2),
(106, 51, 27, '51qtd4.pdf', '20171226111942514', 2, 39.8, '2018-03-31', '2018-03-26', 'Ele mesmo', '2017-12-26 11:19:42', NULL, NULL, 2),
(107, 51, 27, '51qtd5.pdf', '20171226111942515', 2, 39.8, '2018-05-01', '2018-04-26', 'Ele mesmo', '2017-12-26 11:19:42', NULL, NULL, 2),
(108, 51, 27, '51qtd6.pdf', '20171226111942516', 2, 39.8, '2018-05-31', '2018-05-26', 'Ele mesmo', '2017-12-26 11:19:42', NULL, NULL, 2),
(109, 52, 28, '52qtd1.pdf', '20171226113213521', 1, 39.8, '2017-12-31', '2017-12-26', 'Ele mesmo', '2017-12-26 11:32:13', NULL, '2017-12-27 07:43:16', 1),
(110, 52, 28, '52qtd2.pdf', '20171226113213522', 2, 39.8, '2018-01-31', '2018-01-26', 'Ele mesmo', '2017-12-26 11:32:13', NULL, NULL, 1),
(111, 52, 28, '52qtd3.pdf', '20171226113213523', 2, 39.8, '2018-03-03', '2018-02-26', 'Ele mesmo', '2017-12-26 11:32:13', NULL, NULL, 1),
(112, 52, 28, '52qtd4.pdf', '20171226113213524', 2, 39.8, '2018-03-31', '2018-03-26', 'Ele mesmo', '2017-12-26 11:32:13', NULL, NULL, 1),
(113, 52, 28, '52qtd5.pdf', '20171226113213525', 2, 39.8, '2018-05-01', '2018-04-26', 'Ele mesmo', '2017-12-26 11:32:13', NULL, NULL, 1),
(114, 52, 28, '52qtd6.pdf', '20171226113213526', 2, 39.8, '2018-05-31', '2018-05-26', 'Ele mesmo', '2017-12-26 11:32:13', NULL, NULL, 1),
(115, 53, 29, '53qtd1.pdf', '20171226115702531', 2, 119.4, '2017-12-31', '2017-12-26', 'Ele mesmo', '2017-12-26 11:57:02', NULL, NULL, 2),
(116, 53, 29, '53qtd2.pdf', '20171226115702532', 2, 119.4, '2018-01-31', '2018-01-26', 'Ele mesmo', '2017-12-26 11:57:02', NULL, NULL, 2),
(117, 54, 30, '54qtd1.pdf', '20171226115748541', 2, 119.4, '2017-12-31', '2017-12-26', 'Ele mesmo', '2017-12-26 11:57:48', NULL, NULL, 2),
(118, 54, 30, '54qtd2.pdf', '20171226115748542', 2, 119.4, '2018-01-31', '2018-01-26', 'Ele mesmo', '2017-12-26 11:57:48', NULL, NULL, 2),
(119, 55, 31, '55qtd1.pdf', '20171226130212551', 2, 119.4, '2017-12-31', '2017-12-26', 'Ele mesmo', '2017-12-26 13:02:12', NULL, NULL, 2),
(120, 55, 31, '55qtd2.pdf', '20171226130212552', 2, 119.4, '2018-01-31', '2018-01-26', 'Ele mesmo', '2017-12-26 13:02:12', NULL, NULL, 2),
(121, 56, 32, '56qtd1.pdf', '20171226130555561', 2, 119.4, '2017-12-31', '2017-12-26', 'Ele mesmo', '2017-12-26 13:05:55', NULL, NULL, 2),
(122, 56, 32, '56qtd2.pdf', '20171226130555562', 2, 119.4, '2018-01-31', '2018-01-26', 'Ele mesmo', '2017-12-26 13:05:55', NULL, NULL, 2),
(123, 57, 33, '57qtd1.pdf', '20171226131709571', 2, 119.4, '2017-12-31', '2017-12-26', 'Ele mesmo', '2017-12-26 13:17:09', NULL, NULL, 2),
(124, 57, 33, '57qtd2.pdf', '20171226131709572', 2, 119.4, '2018-01-31', '2018-01-26', 'Ele mesmo', '2017-12-26 13:17:09', NULL, NULL, 2),
(125, 58, 34, '58qtd1.pdf', '20171226131938581', 2, 119.4, '2017-12-31', '2017-12-26', 'Ele mesmo', '2017-12-26 13:19:38', NULL, NULL, 2),
(126, 58, 34, '58qtd2.pdf', '20171226131938582', 2, 119.4, '2018-01-31', '2018-01-26', 'Ele mesmo', '2017-12-26 13:19:38', NULL, NULL, 2),
(127, 59, 35, '59qtd1.pdf', '20171226132108591', 2, 119.4, '2017-12-31', '2017-12-26', 'Ele mesmo', '2017-12-26 13:21:08', NULL, NULL, 2),
(128, 59, 35, '59qtd2.pdf', '20171226132108592', 2, 119.4, '2018-01-31', '2018-01-26', 'Ele mesmo', '2017-12-26 13:21:08', NULL, NULL, 2),
(129, 60, 36, '60qtd1.pdf', '20171226132218601', 2, 119.4, '2017-12-31', '2017-12-26', 'Ele mesmo', '2017-12-26 13:22:18', NULL, NULL, 2),
(130, 60, 36, '60qtd2.pdf', '20171226132218602', 2, 119.4, '2018-01-31', '2018-01-26', 'Ele mesmo', '2017-12-26 13:22:18', NULL, NULL, 2),
(131, 61, 37, '61qtd1.pdf', '20171226133117611', 2, 119.4, '2017-12-31', '2017-12-26', 'Ele mesmo', '2017-12-26 13:31:17', NULL, NULL, 2),
(132, 61, 37, '61qtd2.pdf', '20171226133117612', 2, 119.4, '2018-01-31', '2018-01-26', 'Ele mesmo', '2017-12-26 13:31:17', NULL, NULL, 2),
(133, 62, 38, '62qtd1.pdf', '20171226133144621', 2, 119.4, '2017-12-31', '2017-12-26', 'Ele mesmo', '2017-12-26 13:31:44', NULL, NULL, 2),
(134, 62, 38, '62qtd2.pdf', '20171226133144622', 2, 119.4, '2018-01-31', '2018-01-26', 'Ele mesmo', '2017-12-26 13:31:44', NULL, NULL, 2),
(135, 63, 39, '63qtd1.pdf', '20171226133350631', 2, 119.4, '2017-12-31', '2017-12-26', 'Ele mesmo', '2017-12-26 13:33:50', NULL, NULL, 2),
(136, 63, 39, '63qtd2.pdf', '20171226133350632', 2, 119.4, '2018-01-31', '2018-01-26', 'Ele mesmo', '2017-12-26 13:33:50', NULL, NULL, 2),
(137, 64, 40, '64qtd1.pdf', '20171226134246641', 2, 119.4, '2017-12-31', '2017-12-26', 'Ele mesmo', '2017-12-26 13:42:46', NULL, NULL, 2),
(138, 64, 40, '64qtd2.pdf', '20171226134246642', 2, 119.4, '2018-01-31', '2018-01-26', 'Ele mesmo', '2017-12-26 13:42:46', NULL, NULL, 2),
(139, 65, 41, '65qtd1.pdf', '20171226142756651', 1, 238.8, '2017-12-31', '2017-12-26', 'Ele mesmo', '2017-12-26 14:27:56', NULL, '2017-12-26 14:31:18', 1),
(140, 66, 42, '66qtd1.pdf', '20171227153355661', 2, 99.8, '2018-01-01', '2017-12-27', 'Ele mesmo', '2017-12-27 15:33:55', NULL, NULL, 1),
(141, 66, 42, '66qtd2.pdf', '20171227153355662', 2, 99.8, '2018-02-01', '2018-01-27', 'Ele mesmo', '2017-12-27 15:33:55', NULL, NULL, 1),
(142, 66, 42, '66qtd3.pdf', '20171227153355663', 2, 99.8, '2018-03-01', '2018-02-27', 'Ele mesmo', '2017-12-27 15:33:55', NULL, NULL, 1),
(143, 66, 42, '66qtd4.pdf', '20171227153355664', 2, 99.8, '2018-04-01', '2018-03-27', 'Ele mesmo', '2017-12-27 15:33:55', NULL, NULL, 1),
(144, 66, 42, '66qtd5.pdf', '20171227153355665', 2, 99.8, '2018-05-01', '2018-04-27', 'Ele mesmo', '2017-12-27 15:33:55', NULL, NULL, 1),
(145, 66, 42, '66qtd6.pdf', '20171227153355666', 2, 99.8, '2018-06-01', '2018-05-27', 'Ele mesmo', '2017-12-27 15:33:55', NULL, NULL, 1),
(146, 68, 44, '68qtd1.pdf', '20171228101726681', 2, 59.8, '2018-01-02', '2017-12-28', 'Ele mesmo', '2017-12-28 10:17:26', NULL, NULL, 1),
(147, 68, 44, '68qtd2.pdf', '20171228101726682', 2, 59.8, '2018-02-02', '2018-01-28', 'Ele mesmo', '2017-12-28 10:17:26', NULL, NULL, 1),
(148, 68, 44, '68qtd3.pdf', '20171228101726683', 2, 59.8, '2018-03-02', '2018-02-28', 'Ele mesmo', '2017-12-28 10:17:26', NULL, NULL, 1),
(149, 68, 44, '68qtd4.pdf', '20171228101726684', 2, 59.8, '2018-04-02', '2018-03-28', 'Ele mesmo', '2017-12-28 10:17:26', NULL, NULL, 1),
(150, 68, 44, '68qtd5.pdf', '20171228101726685', 2, 59.8, '2018-05-02', '2018-04-28', 'Ele mesmo', '2017-12-28 10:17:26', NULL, NULL, 1),
(151, 68, 44, '68qtd6.pdf', '20171228101726686', 2, 59.8, '2018-06-02', '2018-05-28', 'Ele mesmo', '2017-12-28 10:17:26', NULL, NULL, 1),
(152, 69, 45, '69qtd1.pdf', '20171228101740691', 2, 59.8, '2018-01-02', '2017-12-28', 'Ele mesmo', '2017-12-28 10:17:40', NULL, NULL, 1),
(153, 69, 45, '69qtd2.pdf', '20171228101740692', 2, 59.8, '2018-02-02', '2018-01-28', 'Ele mesmo', '2017-12-28 10:17:40', NULL, NULL, 1),
(154, 69, 45, '69qtd3.pdf', '20171228101740693', 2, 59.8, '2018-03-02', '2018-02-28', 'Ele mesmo', '2017-12-28 10:17:40', NULL, NULL, 1),
(155, 69, 45, '69qtd4.pdf', '20171228101740694', 2, 59.8, '2018-04-02', '2018-03-28', 'Ele mesmo', '2017-12-28 10:17:40', NULL, NULL, 1),
(156, 69, 45, '69qtd5.pdf', '20171228101740695', 2, 59.8, '2018-05-02', '2018-04-28', 'Ele mesmo', '2017-12-28 10:17:40', NULL, NULL, 1),
(157, 69, 45, '69qtd6.pdf', '20171228101740696', 2, 59.8, '2018-06-02', '2018-05-28', 'Ele mesmo', '2017-12-28 10:17:40', NULL, NULL, 1);

-- --------------------------------------------------------

--
-- Table structure for table `tb_caixa`
--

CREATE TABLE `tb_caixa` (
  `co_seq_caixa` int(11) NOT NULL,
  `co_empresa` int(11) DEFAULT NULL,
  `co_cliente` int(11) DEFAULT NULL,
  `nm_caixa` varchar(80) NOT NULL,
  `nu_saldo` double DEFAULT NULL,
  `nu_procedimento` int(11) NOT NULL,
  `st_ativo` tinyint(4) NOT NULL,
  `nm_inclusao` varchar(80) NOT NULL,
  `dt_inclusao` datetime NOT NULL,
  `nm_alteracao` varchar(80) DEFAULT NULL,
  `dt_alteracao` datetime DEFAULT NULL,
  `st_registro` tinyint(4) NOT NULL
) ENGINE=InnoDB DEFAULT CHARSET=utf8 COMMENT='Tabela dos caixas';

--
-- Dumping data for table `tb_caixa`
--

INSERT INTO `tb_caixa` (`co_seq_caixa`, `co_empresa`, `co_cliente`, `nm_caixa`, `nu_saldo`, `nu_procedimento`, `st_ativo`, `nm_inclusao`, `dt_inclusao`, `nm_alteracao`, `dt_alteracao`, `st_registro`) VALUES
(1, 5, NULL, 'Caixa QSade', 557.2, 0, 1, 'Tony Anderson', '2017-08-24 00:00:00', NULL, '2017-11-02 00:42:35', 1),
(2, 1, NULL, 'Caixa Insono', 0, 0, 2, 'Tony Anderson', '2017-08-24 00:00:00', NULL, '2017-11-02 00:42:35', 1);

-- --------------------------------------------------------

--
-- Table structure for table `tb_cartao`
--

CREATE TABLE `tb_cartao` (
  `co_seq_cartao` int(11) NOT NULL,
  `co_cliente` int(11) NOT NULL,
  `nu_cartao` varchar(16) DEFAULT NULL,
  `st_cartao` tinyint(4) NOT NULL,
  `nm_inclusao` varchar(80) NOT NULL,
  `dt_inclusao` datetime NOT NULL,
  `nm_alteracao` varchar(80) DEFAULT NULL,
  `dt_alteracao` datetime DEFAULT NULL,
  `st_registro` tinyint(4) NOT NULL
) ENGINE=InnoDB DEFAULT CHARSET=utf8 COMMENT='Tabela dos cartes dos Clientes';

--
-- Dumping data for table `tb_cartao`
--

INSERT INTO `tb_cartao` (`co_seq_cartao`, `co_cliente`, `nu_cartao`, `st_cartao`, `nm_inclusao`, `dt_inclusao`, `nm_alteracao`, `dt_alteracao`, `st_registro`) VALUES
(8, 33, '8371531176831493', 1, 'Ele mesmo', '2017-10-24 11:55:10', NULL, '2017-10-24 15:50:45', 1),
(9, 34, '8371531176831403', 1, 'Ele mesmo', '2017-10-24 16:32:58', NULL, '2017-10-24 16:34:57', 1),
(10, 35, NULL, 2, 'Ele mesmo', '2017-12-08 10:47:58', NULL, NULL, 1),
(11, 36, NULL, 2, 'Ele mesmo', '2017-12-13 18:38:11', NULL, NULL, 1),
(12, 37, NULL, 2, 'Ele mesmo', '2017-12-14 12:01:33', NULL, NULL, 1),
(22, 47, '9071451176831456', 1, 'Ele mesmo', '2017-12-14 18:32:32', NULL, '2017-12-14 18:32:43', 1),
(24, 49, '9071461176831466', 1, 'Ele mesmo', '2017-12-15 11:52:22', NULL, '2017-12-15 11:52:34', 1),
(25, 50, '9071491176831429', 1, 'Ele mesmo', '2017-12-18 08:45:39', NULL, '2017-12-18 08:46:01', 1),
(26, 51, '9071571176831449', 1, 'Ele mesmo', '2017-12-26 11:19:39', NULL, '2017-12-26 11:20:02', 1),
(27, 52, '9071571176831479', 1, 'Ele mesmo', '2017-12-26 11:32:12', NULL, '2017-12-26 11:32:24', 1),
(28, 53, '9071571176831499', 1, 'Ele mesmo', '2017-12-26 11:57:02', NULL, '2017-12-26 11:57:07', 1),
(29, 54, '9071571176831409', 1, 'Ele mesmo', '2017-12-26 11:57:48', NULL, '2017-12-26 11:57:52', 1),
(30, 55, '9071571176831419', 1, 'Ele mesmo', '2017-12-26 13:02:12', NULL, '2017-12-26 13:02:48', 1),
(31, 56, '9071571176831439', 1, 'Ele mesmo', '2017-12-26 13:05:54', NULL, '2017-12-26 13:05:59', 1),
(32, 57, '9071571176831459', 1, 'Ele mesmo', '2017-12-26 13:17:09', NULL, '2017-12-26 13:17:14', 1),
(33, 58, NULL, 2, 'Ele mesmo', '2017-12-26 13:19:37', NULL, NULL, 1),
(34, 59, NULL, 2, 'Ele mesmo', '2017-12-26 13:21:08', NULL, NULL, 1),
(35, 60, NULL, 2, 'Ele mesmo', '2017-12-26 13:22:17', NULL, NULL, 1),
(36, 61, NULL, 2, 'Ele mesmo', '2017-12-26 13:31:17', NULL, NULL, 1),
(37, 62, NULL, 2, 'Ele mesmo', '2017-12-26 13:31:44', NULL, NULL, 1),
(38, 63, NULL, 2, 'Ele mesmo', '2017-12-26 13:33:50', NULL, NULL, 1),
(39, 64, '9071571176831400', 1, 'Ele mesmo', '2017-12-26 13:42:45', NULL, '2017-12-26 13:42:52', 1),
(40, 65, '9071571176831410', 1, 'Ele mesmo', '2017-12-26 14:27:56', NULL, '2017-12-26 14:28:02', 1),
(41, 66, '9071581176831430', 1, 'Ele mesmo', '2017-12-27 15:33:55', NULL, '2017-12-27 15:34:08', 1),
(42, 67, '9071581176831440', 1, 'Ele mesmo', '2017-12-28 09:18:48', NULL, NULL, 1),
(43, 68, '9071591176831480', 1, 'Ele mesmo', '2017-12-28 10:17:25', NULL, '2017-12-28 10:17:38', 1),
(44, 69, '9071591176831460', 1, 'Ele mesmo', '2017-12-28 10:17:38', NULL, '2017-12-28 10:17:50', 1);

-- --------------------------------------------------------

--
-- Table structure for table `tb_cep`
--

CREATE TABLE `tb_cep` (
  `co_seq_cep` int(11) NOT NULL,
  `nu_cep` int(11) NOT NULL,
  `nm_logradouro` varchar(80) NOT NULL,
  `nm_bairro` varchar(80) NOT NULL,
  `nm_localidade` varchar(80) NOT NULL,
  `nm_uf` varchar(80) NOT NULL,
  `nm_complemento` varchar(80) DEFAULT NULL,
  `nu_endereco` varchar(11) DEFAULT NULL,
  `nm_inclusao` varchar(80) NOT NULL,
  `dt_inclusao` datetime NOT NULL,
  `nm_alteracao` varchar(80) DEFAULT NULL,
  `dt_alteracao` datetime DEFAULT NULL,
  `st_registro` tinyint(4) NOT NULL
) ENGINE=InnoDB DEFAULT CHARSET=utf8 COMMENT='Tabela dos ceps e especificaes do local';

--
-- Dumping data for table `tb_cep`
--

INSERT INTO `tb_cep` (`co_seq_cep`, `nu_cep`, `nm_logradouro`, `nm_bairro`, `nm_localidade`, `nm_uf`, `nm_complemento`, `nu_endereco`, `nm_inclusao`, `dt_inclusao`, `nm_alteracao`, `dt_alteracao`, `st_registro`) VALUES
(1, 72010050, 'C5', 'Taguatinga Centro(Taguatinga)', 'Braslia', 'DF', NULL, NULL, 'Tony Anderson', '2015-08-24 00:00:00', NULL, NULL, 1),
(2, 72160829, 'QNL 18 Via 29', 'Taguatinga Norte (Taguatinga)', 'Braslia', 'DF', '', '', 'Ele mesmo', '2017-10-24 11:55:10', NULL, NULL, 1),
(3, 72220249, 'QNN 24 Conjunto I', 'Ceilndia Sul (Ceilndia)', 'Braslia', 'DF', 'numero da casa', '43', 'Ele mesmo', '2017-12-14 12:01:33', NULL, NULL, 1),
(4, 72405560, 'Quadra 56', 'Setor Central (Gama)', 'Braslia', 'DF', 'Lote 03 bloco A Apt 402 - Edificio Monte Rey ', '03', 'Ele mesmo', '2017-12-14 16:41:16', NULL, NULL, 1),
(5, 71735513, 'SMPW Quadra 5 Conjunto 13', 'Park Way', 'Braslia', 'DF', 'lote', '04', 'Ele mesmo', '2017-12-15 11:32:34', NULL, NULL, 1),
(6, 72231621, 'QNP 16 Conjunto U', 'Ceilndia Sul (Ceilndia)', 'Braslia', 'DF', 'CASA ', '36', 'Ele mesmo', '2017-12-18 08:45:39', NULL, NULL, 1),
(7, 71929360, 'Rua 30', 'Sul (guas Claras)', 'Braslia', 'DF', 'LOTE', '08', 'Ele mesmo', '2017-12-26 11:19:39', NULL, NULL, 1),
(8, 72251013, 'QNO 5 Conjunto M', 'Ceilndia Norte (Ceilndia)', 'Braslia', 'DF', 'CASA ', '44', 'Ele mesmo', '2017-12-26 14:27:56', NULL, NULL, 1),
(9, 71820400, 'QS 4', 'Riacho Fundo I', 'Braslia', 'DF', 'conj ', '5', 'Ele mesmo', '2017-12-28 09:18:48', NULL, NULL, 1),
(10, 72161408, 'QNL 24 Conjunto H', 'Taguatinga Norte (Taguatinga)', 'Braslia', 'DF', 'casa', '18', 'Ele mesmo', '2017-12-28 10:17:25', NULL, NULL, 1);

-- --------------------------------------------------------

--
-- Table structure for table `tb_cliente`
--

CREATE TABLE `tb_cliente` (
  `co_seq_cliente` int(11) NOT NULL,
  `co_usuario` int(11) NOT NULL,
  `co_usuario_registrou` int(11) NOT NULL,
  `co_empresa` int(11) NOT NULL,
  `co_cep` int(11) DEFAULT NULL,
  `co_tipo_cliente` int(11) NOT NULL,
  `nm_cliente` varchar(80) NOT NULL,
  `nm_login` varchar(80) NOT NULL,
  `nm_senha` varchar(80) NOT NULL,
  `st_muda_senha` tinyint(4) NOT NULL,
  `tp_sexo` varchar(8) NOT NULL COMMENT 'M-MASCULINO | F-FEMININO',
  `dt_nascimento` date NOT NULL,
  `nu_rg` varchar(20) NOT NULL,
  `nu_cpf` varchar(11) NOT NULL,
  `nm_email` varchar(80) NOT NULL,
  `st_cliente` tinyint(4) NOT NULL COMMENT '1-ATIVADO | 2-DESATIVADO',
  `nm_inclusao` varchar(80) NOT NULL,
  `dt_inclusao` datetime NOT NULL,
  `nm_alteracao` varchar(80) DEFAULT NULL,
  `dt_alteracao` datetime DEFAULT NULL,
  `st_registro` tinyint(4) NOT NULL
) ENGINE=InnoDB DEFAULT CHARSET=utf8 COMMENT='Tabela dos clientes';

--
-- Dumping data for table `tb_cliente`
--

INSERT INTO `tb_cliente` (`co_seq_cliente`, `co_usuario`, `co_usuario_registrou`, `co_empresa`, `co_cep`, `co_tipo_cliente`, `nm_cliente`, `nm_login`, `nm_senha`, `st_muda_senha`, `tp_sexo`, `dt_nascimento`, `nu_rg`, `nu_cpf`, `nm_email`, `st_cliente`, `nm_inclusao`, `dt_inclusao`, `nm_alteracao`, `dt_alteracao`, `st_registro`) VALUES
(33, 18, 5, 5, 2, 1, 'lucas henrique de assis morais', '04867558192', 'fgrb35!@fhgkjRHQw$%.', 2, '1', '1995-02-11', '3406411', '04867558192', 'luquinhasham145@gmail.com', 2, 'Ele mesmo', '2017-10-24 11:55:10', NULL, '2017-12-26 12:23:45', 1),
(34, 19, 5, 5, 1, 1, 'Tony Anderson Brinck Xavier', '00702786101', 'fgrb35!@fhgkjRHQw$%.', 2, '1', '1986-11-24', '2484016', '00702786101', 'tabx.php@gmail.com', 2, 'Ele mesmo', '2017-10-24 16:32:58', NULL, '2017-12-26 12:23:52', 1),
(35, 20, 5, 5, 1, 1, 'Teste Para Testar', '00702786101', 'fgrb35!@fhgkjRHQw$%.', 1, '1', '2017-12-08', '767567657', '00702786101', 'tabx.php@gmail.com', 2, 'Ele mesmo', '2017-12-08 10:47:58', NULL, '2017-12-26 12:23:55', 1),
(36, 21, 5, 5, 1, 1, 'Tony Anderson Brinck Xavier', '00702786101', 'fgrb35!@fhgkjRHQw$%.', 2, '1', '1986-11-24', '2484016', '00702786101', 'tabx.php@gmail.com', 2, 'Ele mesmo', '2017-12-13 18:38:11', NULL, '2017-12-26 12:23:59', 1),
(37, 22, 5, 5, 3, 1, 'laura stefany da silva gomes de moraes', '05316931122', 'fgrb35!@fhgkjRHQw$%.', 1, '2', '1996-05-18', '3148768', '05316931122', 'laurateffanyy18@gmail.com', 2, 'Ele mesmo', '2017-12-14 12:01:33', NULL, '2017-12-18 08:19:31', 1),
(47, 34, 5, 5, 4, 1, 'Adriana de Santana Rezende', '78013208168', 'fgrb35!@fhgkjRHQw$%.', 2, '2', '1972-10-01', '1280760', '78013208168', 'adry_rezende@hotmail.com', 1, 'Ele mesmo', '2017-12-14 18:32:32', NULL, NULL, 1),
(49, 36, 5, 5, 5, 1, 'MARIA IVANEIDE RODRIGUES DOS SANTOS', '64746313172', 'fgrb35!@fhgkjRHQw$%.', 1, '2', '1956-05-26', '1531777', '64746313172', 'hrluxosdenoiva@gmail.com', 1, 'Ele mesmo', '2017-12-15 11:52:22', NULL, NULL, 1),
(50, 39, 5, 5, 6, 1, 'CLAUDIONOR MACIEL RODRIGUES DE ALMEIDA', '51203561172', 'fgrb35!@fhgkjRHQw$%.', 1, '1', '1971-01-22', '1267969', '51203561172', 'claudionormaciel@hotmail.com', 1, 'Ele mesmo', '2017-12-18 08:45:39', NULL, '2017-12-26 08:25:34', 1),
(51, 40, 5, 5, 7, 1, 'SILVIA SANDRA DE ARAUJO', '09441760110', 'fgrb35!@fhgkjRHQw$%.', 1, '2', '1954-05-20', '380218', '09441760110', 'silviaaraujodesigner@gmail.com', 1, 'Ele mesmo', '2017-12-26 11:19:39', NULL, NULL, 2),
(52, 41, 5, 5, 7, 1, 'SILVIA SANDRA DE ARAUJO', '09441760110', 'fgrb35!@fhgkjRHQw$%.', 2, '2', '1954-05-20', '380218', '09441760110', 'silviaaraujodesigner@gmail.com', 1, 'Ele mesmo', '2017-12-26 11:32:12', NULL, '2017-12-26 12:18:28', 1),
(53, 43, 5, 5, 1, 1, 'Teste Para Testar', '00702786101', 'fgrb35!@fhgkjRHQw$%.', 1, '1', '2017-12-26', '242342343243', '00702786101', 'tabx.php@gmail.com', 1, 'Ele mesmo', '2017-12-26 11:57:02', NULL, NULL, 2),
(54, 44, 5, 5, 1, 1, 'Teste Para Testar', '00702786101', 'fgrb35!@fhgkjRHQw$%.', 1, '1', '2017-12-26', '242342343243', '00702786101', 'tabx.php@gmail.com', 1, 'Ele mesmo', '2017-12-26 11:57:48', NULL, NULL, 2),
(55, 45, 5, 5, 1, 1, 'Teste Para Testar', '00702786101', 'fgrb35!@fhgkjRHQw$%.', 1, '1', '2017-12-26', '242342343243', '00702786101', 'tabx.php@gmail.com', 1, 'Ele mesmo', '2017-12-26 13:02:12', NULL, NULL, 2),
(56, 46, 5, 5, 1, 1, 'Teste Para Testar', '00702786101', 'fgrb35!@fhgkjRHQw$%.', 1, '1', '2017-12-26', '242342343243', '00702786101', 'tabx.php@gmail.com', 1, 'Ele mesmo', '2017-12-26 13:05:54', NULL, NULL, 2),
(57, 47, 5, 5, 1, 1, 'Teste Para Testar', '00702786101', 'fgrb35!@fhgkjRHQw$%.', 1, '1', '2017-12-26', '242342343243', '00702786101', 'tabx.php@gmail.com', 1, 'Ele mesmo', '2017-12-26 13:17:09', NULL, NULL, 2),
(58, 48, 5, 5, 1, 1, 'Teste Para Testar', '00702786101', 'fgrb35!@fhgkjRHQw$%.', 1, '1', '2017-12-26', '242342343243', '00702786101', 'tabx.php@gmail.com', 1, 'Ele mesmo', '2017-12-26 13:19:37', NULL, NULL, 2),
(59, 49, 5, 5, 1, 1, 'Teste Para Testar', '00702786101', 'fgrb35!@fhgkjRHQw$%.', 1, '1', '2017-12-26', '242342343243', '00702786101', 'tabx.php@gmail.com', 1, 'Ele mesmo', '2017-12-26 13:21:08', NULL, NULL, 2),
(60, 50, 5, 5, 1, 1, 'Teste Para Testar', '00702786101', 'fgrb35!@fhgkjRHQw$%.', 1, '1', '2017-12-26', '242342343243', '00702786101', 'tabx.php@gmail.com', 1, 'Ele mesmo', '2017-12-26 13:22:17', NULL, NULL, 2),
(61, 51, 5, 5, 1, 1, 'Teste Para Testar', '00702786101', 'fgrb35!@fhgkjRHQw$%.', 1, '1', '2017-12-26', '242342343243', '00702786101', 'tabx.php@gmail.com', 1, 'Ele mesmo', '2017-12-26 13:31:17', NULL, NULL, 2),
(62, 52, 5, 5, 1, 1, 'Teste Para Testar', '00702786101', 'fgrb35!@fhgkjRHQw$%.', 1, '1', '2017-12-26', '242342343243', '00702786101', 'tabx.php@gmail.com', 1, 'Ele mesmo', '2017-12-26 13:31:44', NULL, NULL, 2),
(63, 53, 5, 5, 1, 1, 'Teste Para Testar', '00702786101', 'fgrb35!@fhgkjRHQw$%.', 1, '1', '2017-12-26', '242342343243', '00702786101', 'tabx.php@gmail.com', 1, 'Ele mesmo', '2017-12-26 13:33:50', NULL, NULL, 2),
(64, 54, 5, 5, 1, 1, 'Teste Para Testar', '00702786101', 'fgrb35!@fhgkjRHQw$%.', 1, '1', '2017-12-26', '242342343243', '00702786101', 'tabx.php@gmail.com', 1, 'Ele mesmo', '2017-12-26 13:42:45', NULL, NULL, 2),
(65, 55, 5, 5, 8, 1, 'ANA LUZIA TAVARES CARDOZO DOS SANTOS', '11895721172', 'fgrb35!@fhgkjRHQw$%.', 2, '2', '1936-05-30', '197334', '11895721172', 'ntcardozo123@gmail.com', 1, 'Ele mesmo', '2017-12-26 14:27:56', NULL, NULL, 1),
(66, 56, 5, 5, 5, 1, 'Maria Ivaneide Rodrigues dos Santos', '64746313172', 'fgrb35!@fhgkjRHQw$%.', 2, '2', '1956-05-26', '1531777', '64746313172', 'cinthia.fafa@gmail.com', 1, 'Ele mesmo', '2017-12-27 15:33:55', NULL, '2017-12-27 15:37:54', 2),
(67, 57, 5, 5, 9, 1, 'REGINA GOMES DE ARAUJO BATISTA', '69945381172', 'fgrb35!@fhgkjRHQw$%.', 1, '2', '1974-06-15', '1610323', '69945381172', 'reginnagb@hotmail.com', 1, 'Ele mesmo', '2017-12-28 09:18:48', NULL, '2017-12-28 09:21:31', 1),
(68, 58, 5, 5, 10, 1, 'JUVENAL ALVES CABRAL', '06689140172', 'fgrb35!@fhgkjRHQw$%.', 1, '1', '1987-07-09', '884862', '06689140172', 'jac057@gmail.com', 1, 'Ele mesmo', '2017-12-28 10:17:25', NULL, NULL, 1),
(69, 59, 5, 5, 10, 1, 'JUVENAL ALVES CABRAL', '06689140172', 'fgrb35!@fhgkjRHQw$%.', 1, '1', '1987-07-09', '884862', '06689140172', 'jac057@gmail.com', 1, 'Ele mesmo', '2017-12-28 10:17:38', NULL, NULL, 1);

-- --------------------------------------------------------

--
-- Table structure for table `tb_configuracao`
--

CREATE TABLE `tb_configuracao` (
  `co_seq_configuracao` int(11) NOT NULL,
  `co_usuario` int(11) NOT NULL,
  `co_tipo_usuario` int(11) NOT NULL,
  `tx_email_cadastro` text NOT NULL,
  `nm_email_login_cadastro` varchar(80) NOT NULL,
  `nm_email_senha_cadastro` varchar(80) NOT NULL,
  `nm_email_port_cadastro` varchar(80) NOT NULL,
  `nm_email_smtp_cadastro` varchar(80) NOT NULL,
  `nm_url_sistema` varchar(80) NOT NULL,
  `nm_url_absoluta` varchar(80) NOT NULL,
  `nm_inclusao` varchar(80) NOT NULL,
  `dt_inclusao` datetime NOT NULL,
  `nm_alteracao` varchar(80) DEFAULT NULL,
  `dt_alteracao` datetime DEFAULT NULL,
  `st_registro` tinyint(4) NOT NULL
) ENGINE=InnoDB DEFAULT CHARSET=utf8 COMMENT='Tabela de emails dos Clientes';

--
-- Dumping data for table `tb_configuracao`
--

INSERT INTO `tb_configuracao` (`co_seq_configuracao`, `co_usuario`, `co_tipo_usuario`, `tx_email_cadastro`, `nm_email_login_cadastro`, `nm_email_senha_cadastro`, `nm_email_port_cadastro`, `nm_email_smtp_cadastro`, `nm_url_sistema`, `nm_url_absoluta`, `nm_inclusao`, `dt_inclusao`, `nm_alteracao`, `dt_alteracao`, `st_registro`) VALUES
(1, 1, 1, '<br/><br/><center><h2>Cadastro efetuado com sucesso</h2></center><br/><br/><p align="justify">???, seu cadastro foi realizado com sucesso, para inserir sua senha, clique no link que segue -><a href="???/cliente/senha/code/???">INSERIR SENHA</a>.</p><p><br/><br/><br/><br/><br/><br/></p><p><h3><font color=\\\'#742021\\\'>Q Sade Vantagens para voc!</font></h3></p>', 'qsaudevantagens@gmail.com', 'qsaude7378', '465', 'smtp.gmail.com', 'http://www.qsaudevantagens.com.br', '/var/www/html', 'Tony Anderson', '2015-08-24 00:00:00', NULL, NULL, 1);

-- --------------------------------------------------------

--
-- Table structure for table `tb_consulta`
--

CREATE TABLE `tb_consulta` (
  `co_seq_consulta` int(11) NOT NULL,
  `nm_consulta` varchar(80) NOT NULL,
  `st_procedimento` int(11) NOT NULL DEFAULT '2',
  `nm_inclusao` varchar(80) NOT NULL,
  `dt_inclusao` datetime NOT NULL,
  `nm_alteracao` varchar(80) DEFAULT NULL,
  `dt_alteracao` datetime DEFAULT NULL,
  `st_registro` tinyint(4) NOT NULL
) ENGINE=InnoDB DEFAULT CHARSET=utf8 COMMENT='Tabela das consultas';

--
-- Dumping data for table `tb_consulta`
--

INSERT INTO `tb_consulta` (`co_seq_consulta`, `nm_consulta`, `st_procedimento`, `nm_inclusao`, `dt_inclusao`, `nm_alteracao`, `dt_alteracao`, `st_registro`) VALUES
(1, 'Nutrio Clnica ', 1, 'Tony Anderson', '2017-08-24 00:00:00', NULL, '2017-10-17 11:28:37', 1),
(2, 'Pneumologia', 1, 'Tony Anderson', '2017-08-24 00:00:00', NULL, '2017-10-17 11:23:19', 1),
(3, 'Clnica Mdica ', 1, 'Ele mesmo', '2017-10-17 11:17:14', NULL, NULL, 1),
(4, 'Psiquiatria ', 1, 'Ele mesmo', '2017-10-17 11:23:07', NULL, NULL, 1),
(5, 'Psicologia', 1, 'Ele mesmo', '2017-10-17 11:24:17', NULL, NULL, 1),
(6, 'Reumatologia ', 1, 'Ele mesmo', '2017-10-17 11:24:35', NULL, NULL, 1),
(7, 'Ginecologia ', 1, 'Ele mesmo', '2017-10-17 11:25:09', NULL, NULL, 1),
(8, 'Endocrinologia Clnica ', 1, 'Ele mesmo', '2017-10-17 11:25:49', NULL, '2017-10-17 11:27:03', 1),
(9, 'Otorrinolaringologia ', 1, 'Ele mesmo', '2017-10-17 11:26:15', NULL, NULL, 1),
(10, 'Neurologia ', 1, 'Ele mesmo', '2017-10-17 11:26:49', NULL, NULL, 1),
(11, 'Endocrinologia Esportiva ', 1, 'Ele mesmo', '2017-10-17 11:27:24', NULL, NULL, 1),
(12, 'Nutrio Esportiva ', 1, 'Ele mesmo', '2017-10-17 11:27:47', NULL, NULL, 1),
(13, 'Neuropediatria ', 1, 'Ele mesmo', '2017-10-17 11:28:10', NULL, NULL, 1),
(14, 'Angiologia ', 1, 'Ele mesmo', '2017-10-17 11:31:35', NULL, NULL, 1),
(15, 'Ortopedia', 1, 'Ele mesmo', '2017-10-17 11:33:27', NULL, NULL, 1),
(16, 'Urologia ', 1, 'Ele mesmo', '2017-10-17 11:34:11', NULL, NULL, 1),
(17, 'Dermatologia ', 1, 'Ele mesmo', '2017-10-17 11:34:46', NULL, NULL, 1),
(18, 'Cardiologia ', 1, 'Ele mesmo', '2017-10-17 11:35:43', NULL, NULL, 1),
(19, 'Pediatria ', 1, 'Ele mesmo', '2017-10-17 11:45:30', NULL, NULL, 1),
(20, 'Avaliao Fonoaudiolgica ', 1, 'Ele mesmo', '2017-10-17 11:50:24', NULL, NULL, 1),
(21, 'Medicina do Sono ', 1, 'Ele mesmo', '2017-10-17 11:58:41', NULL, NULL, 1);

-- --------------------------------------------------------

--
-- Table structure for table `tb_contato`
--

CREATE TABLE `tb_contato` (
  `co_seq_contato` int(11) NOT NULL,
  `co_cliente` int(11) DEFAULT NULL,
  `nm_nome` varchar(80) NOT NULL,
  `nm_email` varchar(80) NOT NULL,
  `tx_mensagem` text NOT NULL,
  `tp_envio` tinyint(4) NOT NULL COMMENT '1 no mobile | 2 mobile',
  `nm_inclusao` varchar(80) NOT NULL,
  `dt_inclusao` datetime NOT NULL,
  `nm_alteracao` varchar(80) DEFAULT NULL,
  `dt_alteracao` datetime DEFAULT NULL,
  `st_registro` tinyint(4) NOT NULL
) ENGINE=InnoDB DEFAULT CHARSET=utf8 COMMENT='Tabela de contatos enviados';

--
-- Dumping data for table `tb_contato`
--

INSERT INTO `tb_contato` (`co_seq_contato`, `co_cliente`, `nm_nome`, `nm_email`, `tx_mensagem`, `tp_envio`, `nm_inclusao`, `dt_inclusao`, `nm_alteracao`, `dt_alteracao`, `st_registro`) VALUES
(1, NULL, 'Josevaldo', 'joopiaui@gmail.com', 'Saber o que  o QSade', 1, 'Ele mesmo', '2017-10-19 14:13:33', NULL, NULL, 1);

-- --------------------------------------------------------

--
-- Table structure for table `tb_contrato_gog`
--

CREATE TABLE `tb_contrato_gog` (
  `co_seq_contrato_gog` int(11) NOT NULL,
  `nm_contrato_gog` varchar(80) NOT NULL,
  `nm_apelido` varchar(80) NOT NULL,
  `lk_contrato_gog` varchar(80) DEFAULT NULL,
  `nu_meses` tinyint(4) NOT NULL,
  `lk_img_contrato_gog` varchar(80) DEFAULT NULL,
  `tx_contrato_gog` text,
  `nu_valor` double NOT NULL,
  `nu_dependentes` tinyint(4) NOT NULL,
  `nm_inclusao` varchar(80) NOT NULL,
  `dt_inclusao` datetime NOT NULL,
  `nm_alteracao` varchar(80) DEFAULT NULL,
  `dt_alteracao` datetime DEFAULT NULL,
  `st_registro` tinyint(4) NOT NULL
) ENGINE=InnoDB DEFAULT CHARSET=utf8 COMMENT='Tabela dos contratos gog';

--
-- Dumping data for table `tb_contrato_gog`
--

INSERT INTO `tb_contrato_gog` (`co_seq_contrato_gog`, `nm_contrato_gog`, `nm_apelido`, `lk_contrato_gog`, `nu_meses`, `lk_img_contrato_gog`, `tx_contrato_gog`, `nu_valor`, `nu_dependentes`, `nm_inclusao`, `dt_inclusao`, `nm_alteracao`, `dt_alteracao`, `st_registro`) VALUES
(1, 'Fitness', '', 'contrato_fitness.pdf', 12, NULL, NULL, 177, 5, 'Tony Anderson', '2017-04-06 00:00:00', NULL, NULL, 2),
(2, 'Teen', '', 'contrato_teen.pdf', 12, NULL, NULL, 220, 5, 'Tony Anderson', '2017-04-06 00:00:00', NULL, NULL, 2),
(3, 'Homem', '', 'contrato_homem.pdf', 12, NULL, NULL, 320, 5, 'Tony Anderson', '2017-04-06 00:00:00', NULL, '2017-10-31 11:25:29', 2),
(4, 'Mulher', '', 'contrato_mulher.pdf', 12, NULL, NULL, 540, 5, 'Tony Anderson', '2017-04-06 00:00:00', NULL, NULL, 2),
(5, 'Melhor Idade', '', 'contrato_melhor_idade.pdf', 12, NULL, NULL, 643, 5, 'Tony Anderson', '2017-04-06 00:00:00', NULL, NULL, 2),
(6, 'CONTRATO DE ADESO Q SADE VANTAGENS', '', '', 12, NULL, NULL, 598, 4, 'Ele mesmo', '2017-10-25 17:42:12', NULL, '2017-10-31 11:25:48', 2),
(7, 'Single', '', 'CONTRATO DE ADESO  SINGLE.pdf', 12, 'img03.png', 'CONTRATO DE ADESO  SINGLE', 238.8, 0, 'Ele mesmo', '2017-11-01 10:36:27', NULL, '2017-11-01 10:55:14', 2),
(8, 'Plus', '', 'CONTRATO DE ADESO Q SADE PLUS.pdf', 12, 'plus.png', 'Contrato com 1 dependente.', 358.8, 1, 'Ele mesmo', '2017-11-01 10:52:29', NULL, '2017-11-01 10:55:17', 2),
(9, 'SINGLE', '', 'CONTRATO DE ADESO  SINGLE.pdf', 12, 'single.png', 'Plano unitrio', 238.8, 0, 'Ele mesmo', '2017-11-01 10:56:51', NULL, '2017-11-01 10:57:15', 2),
(10, 'SINGLE', '', 'CONTRATO DE ADESO  SINGLE.pdf', 12, 'single.png', 'Contrato unitrio.', 238.8, 0, 'Ele mesmo', '2017-11-01 11:15:09', NULL, '2017-11-01 11:15:52', 2),
(11, 'SINGLE', '', 'CONTRATO DE ADESO  SINGLE.pdf', 12, 'single.png', 'Plano unitrio.', 238.8, 0, 'Ele mesmo', '2017-11-01 11:17:41', NULL, '2017-11-01 11:20:46', 2),
(12, 'Single', 'Para Voc', 'CONTRATO DE ADESO  SINGLE.pdf', 12, 'single.png', 'Plano unitrio', 238.8, 0, 'Ele mesmo', '2017-11-01 11:23:18', NULL, NULL, 1),
(13, 'Plus', 'Ns 2', 'CONTRATO DE ADESO Q SADE PLUS.pdf', 12, 'plus.png', 'Contrato com 1 dependente.', 358.8, 1, 'Ele mesmo', '2017-11-01 11:29:50', NULL, NULL, 1),
(14, 'Master', 'Famlia ou 5', 'CONTRATO DE ADESO Q SADE MASTER.pdf', 12, 'master.png', 'Contrato com mais 4 dependentes.', 598.8, 4, 'Ele mesmo', '2017-11-01 11:31:56', NULL, NULL, 1);

-- --------------------------------------------------------

--
-- Table structure for table `tb_corpo_clinico`
--

CREATE TABLE `tb_corpo_clinico` (
  `co_seq_corpo_clinico` int(11) NOT NULL,
  `co_tipo_corpo_clinico` int(11) NOT NULL,
  `nm_corpo_clinico` varchar(80) NOT NULL,
  `nu_login` varchar(80) NOT NULL,
  `nm_inclusao` varchar(80) NOT NULL,
  `dt_inclusao` datetime NOT NULL,
  `nm_alteracao` varchar(80) DEFAULT NULL,
  `dt_alteracao` datetime DEFAULT NULL,
  `st_registro` tinyint(4) NOT NULL
) ENGINE=InnoDB DEFAULT CHARSET=utf8 COMMENT='Tabela dos Corpo Clnico';

--
-- Dumping data for table `tb_corpo_clinico`
--

INSERT INTO `tb_corpo_clinico` (`co_seq_corpo_clinico`, `co_tipo_corpo_clinico`, `nm_corpo_clinico`, `nu_login`, `nm_inclusao`, `dt_inclusao`, `nm_alteracao`, `dt_alteracao`, `st_registro`) VALUES
(1, 1, 'Angiologista ', '0', 'Ele mesmo', '2017-11-06 16:38:43', NULL, NULL, 1),
(2, 1, 'Clnico geral ', '0', 'Ele mesmo', '2017-11-06 16:41:28', NULL, NULL, 1),
(3, 2, 'Nutricionista Clnica ', '0', 'Ele mesmo', '2017-11-06 16:41:57', NULL, NULL, 1),
(4, 2, 'Nutricionista Esportiva ', '0', 'Ele mesmo', '2017-11-06 16:42:17', NULL, NULL, 1),
(5, 1, 'Endocrinologista - Adulto e Criana ', '0', 'Ele mesmo', '2017-11-06 16:43:02', NULL, '2017-11-06 16:44:11', 1),
(6, 1, 'Endocrinologista Esportivo ', '0', 'Ele mesmo', '2017-11-06 16:43:23', NULL, NULL, 1),
(7, 1, 'Pediatra ', '0', 'Ele mesmo', '2017-11-06 16:44:24', NULL, NULL, 1),
(8, 1, 'Neurologista ', '0', 'Ele mesmo', '2017-11-06 16:44:42', NULL, NULL, 1),
(9, 1, 'Neuropediatra ', '0', 'Ele mesmo', '2017-11-06 16:44:56', NULL, NULL, 1),
(10, 1, 'Psiquiatra - Adulto e Infantil ', '0', 'Ele mesmo', '2017-11-06 16:45:19', NULL, NULL, 1),
(11, 1, 'Urologista ', '0', 'Ele mesmo', '2017-11-06 16:45:39', NULL, NULL, 1),
(12, 3, 'Avaliao Fonoaudiolgica ', '0', 'Ele mesmo', '2017-11-06 16:45:59', NULL, NULL, 1),
(13, 1, 'Ginecologista e Obstetrcia ', '0', 'Ele mesmo', '2017-11-06 16:47:34', NULL, NULL, 1),
(14, 1, 'Cardiologista ', '0', 'Ele mesmo', '2017-11-06 16:47:52', NULL, NULL, 1),
(15, 1, 'Ortopedista ', '0', 'Ele mesmo', '2017-11-06 16:48:08', NULL, NULL, 1),
(16, 1, 'Pneumologista ', '0', 'Ele mesmo', '2017-11-06 16:48:23', NULL, NULL, 1),
(17, 1, 'Medicina do Sono ', '0', 'Ele mesmo', '2017-11-06 16:48:42', NULL, NULL, 1),
(18, 1, 'Otorrinolaringologista ', '0', 'Ele mesmo', '2017-11-06 16:49:00', NULL, NULL, 1),
(19, 1, 'Reumatologista ', '0', 'Ele mesmo', '2017-11-06 16:49:27', NULL, NULL, 1),
(20, 1, 'Dermatologista ', '0', 'Ele mesmo', '2017-11-06 16:49:44', NULL, NULL, 1);

-- --------------------------------------------------------

--
-- Table structure for table `tb_ddd`
--

CREATE TABLE `tb_ddd` (
  `co_seq_ddd` int(11) NOT NULL,
  `co_estado` int(11) NOT NULL,
  `nu_ddd` tinyint(4) NOT NULL,
  `nm_inclusao` varchar(80) NOT NULL,
  `dt_inclusao` datetime NOT NULL,
  `nm_alteracao` varchar(80) DEFAULT NULL,
  `dt_alteracao` datetime DEFAULT NULL,
  `st_registro` tinyint(4) NOT NULL
) ENGINE=InnoDB DEFAULT CHARSET=utf8 COMMENT='Unidades Federativas';

--
-- Dumping data for table `tb_ddd`
--

INSERT INTO `tb_ddd` (`co_seq_ddd`, `co_estado`, `nu_ddd`, `nm_inclusao`, `dt_inclusao`, `nm_alteracao`, `dt_alteracao`, `st_registro`) VALUES
(1, 1, 68, 'Tony Anderson', '2017-08-24 00:00:00', NULL, NULL, 1),
(2, 2, 82, 'Tony Anderson', '2017-08-24 00:00:00', NULL, NULL, 1),
(3, 3, 97, 'Tony Anderson', '2017-08-24 00:00:00', NULL, NULL, 1),
(4, 3, 92, 'Tony Anderson', '2017-08-24 00:00:00', NULL, NULL, 1),
(5, 4, 96, 'Tony Anderson', '2017-08-24 00:00:00', NULL, NULL, 1),
(6, 5, 77, 'Tony Anderson', '2017-08-24 00:00:00', NULL, NULL, 1),
(7, 5, 75, 'Tony Anderson', '2017-08-24 00:00:00', NULL, NULL, 1),
(8, 5, 73, 'Tony Anderson', '2017-08-24 00:00:00', NULL, NULL, 1),
(9, 5, 74, 'Tony Anderson', '2017-08-24 00:00:00', NULL, NULL, 1),
(10, 5, 71, 'Tony Anderson', '2017-08-24 00:00:00', NULL, NULL, 1),
(11, 6, 88, 'Tony Anderson', '2017-08-24 00:00:00', NULL, NULL, 1),
(12, 6, 85, 'Tony Anderson', '2017-08-24 00:00:00', NULL, NULL, 1),
(13, 7, 61, 'Tony Anderson', '2017-08-24 00:00:00', NULL, NULL, 1),
(14, 8, 28, 'Tony Anderson', '2017-08-24 00:00:00', NULL, NULL, 1),
(15, 8, 27, 'Tony Anderson', '2017-08-24 00:00:00', NULL, NULL, 1),
(16, 9, 62, 'Tony Anderson', '2017-08-24 00:00:00', NULL, NULL, 1),
(17, 9, 64, 'Tony Anderson', '2017-08-24 00:00:00', NULL, NULL, 1),
(18, 9, 61, 'Tony Anderson', '2017-08-24 00:00:00', NULL, NULL, 1),
(19, 10, 99, 'Tony Anderson', '2017-08-24 00:00:00', NULL, NULL, 1),
(20, 10, 98, 'Tony Anderson', '2017-08-24 00:00:00', NULL, NULL, 1),
(21, 11, 34, 'Tony Anderson', '2017-08-24 00:00:00', NULL, NULL, 1),
(22, 11, 37, 'Tony Anderson', '2017-08-24 00:00:00', NULL, NULL, 1),
(23, 11, 31, 'Tony Anderson', '2017-08-24 00:00:00', NULL, NULL, 1),
(24, 11, 33, 'Tony Anderson', '2017-08-24 00:00:00', NULL, NULL, 1),
(25, 11, 35, 'Tony Anderson', '2017-08-24 00:00:00', NULL, NULL, 1),
(26, 11, 38, 'Tony Anderson', '2017-08-24 00:00:00', NULL, NULL, 1),
(27, 11, 32, 'Tony Anderson', '2017-08-24 00:00:00', NULL, NULL, 1),
(28, 12, 67, 'Tony Anderson', '2017-08-24 00:00:00', NULL, NULL, 1),
(29, 13, 65, 'Tony Anderson', '2017-08-24 00:00:00', NULL, NULL, 1),
(30, 13, 66, 'Tony Anderson', '2017-08-24 00:00:00', NULL, NULL, 1),
(31, 14, 91, 'Tony Anderson', '2017-08-24 00:00:00', NULL, NULL, 1),
(32, 14, 94, 'Tony Anderson', '2017-08-24 00:00:00', NULL, NULL, 1),
(33, 14, 93, 'Tony Anderson', '2017-08-24 00:00:00', NULL, NULL, 1),
(34, 15, 83, 'Tony Anderson', '2017-08-24 00:00:00', NULL, NULL, 1),
(35, 16, 81, 'Tony Anderson', '2017-08-24 00:00:00', NULL, NULL, 1),
(36, 16, 87, 'Tony Anderson', '2017-08-24 00:00:00', NULL, NULL, 1),
(37, 17, 89, 'Tony Anderson', '2017-08-24 00:00:00', NULL, NULL, 1),
(38, 17, 86, 'Tony Anderson', '2017-08-24 00:00:00', NULL, NULL, 1),
(39, 18, 43, 'Tony Anderson', '2017-08-24 00:00:00', NULL, NULL, 1),
(40, 18, 41, 'Tony Anderson', '2017-08-24 00:00:00', NULL, NULL, 1),
(41, 18, 42, 'Tony Anderson', '2017-08-24 00:00:00', NULL, NULL, 1),
(42, 18, 44, 'Tony Anderson', '2017-08-24 00:00:00', NULL, NULL, 1),
(43, 18, 45, 'Tony Anderson', '2017-08-24 00:00:00', NULL, NULL, 1),
(44, 18, 46, 'Tony Anderson', '2017-08-24 00:00:00', NULL, NULL, 1),
(45, 19, 24, 'Tony Anderson', '2017-08-24 00:00:00', NULL, NULL, 1),
(46, 19, 22, 'Tony Anderson', '2017-08-24 00:00:00', NULL, NULL, 1),
(47, 19, 21, 'Tony Anderson', '2017-08-24 00:00:00', NULL, NULL, 1),
(48, 20, 84, 'Tony Anderson', '2017-08-24 00:00:00', NULL, NULL, 1),
(49, 21, 69, 'Tony Anderson', '2017-08-24 00:00:00', NULL, NULL, 1),
(50, 22, 95, 'Tony Anderson', '2017-08-24 00:00:00', NULL, NULL, 1),
(51, 23, 53, 'Tony Anderson', '2017-08-24 00:00:00', NULL, NULL, 1),
(52, 23, 54, 'Tony Anderson', '2017-08-24 00:00:00', NULL, NULL, 1),
(53, 23, 55, 'Tony Anderson', '2017-08-24 00:00:00', NULL, NULL, 1),
(54, 23, 51, 'Tony Anderson', '2017-08-24 00:00:00', NULL, NULL, 1),
(55, 24, 47, 'Tony Anderson', '2017-08-24 00:00:00', NULL, NULL, 1),
(56, 24, 48, 'Tony Anderson', '2017-08-24 00:00:00', NULL, NULL, 1),
(57, 24, 49, 'Tony Anderson', '2017-08-24 00:00:00', NULL, NULL, 1),
(58, 25, 79, 'Tony Anderson', '2017-08-24 00:00:00', NULL, NULL, 1),
(59, 26, 11, 'Tony Anderson', '2017-08-24 00:00:00', NULL, NULL, 1),
(60, 26, 12, 'Tony Anderson', '2017-08-24 00:00:00', NULL, NULL, 1),
(61, 26, 13, 'Tony Anderson', '2017-08-24 00:00:00', NULL, NULL, 1),
(62, 26, 14, 'Tony Anderson', '2017-08-24 00:00:00', NULL, NULL, 1),
(63, 26, 15, 'Tony Anderson', '2017-08-24 00:00:00', NULL, NULL, 1),
(64, 26, 16, 'Tony Anderson', '2017-08-24 00:00:00', NULL, NULL, 1),
(65, 26, 17, 'Tony Anderson', '2017-08-24 00:00:00', NULL, NULL, 1),
(66, 26, 18, 'Tony Anderson', '2017-08-24 00:00:00', NULL, NULL, 1),
(67, 26, 19, 'Tony Anderson', '2017-08-24 00:00:00', NULL, NULL, 1),
(68, 26, 19, 'Tony Anderson', '2017-08-24 00:00:00', NULL, NULL, 1),
(69, 27, 63, 'Tony Anderson', '2017-08-24 00:00:00', NULL, NULL, 1),
(70, 28, 100, 'Tony Anderson', '2017-08-24 00:00:00', NULL, NULL, 1);

-- --------------------------------------------------------

--
-- Table structure for table `tb_dependentes`
--

CREATE TABLE `tb_dependentes` (
  `co_seq_dependentes` int(11) NOT NULL,
  `co_tipo_dependentes` int(11) NOT NULL,
  `co_acordo` int(11) NOT NULL,
  `nm_dependente` varchar(80) NOT NULL,
  `dt_nascimento` date NOT NULL,
  `nu_rg` varchar(80) NOT NULL,
  `nu_cpf` varchar(80) NOT NULL,
  `nm_email` varchar(80) NOT NULL,
  `nm_inclusao` varchar(80) NOT NULL,
  `dt_inclusao` datetime NOT NULL,
  `nm_alteracao` varchar(80) DEFAULT NULL,
  `dt_alteracao` datetime DEFAULT NULL,
  `st_registro` tinyint(4) NOT NULL
) ENGINE=InnoDB DEFAULT CHARSET=utf8 COMMENT='Tabela dos dependentes dos clientes';

--
-- Dumping data for table `tb_dependentes`
--

INSERT INTO `tb_dependentes` (`co_seq_dependentes`, `co_tipo_dependentes`, `co_acordo`, `nm_dependente`, `dt_nascimento`, `nu_rg`, `nu_cpf`, `nm_email`, `nm_inclusao`, `dt_inclusao`, `nm_alteracao`, `dt_alteracao`, `st_registro`) VALUES
(1, 1, 23, 'WASHINGTON CESAR RIBEIRO', '1974-04-23', '6929542', '952.523.716-87', 'ADRY_REZENDE@HOTMAIL.COM', 'Ele mesmo', '2017-12-15 12:39:32', NULL, NULL, 1),
(2, 8, 23, 'Adalberto Rezende Neto', '1990-11-24', '2659898', '096.541.756-57', 'ADRY_REZENDE@HOTMAIL.COM', 'Ele mesmo', '2017-12-15 12:43:28', NULL, NULL, 1),
(3, 2, 23, 'Vittrya de Santana Rezende Ribeiro', '2010-04-07', '1280760', '780.132.081-68', 'adry_rezende@hotmail.com', 'Ele mesmo', '2017-12-15 12:46:35', NULL, NULL, 1),
(4, 4, 23, 'Ana Batista de Santana', '1941-02-13', '266513', '032.556.201-63', 'adry_rezende@hotmail.com', 'Ele mesmo', '2017-12-15 12:48:35', NULL, NULL, 1),
(5, 2, 25, 'CHINTIA DOS SANTOS LEONARDO', '1995-07-09', '3242525', '064.926.601-37', 'hrluxosdenoiva@gmail.com', 'Ele mesmo', '2017-12-18 08:11:30', NULL, NULL, 1),
(6, 8, 25, 'FABIANO PORTELA DOS SANTOS', '1984-12-12', '2698256', '058.368.443-21', 'hrluxosdenoiva@gmail.com', 'Ele mesmo', '2017-12-18 08:12:19', NULL, NULL, 1),
(7, 8, 25, 'ANGELINA BISPO DE SOUZA', '1949-01-10', '0758266669', '891.195.925-15', 'hrluxosdenoiva@gmail.com', 'Ele mesmo', '2017-12-18 08:13:15', NULL, NULL, 1),
(8, 8, 25, 'EMILLY PORTELA DOS SANTOS', '2016-09-15', '3242525', '064.926.601-37', 'hrluxosdenoiva@gmail.com', 'Ele mesmo', '2017-12-18 09:37:17', NULL, NULL, 1),
(9, 2, 43, 'LETICIA BATISTA GOMES', '2001-07-16', '00000000', '071.976.851-92', 'reginnagb@hotmail.com', 'Ele mesmo', '2017-12-28 09:28:12', NULL, NULL, 1);

-- --------------------------------------------------------

--
-- Table structure for table `tb_email`
--

CREATE TABLE `tb_email` (
  `co_seq_email` int(11) NOT NULL,
  `co_cliente` int(11) NOT NULL,
  `tx_mensagem` text NOT NULL,
  `nm_email` varchar(80) NOT NULL,
  `nm_code` varchar(80) NOT NULL,
  `st_email` tinyint(4) NOT NULL,
  `tp_email` int(11) NOT NULL COMMENT '1 - Email Quando Cadastra, 2 - Email do Esqueceu Senha',
  `nm_inclusao` varchar(80) NOT NULL,
  `dt_inclusao` datetime NOT NULL,
  `nm_alteracao` varchar(80) DEFAULT NULL,
  `dt_alteracao` datetime DEFAULT NULL,
  `st_registro` tinyint(4) NOT NULL
) ENGINE=InnoDB DEFAULT CHARSET=utf8 COMMENT='Tabela de emails dos Clientes';

--
-- Dumping data for table `tb_email`
--

INSERT INTO `tb_email` (`co_seq_email`, `co_cliente`, `tx_mensagem`, `nm_email`, `nm_code`, `st_email`, `tp_email`, `nm_inclusao`, `dt_inclusao`, `nm_alteracao`, `dt_alteracao`, `st_registro`) VALUES
(3, 33, '<br/><br/><center><h2>Cadastro efetuado com sucesso</h2></center><br/><br/><p align="justify">lucas henrique de assis morais, seu cadastro foi realizado com sucesso, para inserir sua senha, clique no link que segue -><a href="http://www.qsaudevantagens.com.br/cliente/senha/code/VO6X5G7SB8LAMTNJE">INSERIR SENHA</a>.</p><p><br/><br/><br/><br/><br/><br/></p><p><h3><font color=\'#742021\'>QSade Card para voc!</font></h3></p>', 'luquinhasham145@gmail.com', 'VO6X5G7SB8LAMTNJE', 2, 1, 'Ele mesmo', '2017-10-24 12:03:15', NULL, NULL, 1),
(9, 33, '<br/><br/><center><h2>Cadastro efetuado com sucesso</h2></center><br/><br/><p align="justify">lucas henrique de assis morais, seu cadastro foi realizado com sucesso, para inserir sua senha, clique no link que segue -><a href="http://www.qsaudevantagens.com.br/cliente/senha/code/L1U3EDOJ2Q97XVBGT">INSERIR SENHA</a>.</p><p><br/><br/><br/><br/><br/><br/></p><p><h3><font color=\'#742021\'>QSade Card para voc!</font></h3></p>', 'luquinhasham145@gmail.com', 'L1U3EDOJ2Q97XVBGT', 1, 1, 'Ele mesmo', '2017-10-24 15:50:45', NULL, NULL, 1),
(10, 34, '<br/><br/><center><h2>Cadastro efetuado com sucesso</h2></center><br/><br/><p align="justify">Tony Anderson Brinck Xavier, seu cadastro foi realizado com sucesso, para inserir sua senha, clique no link que segue -><a href="http://www.qsaudevantagens.com.br/cliente/senha/code/VMB3EFXS7J6O48UGR">INSERIR SENHA</a>.</p><p><br/><br/><br/><br/><br/><br/></p><p><h3><font color=\'#742021\'>QSade Card para voc!</font></h3></p>', 'tabx.php@gmail.com', 'VMB3EFXS7J6O48UGR', 1, 1, 'Ele mesmo', '2017-10-24 16:34:57', NULL, NULL, 1),
(11, 36, '<br/><br/><center><h2>Cadastro efetuado com sucesso</h2></center><br/><br/><p align="justify">Tony Anderson Brinck Xavier, seu cadastro foi realizado com sucesso, para inserir sua senha, clique no link que segue -><a href="http://www.qsaudevantagens.com.br/cliente/senha/code/DGCMT37Q6LSV50R49">INSERIR SENHA</a>.</p><p><br/><br/><br/><br/><br/><br/></p><p><h3><font color=\\\'#742021\\\'>Q Sade Vantagens para voc!</font></h3></p>', 'tabx.php@gmail.com', 'DGCMT37Q6LSV50R49', 1, 1, 'Ele mesmo', '2017-12-13 18:51:44', NULL, NULL, 1),
(16, 47, '<br/><br/><center><h2>Cadastro efetuado com sucesso</h2></center><br/><br/><p align="justify">Adriana de Santana Rezende, seu cadastro foi realizado com sucesso, para inserir sua senha, clique no link que segue -><a href="http://www.qsaudevantagens.com.br/cliente/senha/code/8PZ9B1F5OTEMLX4C2">INSERIR SENHA</a>.</p><p><br/><br/><br/><br/><br/><br/></p><p><h3><font color=\\\'#742021\\\'>Q Sade Vantagens para voc!</font></h3></p>', 'adry_rezende@hotmail.com', '8PZ9B1F5OTEMLX4C2', 1, 1, 'Ele mesmo', '2017-12-14 18:32:43', NULL, NULL, 1),
(18, 49, '<br/><br/><center><h2>Cadastro efetuado com sucesso</h2></center><br/><br/><p align="justify">MARIA IVANEIDE RODRIGUES DOS SANTOS, seu cadastro foi realizado com sucesso, para inserir sua senha, clique no link que segue -><a href="http://www.qsaudevantagens.com.br/cliente/senha/code/XZULQH804IARNFST6">INSERIR SENHA</a>.</p><p><br/><br/><br/><br/><br/><br/></p><p><h3><font color=\\\'#742021\\\'>Q Sade Vantagens para voc!</font></h3></p>', 'hrluxosdenoiva@gmail.com', 'XZULQH804IARNFST6', 1, 1, 'Ele mesmo', '2017-12-15 11:52:34', NULL, NULL, 1),
(19, 50, '<br/><br/><center><h2>Cadastro efetuado com sucesso</h2></center><br/><br/><p align="justify">CLAUDIONOR MACIEL RODRIGUES, seu cadastro foi realizado com sucesso, para inserir sua senha, clique no link que segue -><a href="http://www.qsaudevantagens.com.br/cliente/senha/code/IP3CG2N861DL9VMBU">INSERIR SENHA</a>.</p><p><br/><br/><br/><br/><br/><br/></p><p><h3><font color=\\\'#742021\\\'>Q Sade Vantagens para voc!</font></h3></p>', 'claudionormaciel@hotmail.com', 'IP3CG2N861DL9VMBU', 1, 1, 'Ele mesmo', '2017-12-18 08:46:01', NULL, NULL, 1),
(20, 51, '<br/><br/><center><h2>Cadastro efetuado com sucesso</h2></center><br/><br/><p align="justify">SILVIA SANDRA DE ARAUJO, seu cadastro foi realizado com sucesso, para inserir sua senha, clique no link que segue -><a href="http://www.qsaudevantagens.com.br/cliente/senha/code/D1RQGPTUJ8CM4N90S">INSERIR SENHA</a>.</p><p><br/><br/><br/><br/><br/><br/></p><p><h3><font color=\\\'#742021\\\'>Q Sade Vantagens para voc!</font></h3></p>', 'silviaaraujodesigner@gmail.com', 'D1RQGPTUJ8CM4N90S', 1, 1, 'Ele mesmo', '2017-12-26 11:20:02', NULL, NULL, 1),
(21, 52, '<br/><br/><center><h2>Cadastro efetuado com sucesso</h2></center><br/><br/><p align="justify">SILVIA SANDRA DE ARAUJO, seu cadastro foi realizado com sucesso, para inserir sua senha, clique no link que segue -><a href="http://www.qsaudevantagens.com.br/cliente/senha/code/3DVHRN7B86TIAG5UX">INSERIR SENHA</a>.</p><p><br/><br/><br/><br/><br/><br/></p><p><h3><font color=\\\'#742021\\\'>Q Sade Vantagens para voc!</font></h3></p>', 'silviaaraujodesigner@gmail.com', '3DVHRN7B86TIAG5UX', 1, 1, 'Ele mesmo', '2017-12-26 11:32:24', NULL, NULL, 1),
(22, 53, '<br/><br/><center><h2>Cadastro efetuado com sucesso</h2></center><br/><br/><p align="justify">Teste Para Testar, seu cadastro foi realizado com sucesso, para inserir sua senha, clique no link que segue -><a href="http://www.qsaudevantagens.com.br/cliente/senha/code/NUFT13VQLMI6E8PB9">INSERIR SENHA</a>.</p><p><br/><br/><br/><br/><br/><br/></p><p><h3><font color=\\\'#742021\\\'>Q Sade Vantagens para voc!</font></h3></p>', 'tabx.php@gmail.com', 'NUFT13VQLMI6E8PB9', 1, 1, 'Ele mesmo', '2017-12-26 11:57:07', NULL, NULL, 1),
(23, 54, '<br/><br/><center><h2>Cadastro efetuado com sucesso</h2></center><br/><br/><p align="justify">Teste Para Testar, seu cadastro foi realizado com sucesso, para inserir sua senha, clique no link que segue -><a href="http://www.qsaudevantagens.com.br/cliente/senha/code/CNFUAJV54OSH8G230">INSERIR SENHA</a>.</p><p><br/><br/><br/><br/><br/><br/></p><p><h3><font color=\\\'#742021\\\'>Q Sade Vantagens para voc!</font></h3></p>', 'tabx.php@gmail.com', 'CNFUAJV54OSH8G230', 1, 1, 'Ele mesmo', '2017-12-26 11:57:52', NULL, NULL, 1),
(24, 55, '<br/><br/><center><h2>Cadastro efetuado com sucesso</h2></center><br/><br/><p align="justify">Teste Para Testar, seu cadastro foi realizado com sucesso, para inserir sua senha, clique no link que segue -><a href="http://www.qsaudevantagens.com.br/cliente/senha/code/HMFZ7J1B8IL6QSTC3">INSERIR SENHA</a>.</p><p><br/><br/><br/><br/><br/><br/></p><p><h3><font color=\\\'#742021\\\'>Q Sade Vantagens para voc!</font></h3></p>', 'tabx.php@gmail.com', 'HMFZ7J1B8IL6QSTC3', 1, 1, 'Ele mesmo', '2017-12-26 13:02:48', NULL, NULL, 1),
(25, 56, '<br/><br/><center><h2>Cadastro efetuado com sucesso</h2></center><br/><br/><p align="justify">Teste Para Testar, seu cadastro foi realizado com sucesso, para inserir sua senha, clique no link que segue -><a href="http://www.qsaudevantagens.com.br/cliente/senha/code/8PJZ1H2IUXM0LS94A">INSERIR SENHA</a>.</p><p><br/><br/><br/><br/><br/><br/></p><p><h3><font color=\\\'#742021\\\'>Q Sade Vantagens para voc!</font></h3></p>', 'tabx.php@gmail.com', '8PJZ1H2IUXM0LS94A', 1, 1, 'Ele mesmo', '2017-12-26 13:05:59', NULL, NULL, 1),
(26, 57, '<br/><br/><center><h2>Cadastro efetuado com sucesso</h2></center><br/><br/><p align="justify">Teste Para Testar, seu cadastro foi realizado com sucesso, para inserir sua senha, clique no link que segue -><a href="http://www.qsaudevantagens.com.br/cliente/senha/code/A2LJ69X18BMFZTH0U">INSERIR SENHA</a>.</p><p><br/><br/><br/><br/><br/><br/></p><p><h3><font color=\\\'#742021\\\'>Q Sade Vantagens para voc!</font></h3></p>', 'tabx.php@gmail.com', 'A2LJ69X18BMFZTH0U', 1, 1, 'Ele mesmo', '2017-12-26 13:17:14', NULL, NULL, 1),
(27, 64, '<br/><br/><center><h2>Cadastro efetuado com sucesso</h2></center><br/><br/><p align="justify">Teste Para Testar, seu cadastro foi realizado com sucesso, para inserir sua senha, clique no link que segue -><a href="http://www.qsaudevantagens.com.br/cliente/senha/code/A2LITXGV85N069RQM">INSERIR SENHA</a>.</p><p><br/><br/><br/><br/><br/><br/></p><p><h3><font color=\\\'#742021\\\'>Q Sade Vantagens para voc!</font></h3></p>', 'tabx.php@gmail.com', 'A2LITXGV85N069RQM', 1, 1, 'Ele mesmo', '2017-12-26 13:42:52', NULL, NULL, 1),
(28, 65, '<br/><br/><center><h2>Cadastro efetuado com sucesso</h2></center><br/><br/><p align="justify">ANA LUZIA TAVARES CARDOZO DOS SANTOS, seu cadastro foi realizado com sucesso, para inserir sua senha, clique no link que segue -><a href="http://www.qsaudevantagens.com.br/cliente/senha/code/3T0A4I76VL1SHBGOP">INSERIR SENHA</a>.</p><p><br/><br/><br/><br/><br/><br/></p><p><h3><font color=\\\'#742021\\\'>Q Sade Vantagens para voc!</font></h3></p>', 'ntcardozo123@gmail.com', '3T0A4I76VL1SHBGOP', 1, 1, 'Ele mesmo', '2017-12-26 14:28:02', NULL, NULL, 1),
(29, 66, '<br/><br/><center><h2>Cadastro efetuado com sucesso</h2></center><br/><br/><p align="justify">Maria Ivaneide Rodrigues dos Santos, seu cadastro foi realizado com sucesso, para inserir sua senha, clique no link que segue -><a href="http://www.qsaudevantagens.com.br/cliente/senha/code/2R6L0UBAJVHP5ODNE">INSERIR SENHA</a>.</p><p><br/><br/><br/><br/><br/><br/></p><p><h3><font color=\\\'#742021\\\'>Q Sade Vantagens para voc!</font></h3></p>', 'Cinthia.fafa@gmail.com', '2R6L0UBAJVHP5ODNE', 1, 1, 'Ele mesmo', '2017-12-27 15:34:08', NULL, NULL, 1),
(30, 66, '<br/><br/><center><h2>Pedido de alterao de senha</h2></center><br/><br/><p align="justify">Maria Ivaneide Rodrigues dos Santos, houve um pedido de alterao de senha da sua conta Q Sade Vantagens. Se realmente foi o(a) senhor(a), clique no link que segue -><a href="http://www.qsaudevantagens.com.br/cliente/senha/code/S7E3Q4Z61HPD8XOLT">INSERIR SENHA</a>.</p><p><br/><br/><br/><br/><br/><br/></p><p><h3><font color="#742021">Q Sade Vantagens para voc!</font></h3></p>', 'Cinthia.fafa@gmail.com', 'S7E3Q4Z61HPD8XOLT', 1, 2, 'Ele mesmo', '2017-12-27 15:37:55', NULL, NULL, 1),
(31, 68, '<br/><br/><center><h2>Cadastro efetuado com sucesso</h2></center><br/><br/><p align="justify">JUVENAL ALVES CABRAL, seu cadastro foi realizado com sucesso, para inserir sua senha, clique no link que segue -><a href="http://www.qsaudevantagens.com.br/cliente/senha/code/N7G1O0B46DJQCEVUL">INSERIR SENHA</a>.</p><p><br/><br/><br/><br/><br/><br/></p><p><h3><font color=\\\'#742021\\\'>Q Sade Vantagens para voc!</font></h3></p>', 'jac057@gmail.com', 'N7G1O0B46DJQCEVUL', 1, 1, 'Ele mesmo', '2017-12-28 10:17:38', NULL, NULL, 1),
(32, 69, '<br/><br/><center><h2>Cadastro efetuado com sucesso</h2></center><br/><br/><p align="justify">JUVENAL ALVES CABRAL, seu cadastro foi realizado com sucesso, para inserir sua senha, clique no link que segue -><a href="http://www.qsaudevantagens.com.br/cliente/senha/code/QLJ9501HOUM76ATX4">INSERIR SENHA</a>.</p><p><br/><br/><br/><br/><br/><br/></p><p><h3><font color=\\\'#742021\\\'>Q Sade Vantagens para voc!</font></h3></p>', 'jac057@gmail.com', 'QLJ9501HOUM76ATX4', 1, 1, 'Ele mesmo', '2017-12-28 10:17:50', NULL, NULL, 1);

-- --------------------------------------------------------

--
-- Table structure for table `tb_empresa`
--

CREATE TABLE `tb_empresa` (
  `co_seq_empresa` int(11) NOT NULL,
  `nm_empresa` varchar(80) NOT NULL,
  `nu_cnpj` varchar(80) NOT NULL,
  `tx_endereco` text NOT NULL,
  `nu_cep` varchar(80) NOT NULL,
  `nu_inscricao` varchar(80) NOT NULL,
  `nm_inclusao` varchar(80) NOT NULL,
  `dt_inclusao` datetime NOT NULL,
  `nm_alteracao` varchar(80) DEFAULT NULL,
  `dt_alteracao` datetime DEFAULT NULL,
  `st_registro` tinyint(4) NOT NULL
) ENGINE=InnoDB DEFAULT CHARSET=utf8 COMMENT='Tabela das empresas';

--
-- Dumping data for table `tb_empresa`
--

INSERT INTO `tb_empresa` (`co_seq_empresa`, `nm_empresa`, `nu_cnpj`, `tx_endereco`, `nu_cep`, `nu_inscricao`, `nm_inclusao`, `dt_inclusao`, `nm_alteracao`, `dt_alteracao`, `st_registro`) VALUES
(1, 'Insono', '09045786000138', 'QNC 11 LOTE 05 - TAGUATINGA NORTE', '72115610', '000', 'Tony Anderson', '2015-08-24 00:00:00', NULL, NULL, 1),
(2, 'Ineuros', '17442586000147', 'A/E 08/09/10 SETOR C NORTE TRREO SALA 03', '72115360', '000', 'Tony Anderson', '2015-08-24 00:00:00', NULL, NULL, 1),
(3, 'Inside-Instituto de Sade e Diagnostico de Brasilia', '20000108000191', 'AE 08/09 E 10, 18, 19 E 20 D TERREO', '72115700', '000', 'Tony Anderson', '2015-08-24 00:00:00', NULL, NULL, 1),
(4, 'Densiquality Imagens', '02578847000183', 'A/E 08/09/10 SETOR C NORTE ALA D SALAS 03/04 ALA D', '72115360', '000', 'Tony Anderson', '2015-08-24 00:00:00', NULL, NULL, 1),
(5, 'Q Sade Vantagens', '00000000000000', 'QNC 11 LOTE 05 - TAGUATINGA NORTE', '72115610', '000', 'Tony Anderson', '2017-08-24 00:00:00', NULL, NULL, 1);

-- --------------------------------------------------------

--
-- Table structure for table `tb_estado`
--

CREATE TABLE `tb_estado` (
  `co_seq_estado` int(11) NOT NULL,
  `nm_estado` varchar(75) DEFAULT NULL,
  `nm_uf` varchar(2) DEFAULT NULL,
  `nm_ibge` int(2) DEFAULT NULL,
  `nm_sl` int(3) DEFAULT NULL,
  `nm_inclusao` varchar(80) NOT NULL,
  `dt_inclusao` datetime NOT NULL,
  `nm_alteracao` varchar(80) DEFAULT NULL,
  `dt_alteracao` datetime DEFAULT NULL,
  `st_registro` tinyint(4) NOT NULL
) ENGINE=InnoDB DEFAULT CHARSET=utf8 COMMENT='Unidades Federativas';

--
-- Dumping data for table `tb_estado`
--

INSERT INTO `tb_estado` (`co_seq_estado`, `nm_estado`, `nm_uf`, `nm_ibge`, `nm_sl`, `nm_inclusao`, `dt_inclusao`, `nm_alteracao`, `dt_alteracao`, `st_registro`) VALUES
(1, 'Acre', 'AC', 12, 1, 'Tony Anderson', '2017-08-24 00:00:00', NULL, NULL, 1),
(2, 'Alagoas', 'AL', 27, 1, 'Tony Anderson', '2017-08-24 00:00:00', NULL, NULL, 1),
(3, 'Amazonas', 'AM', 13, 1, 'Tony Anderson', '2017-08-24 00:00:00', NULL, NULL, 1),
(4, 'Amap', 'AP', 16, 1, 'Tony Anderson', '2017-08-24 00:00:00', NULL, NULL, 1),
(5, 'Bahia', 'BA', 29, 1, 'Tony Anderson', '2017-08-24 00:00:00', NULL, NULL, 1),
(6, 'Cear', 'CE', 23, 1, 'Tony Anderson', '2017-08-24 00:00:00', NULL, NULL, 1),
(7, 'Distrito Federal', 'DF', 53, 1, 'Tony Anderson', '2017-08-24 00:00:00', NULL, NULL, 1),
(8, 'Esprito Santo', 'ES', 32, 1, 'Tony Anderson', '2017-08-24 00:00:00', NULL, NULL, 1),
(9, 'Gois', 'GO', 52, 1, 'Tony Anderson', '2017-08-24 00:00:00', NULL, NULL, 1),
(10, 'Maranho', 'MA', 21, 1, 'Tony Anderson', '2017-08-24 00:00:00', NULL, NULL, 1),
(11, 'Minas Gerais', 'MG', 31, 1, 'Tony Anderson', '2017-08-24 00:00:00', NULL, NULL, 1),
(12, 'Mato Grosso do Sul', 'MS', 50, 1, 'Tony Anderson', '2017-08-24 00:00:00', NULL, NULL, 1),
(13, 'Mato Grosso', 'MT', 51, 1, 'Tony Anderson', '2017-08-24 00:00:00', NULL, NULL, 1),
(14, 'Par', 'PA', 15, 1, 'Tony Anderson', '2017-08-24 00:00:00', NULL, NULL, 1),
(15, 'Paraba', 'PB', 25, 1, 'Tony Anderson', '2017-08-24 00:00:00', NULL, NULL, 1),
(16, 'Pernambuco', 'PE', 26, 1, 'Tony Anderson', '2017-08-24 00:00:00', NULL, NULL, 1),
(17, 'Piau', 'PI', 22, 1, 'Tony Anderson', '2017-08-24 00:00:00', NULL, NULL, 1),
(18, 'Paran', 'PR', 41, 1, 'Tony Anderson', '2017-08-24 00:00:00', NULL, NULL, 1),
(19, 'Rio de Janeiro', 'RJ', 33, 1, 'Tony Anderson', '2017-08-24 00:00:00', NULL, NULL, 1),
(20, 'Rio Grande do Norte', 'RN', 24, 1, 'Tony Anderson', '2017-08-24 00:00:00', NULL, NULL, 1),
(21, 'Rondnia', 'RO', 11, 1, 'Tony Anderson', '2017-08-24 00:00:00', NULL, NULL, 1),
(22, 'Roraima', 'RR', 14, 1, 'Tony Anderson', '2017-08-24 00:00:00', NULL, NULL, 1),
(23, 'Rio Grande do Sul', 'RS', 43, 1, 'Tony Anderson', '2017-08-24 00:00:00', NULL, NULL, 1),
(24, 'Santa Catarina', 'SC', 42, 1, 'Tony Anderson', '2017-08-24 00:00:00', NULL, NULL, 1),
(25, 'Sergipe', 'SE', 28, 1, 'Tony Anderson', '2017-08-24 00:00:00', NULL, NULL, 1),
(26, 'So Paulo', 'SP', 35, 1, 'Tony Anderson', '2017-08-24 00:00:00', NULL, NULL, 1),
(27, 'Tocantins', 'TO', 17, 1, 'Tony Anderson', '2017-08-24 00:00:00', NULL, NULL, 1),
(28, 'Exterior', 'EX', 99, NULL, 'Tony Anderson', '2017-08-24 00:00:00', NULL, NULL, 1);

-- --------------------------------------------------------

--
-- Table structure for table `tb_exame`
--

CREATE TABLE `tb_exame` (
  `co_seq_exame` int(11) NOT NULL,
  `nm_exame` varchar(80) NOT NULL,
  `st_procedimento` int(11) NOT NULL DEFAULT '2',
  `lk_img` varchar(200) DEFAULT NULL,
  `lk_img_100` varchar(200) DEFAULT NULL,
  `tx_exame` text,
  `nm_width` varchar(80) DEFAULT NULL,
  `nm_height` varchar(80) DEFAULT NULL,
  `nm_justify` varchar(80) DEFAULT NULL,
  `st_show_index` tinyint(4) DEFAULT NULL,
  `tipo` varchar(20) DEFAULT 'exame',
  `nm_inclusao` varchar(80) NOT NULL,
  `dt_inclusao` datetime NOT NULL,
  `nm_alteracao` varchar(80) DEFAULT NULL,
  `dt_alteracao` datetime DEFAULT NULL,
  `st_registro` tinyint(4) NOT NULL
) ENGINE=InnoDB DEFAULT CHARSET=utf8 COMMENT='Tabela dos exames que podem ser feito';

--
-- Dumping data for table `tb_exame`
--

INSERT INTO `tb_exame` (`co_seq_exame`, `nm_exame`, `st_procedimento`, `lk_img`, `lk_img_100`, `tx_exame`, `nm_width`, `nm_height`, `nm_justify`, `st_show_index`, `tipo`, `nm_inclusao`, `dt_inclusao`, `nm_alteracao`, `dt_alteracao`, `st_registro`) VALUES
(1, 'Audiometria ', 1, 'audiometria.jpg', 'audiometria.jpg', '', '', '', '8', 1, 'exame', 'Tony Anderson', '2015-08-06 00:00:00', NULL, '2017-10-17 11:54:38', 1),
(2, 'BERA', 1, 'exames/bera.jpg', '/site/images/nssp2_thumbs/100/bera.jpg', '<p style="text-align: justify;">Esse teste tem como objetivo avaliar a integridade do nervo auditivo, desde a orelha interna at o cortx cerebral. Atravs desse processo  determinado, caso exista, a perda auditiva e tambm determina o tipo e o grau dessa perda. Para a realizao do exame so fixados eletrodos na pele atrs das orelhas, na testa e so colocados fones.O paciente deve ficar deitado e o mais relaxado possvel.</p>', '', '', '8', 1, 'exame', 'Tony Anderson', '2015-08-06 00:00:00', NULL, '2017-10-17 11:54:50', 1),
(3, 'Densitometria  ssea', 1, 'exames/DESENTOMETRIA.jpg', '/site/images/nssp2_thumbs/100/DESENTOMETRIA.jpg', '<p style="text-align: justify;">Esse exame se baseia na dupla emisso de raios x para medir a quantidade de massa ssea que permite o diagnstico e o tratamento da osteoporose, bem como a avaliao do risco de fratura.  indicado para pessoas com maiores fatores de risco para desenvolver a osteoporose.</p>', '', '', '8', 1, 'exame', 'Tony Anderson', '2015-08-06 00:00:00', NULL, '2017-10-17 11:55:04', 1),
(4, 'Doppler de Cartidas e Vertebrais ', 1, '616_UltrasomdeCarotidas.jpg', '/site/images/nssp2_thumbs/100/616_UltrasomdeCarotidas.jpg', '<p style="text-align: justify;">Utilizando os princpios de ultrassonografia, o exame de <strong>Doppler de Cartidas e Vertebrais</strong>  realizado com modernidade e segurana atravs do trabalho de profissionais capacitados e equipamentos com alto padro de tecnologia.</p><p style="text-align: justify;"> </p><p style="text-align: justify;">Indicado para diagnstico de doenas como aterosclertica, este exame proporciona uma anlise confivel e que facilita o trabalho dos profissionais da sade. As artrias cartidas so importantes vasos sanguneos que levam sangue arterial do corao para o crebro. Elas se originam no trax a partir da aorta, passam atravs do pescoo, uma de cada lado, at alcanarem e irrigarem o crebro.</p>', '', '', '5', 1, 'exame', 'Tony Anderson', '2015-08-06 00:00:00', NULL, '2017-10-17 12:06:45', 1),
(5, 'Doppler Transcraniano ', 1, 'exames/TRANSCRAN.jpg', '/site/images/nssp2_thumbs/100/TRANSCRAN.jpg', '<p style="text-align: justify;">Esse exame permite uma avaliao cerebrovascular de forma rpida, segura e no invasivo. O objetivo  de avaliar a circulao sangunea dos principais vasos intracranianos, atravs do sistema doppler de emisso pulsada de ondas de baixa frequncia.</p>', '', '', '8', 1, 'exame', 'Tony Anderson', '2015-08-06 00:00:00', NULL, '2017-10-17 11:55:57', 1),
(6, 'Doppler Venoso dos Membros Inferiores e Superiores ', 1, 'DOPLERVENOSO.jpg', '/site/images/nssp2_thumbs/100/DOPLERVENOSO.jpg', '<p style="text-align: justify;"> um exame de imagem que visa estudar as artrias ou veias.  indolor, no invasivo e incuo, isto , sem complicaes ou efeitos laterais. Este exame permite no s a avaliao da estrutura do vaso (dimenso, presena de obstrues ou outro tipo de leses), como tambm a avaliao do fluxo (direco e velocidade).</p>', '326', '217', '', 1, 'exame', 'Tony Anderson', '2015-08-06 00:00:00', NULL, '2017-10-17 12:06:23', 1),
(7, 'Ecocardiograma com Doppler ', 1, 'exames/ecodoppler.png', '/site/images/nssp2_thumbs/100/ecodoppler.png', '<p style="text-align: justify;"> um exame que utiliza ultrassom para produzir imagens do corao atravs de modernos aparelhos. Muito utilizado na cardiologia,  complementar no diagnstico de uma srie de doenas do corao. Com o ecocardiograma  possvel avaliar o estado do rgo dos pacientes, verificando anomalias funcionais das estruturas e tambm anomalias morfolgicas. Desta forma, pode-se verificar o fluxo de sangue nas vlvulas e em vasos do corao.</p>', '', '', '8', 1, 'exame', 'Tony Anderson', '2015-08-06 00:00:00', NULL, '2017-10-17 12:10:16', 1),
(8, 'ECODOPPLER DOS MEMBROS INFERIORES', 2, 'exames/ecodoppler_venoso.png', '/site/images/nssp2_thumbs/100/ecodoppler_venoso.png', '<p style="text-align: justify;"> um exame de imagem que visa estudar as artrias ou veias.  indolor, no invasivo e incuo, isto , sem complicaes ou efeitos laterais. Este exame permite no s a avaliao da estrutura do vaso (dimenso, presena de obstrues ou outro tipo de leses), como tambm a avaliao do fluxo (direco e velocidade).</p>', '', '', '8', 1, 'exame', 'Tony Anderson', '2015-08-06 00:00:00', NULL, NULL, 2),
(9, 'Ecografia do Abdmen Total ', 1, 'ecografiaab.jpg', '/site/images/nssp2_thumbs/100/ecografiaab.jpg', '<p style="text-align: justify;">A ecografia  uma excelente tcnica de exame por imagem, muito simples, com diagnsticos precisos em diversos rgos internos, msculos e partes de articulaes.</p><p style="text-align: justify;">Durante o exame, para que os ultrassons no sejam perdidos,  aplicado sobre a pele, um gel de contato para aumentar a propagao do "eco". Normalmente,  so feitos vrios movimentos com a sonda ecogrfica em varrimentos multidirecionados sobre o rgo com eventual leso.</p><p style="text-align: justify;">Confira abaixo os diferentes tipos de ecografias:</p><p style="text-align: justify;"><ul><li>Abdmen Superior (analisa fgado, vescula biliar, vias biliares, pncreas e bao. Detecta problemas como cirrose heptica, tumores do fgado, clculos na vescula biliar, tumores do pncreas entre outros).</li><li>Abdmen Total (analisa todos os rgos do abdmen superior alm dos rins, retroperitnio e bexiga. Detecta tumores renais, clculos, dilatao das vias urinrias por obstruo, tumores de bexiga, alteraes na prstata entre outros).</li></ul></p>', '379', '284', '5', 1, 'exame', 'Tony Anderson', '2015-08-06 00:00:00', NULL, '2017-10-17 12:12:09', 1),
(10, 'Ecografia da Tireoide ', 1, 'TIREOIDE.jpg', '/site/images/nssp2_thumbs/100/TIREOIDE.jpg', '<p style="text-align: justify;"> um mtodo de imagem usado para observar se a tireoide (uma glndula localizada na parte anterior do pescoo), e que tem como funo de regular o metabolismo. As alteraes do funcionamento da tireoide so o aumento ou a reduo da quantidade de hormnios no sangue  hipertireoidismo ou hipotireoidismo, respectivamente.</p>', '252', '188', '', 1, 'exame', 'Tony Anderson', '2015-08-06 00:00:00', NULL, '2017-10-17 12:13:13', 1),
(11, 'Ecografia Mamria ', 1, 'ecografia mamaria.jpg', '/site/images/nssp2_thumbs/100/ecografia mamaria.jpg', '<p style="text-align: justify;">A ecografia mamria  um exame de ecografia destinado ao estudo da mama.  um timo exame para estudo das glndulas.  de grande importncia como complemento da mamografia, especialmente, em mamas de elevada densidade radiolgica ou para ajudar a esclarecer algumas alteraes observadas na mamografia.</p><p style="text-align: justify;">Muitas vezes, detecta pequenas leses (at mesmo cancros), antes de serem detectados, clinicamente, ou por vezes at ocultos na mamografia.</p>', '', '', '', 1, 'exame', 'Tony Anderson', '2015-08-06 00:00:00', NULL, '2017-10-17 12:14:05', 1),
(12, 'Ecografia Transvaginal ', 1, 'curso_transvaginal_doppler.jpg', '/site/images/nssp2_thumbs/100/curso_transvaginal_doppler.jpg', '<p style="text-align: justify;">A ecografia  amplamente usada na monitorizao da induo da ovulao e nos procedimentos de reproduo assistida. A ecografia  um mtodo de imagem para exame dos rgos internos por meio de ondas sonoras de alta freqncia. A ecografia geralmente no   usada como controle da ovulao normal, mas  utilizada principalmente para verificar os efeitos dos tratamentos hormonais.</p>\r\n                                            <p style="text-align: justify;">Neste mtodo, um transdutor de ecografia  posicionado no interior da vagina. No  necessrio que a bexiga esteja cheia para este procedimento, tornando-o mais confortvel para a paciente, porque o transdutor transvaginal est muito prximo dos rgos que sero examinados. O exame ecogrfico  frequentemente realizado quando se faz o exame plvico para avaliao cervical. Da mesma forma que possibilita um melhor diagnstico, a ecografia transvaginal  preferida pelas pacientes, pois  muito mais confortvel e conveniente do que o exame ecogrfico abdominal. O transdutor transvaginal revolucionou o campo de tratamento de infertilidade, porque a introduo da ecografia de alta freqncia diretamente no interior da vagina permite a visualizao do colo, cavidade uterina, ovrios e tubas de Falpio com grande clareza e resoluo de detalhes.</p>\r\n                                            <p style="text-align: justify;">Uma utilizao importante da ecografia transvaginal  a observao dos folculos ovricos em desenvolvimento. A observao direta dos ovrios pode ser til no diagnstico da sndrome do ovrio poliqustico (PCOS), que  caracterizada por quistos foliculares mltiplos na superfcie do ovrio. Esta tcnica tambm possibilita monitorizao segura e conveniente da induo da ovulao, permitindo ao mdico observar o desenvolvimento dos folculos ovrianos em resposta  teraputica hormonal.</p>', '', '', '5', 1, 'exame', 'Tony Anderson', '2015-08-06 00:00:00', NULL, '2017-10-17 12:15:39', 1),
(13, 'Eletrocardiograma ', 1, 'exames/eletrocardiograma.png', '/site/images/nssp2_thumbs/100/eletrocardiograma.png', '<p style="text-align: justify;">O eletrocardiograma (ECG)  um exame que verifica a existncia de problemas com a atividade eltrica do corao.  um procedimento rpido, simples e indolor, no qual os impulsos eltricos do corao so amplificados e registrados em um pedao de papel.</p><p style="text-align: justify;">O eletrocardiograma (ECG)  um exame que verifica a existncia de problemas com a atividade eltrica do corao.  um procedimento rpido, simples e indolor, no qual os impulsos eltricos do corao so amplificados e registrados em um pedao de papel.</p><p style="text-align: justify;">Geralmente, um ECG  pedido se houver suspeita de uma doena cardaca ou como parte de um exame fsico de rotina para a maioria das pessoas de meia-idade e mais velhas.</p>', '', '', '8', 1, 'exame', 'Tony Anderson', '2015-08-06 00:00:00', NULL, '2017-10-17 12:16:12', 1),
(14, 'Eletroencefalograma Prolongado', 1, 'exames/eletro.jpg', '/site/images/nssp2_thumbs/100/eletro.jpg', '<p style="text-align: justify;">Como o EEG simples, este exame serve para registrar a atividade eltrica cerebral,atravs da colocao de eletrodos diretamente no couro cabeludo do paciente e atravs de cabos,tais informaes so levadas a um computador que registra. O exame prolongado est indicado quando o EEG de rotina (que tem um curto tempo de registro) no  suficiente para registrar anormalidades na atividade eltrica cerebral. Durante o registro prolongado,d-se oportunidades para o registro de anormalidades eventuais e aquelas que aparecem durante perodos especficos do sono.  muito usado nos servios de Cirurgia de Epilepsia,quando se interna o paciente durante at mais de 100 horas, e, at pode-se utilizar estmulos que facilitam o aparecimento de uma crise epilptica, com finalidade de registrar a rea de origem das descargas epeileptognicas e indicar uma cirurgia precisa.</p>', '', '', '5', 1, 'exame', 'Tony Anderson', '2015-08-06 00:00:00', NULL, '2017-10-17 12:16:44', 1),
(15, 'ELETRONEUROMIOGRAFIA', 2, 'exames/eletroneuromiografia.jpg', '/site/images/nssp2_thumbs/100/eletroneuromiografia.jpg', '<p style="text-align: justify;"> um mtodo de diagnstico neurofisiolgico usado na avaliao diagnstica e prognostica das doenas dos nervos perifricos, plexos, razes, neurnios motores espinhais, alm dos msculos e junes neuromusculares.</p><p style="text-align: justify;">So poucas as contraindicaes para o exame, presena de marca-passo cardaco (eletroneurografia), uso de anticoagulantes (eletromiografia)</p><p style="text-align: justify;">Indicaes da eletroneurografia:</p><p style="text-align: justify;">Doenas do Neurnio Motor:</p><ul><li>Esclerose lateral amiotrfica</li><li>Esclerose lateral primria</li><li>Atrofia muscular progressiva</li><li>Poliomielite (paralisia infantil)</li><li>Atrofia muscular espinhal</li><li>Doena de Kennedy</li><li>Amiotrofia monomlica</li></ul><p style="text-align: justify;">Doenas das Razes Espinhais</p> <ul><li>Radiculopatias (hrnia de disco)</li><li>Polirradiculopatias (diabetes, inflamao, artrose da coluna)</li></ul> <p style="text-align: justify;">Doenas dos Plexos</p> <ul><li>Plexopatia braquial</li><li>Sndrome do desfiladeiro torcico neurognica verdadeira</li><li>Plexopatia lombossacral</li></ul> <p style="text-align: justify;">Doenas dos Nervos Perifricos</p> <ul><li>Polineuropatias axonais e desmielinizantes</li><li>Mononeuropatias (Tnel do Carpo, Paralisia Facial)</li><li>Trauma de nervos perifrico</li><li>Mononeuropatias mltiplas</li></ul> <p style="text-align: justify;">Doenas da Transmisso Neuromuscular</p> <ul><li>Miastenia gravis</li><li>Sndrome miastnica de Lambert Eaton</li><li>Botulismo</li><li>Intoxicao por organofosforados</li></ul> <p style="text-align: justify;">Doenas dos Msculos</p> <ul><li>Miopatias</li><li>Distrofias musculares</li><li>Paralisias peridicas</li></ul>', '', '', '8', 1, 'exame', 'Tony Anderson', '2015-08-06 00:00:00', NULL, '2017-10-17 12:16:53', 2),
(16, 'Espirometria (Provas de Funo Pulmonar)', 1, 'exames/espiro.jpg', '/site/images/nssp2_thumbs/100/espiro.jpg', '<p style="text-align: justify;">Esse teste mede a quantidade de ar que entra e sai dos pulmes,atravs dos testes de funo pulmonar,quando orienta-se o paciente a realizar algumas respiraes,que sero captadas por um equipamento ligado a um computador, onde ocorre os clculos de todas as informaes da respirao naquele momento. Atravs desse exame,pode ser detectado vrios problemas relacionados com a respirao,e sugere se o problema  originado nos pulmes, nas vias areas superiores, na restrio  respirao por doenas musculares ou ortopdicas, etc.</p>', '', '', '8', 1, 'exame', 'Tony Anderson', '2015-08-06 00:00:00', NULL, '2017-10-17 12:17:30', 1),
(17, 'HOLTER  ', 1, 'exames/mapa24.png', '/site/images/nssp2_thumbs/100/mapa24.png', '<p style="text-align: justify;">HOLTER</p><p></p><p style="text-align: justify;">O Holter  um monitor porttil, que registra a atividade eltrica do corao e suas variaes durante as 24 horas do dia ou mais e pode, assim, detectar alteraes que em geral no aparecem num exame de tempo mais limitado, como num eletrocardiograma simples, por exemplo. Na verdade, o Holter  um eletrocardiograma para ser lido posteriormente.</p><p></p><p style="text-align: justify;">MAPA - Monitorizao de Presso Arterial em 24 horas</p><p style="text-align: justify;">Com a monitorizao ambulatorial da presso arterial (MAPA) a presso arterial , automaticamente, medida e registrada a cada vinte minutos, nas 24 horas do dia, durante a viglia e o sono. Ela permite, ento, analisar o comportamento da presso arterial, durante os vrios eventos do cotidiano, da pessoa e ainda torna possvel avaliar a eficcia de tratamentos anti-hipertensivos, quando  o caso.</p>', '', '', '8', 1, 'exame', 'Tony Anderson', '2015-08-06 00:00:00', NULL, '2017-10-17 11:51:18', 1),
(18, 'Mapeamento Cerebral', 1, 'exames/mapeamentp.jpg', '/site/images/nssp2_thumbs/100/mapeamentp.jpg', '<p style="text-align: justify;">Mapeamento Cerebral utiliza dados obtidos do eletroencefalograma,que avalia a quantidade de atividade eltrica de uma determinada regio do crebro de forma quantitativa com interpolao de dados e proporciona uma avaliao mais precisa da atividade eltrica cerebral, dando uma viso grfica mais apurada da localizao de alteraes da referida atividade,atravs de demonstrao e exposio de histogramas e mapa de valores. O equipamento que realiza o exame tambm proporciona animaes dinmicas das imagens cerebrais, facilitando o estudo da funo cerebral e do crebro em ao. Atualmente,as principais indicaes do MC so determinar alteraes que podem indicar a localizao precisa de tumores cerebrais, bem como a localizao precisa de doenas focais do crebro, incluindo entre elas a epilepsia, as alteraes vasculares e derrames. Em psiquiatria, o EEG Quantitativo tem sido usado para estabelecer diferenas entre vrios diagnsticos, tais como a hiperatividade e os distrbios da ateno em crianas, as demncias senis ou no, a atrofia cerebral, a esquizofrenia, e at alguns casos de depresso. Em neurologia o EEG Quantitativo, alm dos focos epilpticos, til na monitorao da abstinncia de drogas, em infeces do crebro, nos estados de coma, de narcolepsia e no acompanhamento ps-operatrio de pacientes que foram submetidos  cirurgia cerebral. O tempo de realizao do exame  vrivel e depende da indicao do tempo do EEG.</p>', '', '', '8', 1, 'exame', 'Tony Anderson', '2015-08-06 00:00:00', NULL, '2017-10-17 12:17:58', 1),
(19, 'Polissonografia Basal ', 1, 'exames/polisobasal.jpg', '/site/images/nssp2_thumbs/100/polisobasal.jpg', '<p style="text-align: justify;">A polissonografia  o principal mtodo para investigao e diagnstico dos distrbios do sono. Utilizado para avaliar o sono espontneo de um indivduo, preferencialmente,em ambiente apropriado como clnicas especializadas e hospitais, durante uma noite inteira. Durante o exame,registra-se mltiplas variveis fisiolgicas e dos fenmenos que ocorrem durante o sono,tais como:o eletroencefalograma(EEG);eletrooculograma(EOG);eletromiografia do mento(EMG);movimentos de membros inferiores;fluxo areo nasal e oral; movimentos respiratrios;saturao da oxihemoglobina;eletrocardiograma e etc Coloca-se eletrodos no couro cabeludo de acordo com um sistema convencional conhecido como sistema 10-20 de colocao de eletrodos , para registro do EEG com determinao e definio dos estgios do sono e eventuais anormalidades,estgios especficos e em alguns casos descargas epilpticas.O registro da movimentao dos olhos durante o sono  realizado colocando-se eletrodos, lateralmente, a cada fenda palpebral, para captar os movimentos oculares horizontais e verticais que ocorrem, principalmente, durante o perodo de sonhos conhecido como sono REM. Os eletromiogramas do mento e de pernas registrados, durante o exame, so muito importantes para estagiamento do sono REM, quando ocorre atonia muscular,na definio de presena de bruxismo,contrao dos masseteres e movimentao de pernas. O fluxo areo registrado  importante para se definir a diminuio ou cessao do fluxo areo para as vias areas inferiores, relacionados com as pausas respiratrias (Apnias) de origem central e obstrutiva que ocorrem no sono. O ECG registra as variaes na frequncia e ritmo cardaco.  importante que o exame seja monitorado por vdeo, principalmente, para determinao de alteraes comportamentais, durante o sono,e de movimentos anormais,assim como,de eventuais crises epilticas.</p>', '', '', '8', 1, 'exame', 'Tony Anderson', '2015-08-06 00:00:00', NULL, '2017-10-17 12:19:15', 1),
(20, 'Polissonografia com CPAP', 1, 'exames/polisocapp.jpg', '/site/images/nssp2_thumbs/100/polisocapp.jpg', '<p style="text-align: justify;">O exame de Polissonografia para adaptao de uma prtese ventilatria CPAPBIPAP  realizado aps o exame de Polissonografia basal e determinado o diagnstico de Sndrome de Apnias Obstrutiva do Sono, Apnia Central, Sndrome de Aumento na Resistncia das Vias Areas superiores(RAVAS ou RERA) ou Ronco Primrio com intensa queixa clnica. O procedimento geral  o mesmo de uma basal, exceto pela adio da prtese ventilatria(geralmente um CPAP manual). Tambm pode ser realizado na segunda metade da noite em que est realizando uma polissonografia basal(este mtodo  conhecido como SPLIT NIGTH). A titulao da presso da prtese  gradativa at a obteno de uma presso suficiente para abolir os distrbios respiratrios do sono.</p>', '', '', '8', 1, 'exame', 'Tony Anderson', '2015-08-06 00:00:00', NULL, '2017-10-17 12:19:34', 1),
(21, 'Potenciais Evocados - P300', 1, 'exames/p300.jpg', '/site/images/nssp2_thumbs/100/p300.jpg', '<p style="text-align: justify;">O P300  um Potencial Evocado Auditivo denominado potencial endgeno por refletir o uso funcional que o indivduo faz do estmulo auditivo, sendo altamente dependente das habilidades cognitivas, entre elas ateno e discriminao auditiva.  um procedimento de avaliao objetiva, mas que depende da experincia do avaliador em detectar os picos das ondas, sendo importante a utilizao de mtodos de registro que facilitem a anlise da presena de resposta e a interpretao dos resultados. Est indicado nos pacientes que tm dificuldades de aprendizado, de memria, uso de medicamentos depressores do SNC, crianas hiperativas e desatentas e nos idosos com proplemas cognitivos e com doenas cerebrais degenerativas.</p>', '', '', '8', 1, 'exame', 'Tony Anderson', '2015-08-06 00:00:00', NULL, '2017-10-17 12:20:00', 1),
(22, 'TERMOGRAFIA', 2, 'exames/termografia.jpg', '/site/images/nssp2_thumbs/100/termografia.jpg', '<p style="text-align: justify;"> uma tcnica de registro grfico das temperaturas da superfcie da pele, usando uma cmera infravermelha de alto desempenho. O aparelho detecta a radiao infravermelha (calor) emitida pelo corpo, podendo refletir uma fisiologia normal ou anormal. Uma cor  atribuda baseada na temperatura registrada naquela parte da pele. No apresenta riscos, , altamente, precisa e as imagens saem quase instantaneamente. Isto faz da termografia infravermelha uma ferramenta muito til para o mdico na hora de diagnosticar, tratar e fazer prognsticos.  100% seguro. No envolve radiao. No tem dor. No  invasiva.</p>', '', '', '8', 1, 'exame', 'Tony Anderson', '2015-08-06 00:00:00', NULL, NULL, 2),
(23, 'Teste de Mltiplas Latncia do Sono', 1, 'exames/potencial.jpg', '/site/images/nssp2_thumbs/100/potencial.jpg', '<p style="text-align: justify;">Indicado nos pacientes com queixas de perodos de sono incontrolvel diurno, sonolncia excessiva diurna , e de outras hipersonias.<br /> O teste inicia pela manh e  dado 5 oportunidades de 20 minutos , cada , para o paciente dormir , ao longo do dia , com perodo de 2 horas entre cada oportunidade. Durante cada registro de 20 minutos , avalia-se EEG em 4 canais , Eletrooculograma , eletromiograma, eletrocardiograma e 2 canais .<br /> Em cada oportunidade oferecida para o paciente dormir  analisado o estgio do sono alcanado pelo paciente, o tempo que transcorreu para seu incio (latncia do sono) e se ocorreu sono REM assim como sua latncia. Avalia-se o aparecimento do sono REM nas 5 oportunidades com registro. ,praticamente,indispensvel para o diagnstico de Narcolepsia, pois na ocorrncia de dois sonos REM durante as cinco oportunidades para dormir, pode-se presumir esse diagnstico conforme os dados clnicos do paciente.</p>', '', '', '8', 1, 'exame', 'Tony Anderson', '2015-08-06 00:00:00', NULL, '2017-10-17 12:20:31', 1),
(24, 'Vectoeletronistagmografia - VENG', 1, 'exames/veng.jpg', '/site/images/nssp2_thumbs/100/veng.jpg', '<p style="text-align: justify;">A VECTOELETRONISTAGMOGRAFIA  parte fundamental da rotina da avaliao otoneurolgica e,atravs de diversas provas,visa analisar de forma minuciosa os sistemas envolvidos na manuteno do equilbrio corporal,ou seja,na trade composta por sistema vestibular(orelha interna e suas inter-relaes com tronco enceflico e cerebelo), sistema visual/ocular(olhos e suas inter-relaes com SNC) e sistema propioceptivo(msculos, articulaes, tendes), auxiliando na identificao de possveis alteraes do sistema vestibular(equilbrio), incluindo as doenas do labirinto, popularmente conhecidas como labirintites.</p>', '', '', '8', 1, 'exame', 'Tony Anderson', '2015-08-06 00:00:00', NULL, '2017-10-17 12:20:57', 1),
(25, 'Ecografia Ginecolgica ', 1, NULL, NULL, NULL, NULL, NULL, NULL, NULL, 'exame', 'Ele mesmo', '2017-10-17 11:48:38', NULL, NULL, 1),
(26, 'Otoscopia Digital em Vdeo ', 1, NULL, NULL, NULL, NULL, NULL, NULL, NULL, 'exame', 'Ele mesmo', '2017-10-17 11:49:57', NULL, NULL, 1),
(27, 'Remoo de Cerumen ', 1, NULL, NULL, NULL, NULL, NULL, NULL, NULL, 'exame', 'Ele mesmo', '2017-10-17 11:50:51', NULL, NULL, 1),
(28, 'MAPA 24 hs ', 1, NULL, NULL, NULL, NULL, NULL, NULL, NULL, 'exame', 'Ele mesmo', '2017-10-17 11:51:42', NULL, NULL, 1),
(29, 'Anlises clnicas (+ de 3.000 itens) ', 2, NULL, NULL, NULL, NULL, NULL, NULL, NULL, 'exame', 'Ele mesmo', '2017-10-17 15:05:09', NULL, '2017-10-17 16:39:28', 2),
(30, 'Anatomia Patolgica', 2, NULL, NULL, NULL, NULL, NULL, NULL, NULL, 'exame', 'Ele mesmo', '2017-10-17 15:05:32', NULL, '2017-10-17 15:08:33', 2),
(31, 'Anatomia Patolgica', 2, NULL, NULL, NULL, NULL, NULL, NULL, NULL, 'exame', 'Ele mesmo', '2017-10-17 15:05:41', NULL, '2017-10-17 16:39:57', 2),
(32, 'Bipsia ', 2, NULL, NULL, NULL, NULL, NULL, NULL, NULL, 'exame', 'Ele mesmo', '2017-10-17 15:05:59', NULL, '2017-10-17 16:41:02', 2),
(33, 'Citologia', 2, NULL, NULL, NULL, NULL, NULL, NULL, NULL, 'exame', 'Ele mesmo', '2017-10-17 15:06:18', NULL, '2017-10-17 16:41:30', 2),
(34, 'Curva Glicmica', 2, NULL, NULL, NULL, NULL, NULL, NULL, NULL, 'exame', 'Ele mesmo', '2017-10-17 15:06:37', NULL, '2017-10-17 16:41:58', 2),
(35, 'Curvas', 2, NULL, NULL, NULL, NULL, NULL, NULL, NULL, 'exame', 'Ele mesmo', '2017-10-17 15:06:53', NULL, '2017-10-17 16:42:25', 2),
(36, 'Teste do Pezinho', 2, NULL, NULL, NULL, NULL, NULL, NULL, NULL, 'exame', 'Ele mesmo', '2017-10-17 15:07:16', NULL, '2017-10-17 16:43:08', 2),
(37, 'Videonasolaringoscopia ', 2, NULL, NULL, NULL, NULL, NULL, NULL, NULL, 'exame', 'Ele mesmo', '2017-10-26 14:24:02', NULL, NULL, 1),
(38, 'Ecografia do Aparelho Urinrio ', 1, NULL, NULL, NULL, NULL, NULL, NULL, NULL, 'exame', 'Ele mesmo', '2017-11-03 15:33:50', NULL, NULL, 1),
(39, 'Avaliao Metablica - Densidade Muscular e de Gordura', 1, NULL, NULL, NULL, NULL, NULL, NULL, NULL, 'exame', 'Ele mesmo', '2017-11-22 14:20:54', NULL, '2017-12-01 15:36:48', 2),
(40, 'Polissonografia com CPAP', 1, NULL, NULL, NULL, NULL, NULL, NULL, NULL, 'exame', 'Ele mesmo', '2017-11-24 12:06:04', NULL, '2017-11-24 12:25:41', 2),
(41, 'Polissonografia Split Night', 1, NULL, NULL, NULL, NULL, NULL, NULL, NULL, 'exame', 'Ele mesmo', '2017-11-24 12:07:20', NULL, '2017-11-24 15:53:56', 1),
(42, 'Clcio Ionizado ', 2, NULL, NULL, NULL, NULL, NULL, NULL, NULL, 'exame', 'Ele mesmo', '2017-11-27 16:42:47', NULL, '2017-11-27 18:31:41', 2),
(43, 'TC de Crnio ou Sela Trcica ou rbitas ', 2, NULL, NULL, NULL, NULL, NULL, NULL, NULL, 'exame', 'Ele mesmo', '2017-11-29 12:32:37', NULL, '2017-12-04 15:06:12', 2),
(44, 'Teste exame', 2, NULL, NULL, NULL, NULL, NULL, NULL, NULL, 'exame', 'Ele mesmo', '2017-12-01 09:32:16', NULL, '2017-12-01 10:18:11', 2),
(45, 'Teste exame', 2, NULL, NULL, NULL, NULL, NULL, NULL, NULL, 'exame', 'Ele mesmo', '2017-12-01 09:32:17', NULL, '2017-12-01 10:18:14', 2),
(46, 'Teste exame', 2, NULL, NULL, NULL, NULL, NULL, NULL, NULL, 'exame', 'Ele mesmo', '2017-12-01 09:35:16', NULL, '2017-12-01 10:18:16', 2),
(47, 'Teste Exme 2', 2, NULL, NULL, NULL, NULL, NULL, NULL, NULL, 'exame', 'Ele mesmo', '2017-12-01 10:02:42', NULL, '2017-12-01 10:18:19', 2),
(48, 'Teste Exme 2', 2, NULL, NULL, NULL, NULL, NULL, NULL, NULL, 'exame', 'Ele mesmo', '2017-12-01 10:03:54', NULL, '2017-12-01 10:18:21', 2),
(49, 'Teste Exme 2', 2, NULL, NULL, NULL, NULL, NULL, NULL, NULL, 'exame', 'Ele mesmo', '2017-12-01 10:18:01', NULL, '2017-12-01 10:18:25', 2),
(50, 'Avaliao da Massa Corprea ', 2, NULL, NULL, NULL, NULL, NULL, NULL, NULL, 'exame', 'Ele mesmo', '2017-12-01 15:31:17', NULL, NULL, 1),
(51, 'Videoendoscopia ', 2, NULL, NULL, NULL, NULL, NULL, NULL, NULL, 'exame', 'Ele mesmo', '2017-12-01 15:32:35', NULL, NULL, 1),
(52, 'TC de Crnio ou Sela Trcica ou rbitas ( Sem Contraste) ', 2, NULL, NULL, NULL, NULL, NULL, NULL, NULL, 'exame', 'Ele mesmo', '2017-12-01 15:39:01', NULL, '2017-12-20 15:20:38', 2),
(53, 'TC de Crnio ou Sela Trcica ou rbitas (Com Contraste)', 2, NULL, NULL, NULL, NULL, NULL, NULL, NULL, 'exame', 'Ele mesmo', '2017-12-01 15:40:16', NULL, '2017-12-20 15:20:36', 2),
(54, 'TC - Face ou Seios da Face ( sem contraste) ', 2, NULL, NULL, NULL, NULL, NULL, NULL, NULL, 'exame', 'Ele mesmo', '2017-12-04 15:05:16', NULL, '2017-12-20 15:16:12', 2),
(55, 'TC - Face ou Seios da Face ( Com contraste) ', 2, NULL, NULL, NULL, NULL, NULL, NULL, NULL, 'exame', 'Ele mesmo', '2017-12-04 15:08:35', NULL, '2017-12-20 15:16:09', 2),
(56, 'TC - Trax (Sem Contraste) ', 2, NULL, NULL, NULL, NULL, NULL, NULL, NULL, 'exame', 'Ele mesmo', '2017-12-04 15:09:18', NULL, '2017-12-20 15:16:35', 2),
(57, 'TC - Trax ( Com Contraste) ', 2, NULL, NULL, NULL, NULL, NULL, NULL, NULL, 'exame', 'Ele mesmo', '2017-12-04 15:17:14', NULL, '2017-12-20 15:16:41', 2),
(58, 'TC - Abdmen Total / Abdmen Superior, Pelve e Retroperitneo (Sem Contraste) ', 2, NULL, NULL, NULL, NULL, NULL, NULL, NULL, 'exame', 'Ele mesmo', '2017-12-04 15:19:51', NULL, '2017-12-20 15:14:45', 2),
(59, 'TC - Abdmen Total / Abdmen Superior, Pelve e Retroperitneo (Com Contraste) ', 2, NULL, NULL, NULL, NULL, NULL, NULL, NULL, 'exame', 'Ele mesmo', '2017-12-04 15:20:57', NULL, '2017-12-20 15:14:53', 2),
(60, 'TC - Abdmen Superior (Sem Contraste) ', 2, NULL, NULL, NULL, NULL, NULL, NULL, NULL, 'exame', 'Ele mesmo', '2017-12-04 15:21:56', NULL, '2017-12-20 15:14:37', 2),
(61, 'TC - Abdmen Superior (Com Contraste) ', 2, NULL, NULL, NULL, NULL, NULL, NULL, NULL, 'exame', 'Ele mesmo', '2017-12-04 15:22:33', NULL, '2017-12-20 15:14:34', 2),
(62, 'TC - Coluna Cervical ou Dorsal ou Lombo Sacra at 03 segmentos (Sem Contraste) ', 2, NULL, NULL, NULL, NULL, NULL, NULL, NULL, 'exame', 'Ele mesmo', '2017-12-04 15:25:12', NULL, '2017-12-20 15:18:34', 2),
(63, 'TC - Coluna Cervical ou Dorsal ou Lombo Sacra at 03 segmentos (Com Contraste) ', 2, NULL, NULL, NULL, NULL, NULL, NULL, NULL, 'exame', 'Ele mesmo', '2017-12-04 15:25:38', NULL, '2017-12-20 15:18:30', 2),
(64, 'TC - Coluna Segmento Adicional ', 2, NULL, NULL, NULL, NULL, NULL, NULL, NULL, 'exame', 'Ele mesmo', '2017-12-04 15:29:22', NULL, NULL, 1),
(65, 'TC - Pelve ou Bacia ( Sem Contraste)', 2, NULL, NULL, NULL, NULL, NULL, NULL, NULL, 'exame', 'Ele mesmo', '2017-12-04 15:30:21', NULL, '2017-12-20 15:16:27', 2),
(66, 'TC - Pelve ou Bacia ( Com Contraste)', 2, NULL, NULL, NULL, NULL, NULL, NULL, NULL, 'exame', 'Ele mesmo', '2017-12-04 15:31:18', NULL, '2017-12-20 15:16:31', 2),
(67, 'Angiotomografia de Aorta Torcica ', 2, NULL, NULL, NULL, NULL, NULL, NULL, NULL, 'exame', 'Ele mesmo', '2017-12-04 15:32:39', NULL, '2017-12-20 15:15:16', 2),
(68, 'Angiotomografia de Aorta Abdominal ', 2, NULL, NULL, NULL, NULL, NULL, NULL, NULL, 'exame', 'Ele mesmo', '2017-12-04 15:33:24', NULL, '2017-12-20 15:15:10', 2),
(69, 'Angiotomografias ', 2, NULL, NULL, NULL, NULL, NULL, NULL, NULL, 'exame', 'Ele mesmo', '2017-12-04 15:38:35', NULL, '2017-12-20 15:15:19', 2),
(70, 'RM de Crnio - Encfalo (Sem Contraste) ', 2, NULL, NULL, NULL, NULL, NULL, NULL, NULL, 'exame', 'Ele mesmo', '2017-12-04 15:40:42', NULL, '2017-12-20 15:18:12', 2),
(71, 'RM de Crnio - Encfalo (Com Contraste) ', 2, NULL, NULL, NULL, NULL, NULL, NULL, NULL, 'exame', 'Ele mesmo', '2017-12-04 15:41:08', NULL, '2017-12-20 15:18:11', 2),
(72, 'RM - rbita Bilateral (Sem Contraste) ', 2, NULL, NULL, NULL, NULL, NULL, NULL, NULL, 'exame', 'Ele mesmo', '2017-12-04 15:42:31', NULL, '2017-12-20 15:17:41', 2),
(73, 'RM - rbita Bilateral (Com Contraste) ', 2, NULL, NULL, NULL, NULL, NULL, NULL, NULL, 'exame', 'Ele mesmo', '2017-12-04 15:43:06', NULL, '2017-12-20 15:17:44', 2),
(74, 'TC Maxilar (Sem Contraste) ', 2, NULL, NULL, NULL, NULL, NULL, NULL, NULL, 'exame', 'Ele mesmo', '2017-12-05 18:39:59', NULL, NULL, 1),
(75, 'TC Maxilar (Com Contraste) ', 2, NULL, NULL, NULL, NULL, NULL, NULL, NULL, 'exame', 'Ele mesmo', '2017-12-05 18:41:40', NULL, NULL, 1),
(76, 'RM do Trax - Mediastino, pulmo, Parede Torcica ( Sem Contraste) ', 2, NULL, NULL, NULL, NULL, NULL, NULL, NULL, 'exame', 'Ele mesmo', '2017-12-05 18:43:27', NULL, '2017-12-20 15:19:59', 2),
(77, 'RM do Trax - Mediastino, pulmo, Parede Torcica ( Com Contraste) ', 2, NULL, NULL, NULL, NULL, NULL, NULL, NULL, 'exame', 'Ele mesmo', '2017-12-05 18:43:56', NULL, '2017-12-20 15:19:56', 2),
(78, 'RM da Mo - No Inclui Punho - ( Sem Contraste) ', 2, NULL, NULL, NULL, NULL, NULL, NULL, NULL, 'exame', 'Ele mesmo', '2017-12-05 18:45:41', NULL, '2017-12-20 15:18:01', 2),
(79, 'RM da Mo - No inclui Punho ( Com Contraste) ', 2, NULL, NULL, NULL, NULL, NULL, NULL, NULL, 'exame', 'Ele mesmo', '2017-12-05 18:46:29', NULL, '2017-12-20 15:17:59', 2),
(80, 'TC - Mastides ou orelhas Sem contraste', 2, NULL, NULL, NULL, NULL, NULL, NULL, NULL, 'exame', 'Ele mesmo', '2017-12-09 11:50:23', NULL, NULL, 1),
(81, 'TC - Mastides ou orelhas Com contrastes', 2, NULL, NULL, NULL, NULL, NULL, NULL, NULL, 'exame', 'Ele mesmo', '2017-12-09 11:50:50', NULL, NULL, 1),
(82, 'TC - Articulaes temporomandibulares Sem contraste', 2, NULL, NULL, NULL, NULL, NULL, NULL, NULL, 'exame', 'Ele mesmo', '2017-12-09 11:51:51', NULL, NULL, 1),
(83, 'TC - Articulaes temporomandibulares Com contraste', 2, NULL, NULL, NULL, NULL, NULL, NULL, NULL, 'exame', 'Ele mesmo', '2017-12-09 11:52:18', NULL, NULL, 1),
(84, 'TC - Pescoo (partes moles, laringe,tireoide,faringe e glndulas salivares)', 2, NULL, NULL, NULL, NULL, NULL, NULL, NULL, 'exame', 'Ele mesmo', '2017-12-27 12:15:55', NULL, '2017-12-27 14:17:47', 1),
(85, 'Teste', 2, NULL, NULL, NULL, NULL, NULL, NULL, NULL, 'exame', 'Ele mesmo', '2017-12-27 16:10:35', NULL, '2017-12-27 16:10:52', 2);

-- --------------------------------------------------------

--
-- Table structure for table `tb_extrato`
--

CREATE TABLE `tb_extrato` (
  `co_seq_extrato` int(11) NOT NULL,
  `co_caixa` int(11) DEFAULT NULL,
  `co_pagamento` int(11) DEFAULT NULL,
  `nu_id_boleto` int(11) DEFAULT NULL,
  `nu_saldo` double DEFAULT NULL,
  `nu_valor_transacao` double NOT NULL,
  `tp_transacao` tinyint(4) NOT NULL COMMENT '1 Creditado | 2 Debitado',
  `st_pagamento` tinyint(4) NOT NULL,
  `nm_inclusao` varchar(80) NOT NULL,
  `dt_inclusao` datetime NOT NULL,
  `nm_alteracao` varchar(80) DEFAULT NULL,
  `dt_alteracao` datetime DEFAULT NULL,
  `st_registro` tinyint(4) NOT NULL
) ENGINE=InnoDB DEFAULT CHARSET=utf8 COMMENT='Tabela dos extratos financeiros';

--
-- Dumping data for table `tb_extrato`
--

INSERT INTO `tb_extrato` (`co_seq_extrato`, `co_caixa`, `co_pagamento`, `nu_id_boleto`, `nu_saldo`, `nu_valor_transacao`, `tp_transacao`, `st_pagamento`, `nm_inclusao`, `dt_inclusao`, `nm_alteracao`, `dt_alteracao`, `st_registro`) VALUES
(7, 1, 9, NULL, 0, 0, 1, 2, 'Ele mesmo', '2017-10-23 10:15:27', NULL, NULL, 1),
(12, 1, 12, NULL, 238.8, 238.8, 1, 1, 'Ele mesmo', '2017-12-13 18:38:11', NULL, NULL, 1),
(68, 1, 23, 31, 338.6, 99.8, 1, 2, 'Ele mesmo', '2017-12-14 18:32:32', NULL, '2017-12-14 18:32:33', 1),
(69, 1, 23, 32, 338.6, 99.8, 1, 2, 'Ele mesmo', '2017-12-14 18:32:32', NULL, '2017-12-14 18:32:33', 1),
(70, 1, 23, 33, 338.6, 99.8, 1, 2, 'Ele mesmo', '2017-12-14 18:32:32', NULL, '2017-12-14 18:32:33', 1),
(71, 1, 23, 34, 338.6, 99.8, 1, 2, 'Ele mesmo', '2017-12-14 18:32:32', NULL, '2017-12-14 18:32:33', 1),
(72, 1, 23, 35, 338.6, 99.8, 1, 2, 'Ele mesmo', '2017-12-14 18:32:32', NULL, '2017-12-14 18:32:33', 1),
(73, 1, 23, 36, 338.6, 99.8, 1, 2, 'Ele mesmo', '2017-12-14 18:32:32', NULL, '2017-12-14 18:32:33', 1),
(80, 1, 25, 43, 338.6, 99.8, 1, 2, 'Ele mesmo', '2017-12-15 11:52:22', NULL, '2017-12-15 11:52:22', 1),
(81, 1, 25, 44, 338.6, 99.8, 1, 2, 'Ele mesmo', '2017-12-15 11:52:22', NULL, '2017-12-15 11:52:22', 1),
(82, 1, 25, 45, 338.6, 99.8, 1, 2, 'Ele mesmo', '2017-12-15 11:52:22', NULL, '2017-12-15 11:52:22', 1),
(83, 1, 25, 46, 338.6, 99.8, 1, 2, 'Ele mesmo', '2017-12-15 11:52:22', NULL, '2017-12-15 11:52:22', 1),
(84, 1, 25, 47, 338.6, 99.8, 1, 2, 'Ele mesmo', '2017-12-15 11:52:22', NULL, '2017-12-15 11:52:22', 1),
(85, 1, 25, 48, 338.6, 99.8, 1, 2, 'Ele mesmo', '2017-12-15 11:52:22', NULL, '2017-12-15 11:52:22', 1),
(86, 1, 26, 49, 278.6, 39.8, 1, 1, 'Ele mesmo', '2017-12-18 08:45:39', NULL, '2017-12-18 08:45:39', 1),
(87, 1, 26, 50, 278.6, 39.8, 1, 2, 'Ele mesmo', '2017-12-18 08:45:39', NULL, '2017-12-18 08:45:39', 1),
(88, 1, 26, 51, 278.6, 39.8, 1, 2, 'Ele mesmo', '2017-12-18 08:45:39', NULL, '2017-12-18 08:45:39', 1),
(89, 1, 26, 52, 278.6, 39.8, 1, 2, 'Ele mesmo', '2017-12-18 08:45:39', NULL, '2017-12-18 08:45:39', 1),
(90, 1, 26, 53, 278.6, 39.8, 1, 2, 'Ele mesmo', '2017-12-18 08:45:39', NULL, '2017-12-18 08:45:39', 1),
(91, 1, 26, 54, 278.6, 39.8, 1, 2, 'Ele mesmo', '2017-12-18 08:45:39', NULL, '2017-12-18 08:45:39', 1),
(98, 1, 28, 109, 318.4, 39.8, 1, 1, 'Ele mesmo', '2017-12-26 11:32:12', NULL, '2017-12-26 11:32:13', 1),
(99, 1, 28, 110, 318.4, 39.8, 1, 2, 'Ele mesmo', '2017-12-26 11:32:12', NULL, '2017-12-26 11:32:13', 1),
(100, 1, 28, 111, 318.4, 39.8, 1, 2, 'Ele mesmo', '2017-12-26 11:32:12', NULL, '2017-12-26 11:32:13', 1),
(101, 1, 28, 112, 318.4, 39.8, 1, 2, 'Ele mesmo', '2017-12-26 11:32:12', NULL, '2017-12-26 11:32:13', 1),
(102, 1, 28, 113, 318.4, 39.8, 1, 2, 'Ele mesmo', '2017-12-26 11:32:12', NULL, '2017-12-26 11:32:13', 1),
(103, 1, 28, 114, 318.4, 39.8, 1, 2, 'Ele mesmo', '2017-12-26 11:32:12', NULL, '2017-12-26 11:32:13', 1),
(128, 1, 41, 139, 517.4, 238.8, 1, 1, 'Ele mesmo', '2017-12-26 14:27:56', NULL, '2017-12-26 14:27:56', 1),
(129, 1, 42, 140, 657, 99.8, 1, 2, 'Ele mesmo', '2017-12-27 15:33:55', NULL, '2017-12-27 15:33:55', 1),
(130, 1, 42, 141, 657, 99.8, 1, 2, 'Ele mesmo', '2017-12-27 15:33:55', NULL, '2017-12-27 15:33:55', 1),
(131, 1, 42, 142, 657, 99.8, 1, 2, 'Ele mesmo', '2017-12-27 15:33:55', NULL, '2017-12-27 15:33:55', 1),
(132, 1, 42, 143, 657, 99.8, 1, 2, 'Ele mesmo', '2017-12-27 15:33:55', NULL, '2017-12-27 15:33:55', 1),
(133, 1, 42, 144, 657, 99.8, 1, 2, 'Ele mesmo', '2017-12-27 15:33:55', NULL, '2017-12-27 15:33:55', 1),
(134, 1, 42, 145, 657, 99.8, 1, 2, 'Ele mesmo', '2017-12-27 15:33:55', NULL, '2017-12-27 15:33:55', 1),
(135, 1, 43, NULL, 916, 358.8, 1, 2, 'Ele mesmo', '2017-12-28 09:18:48', NULL, NULL, 1),
(136, 1, 44, 146, 617, 59.8, 1, 2, 'Ele mesmo', '2017-12-28 10:17:25', NULL, '2017-12-28 10:17:26', 1),
(137, 1, 44, 147, 617, 59.8, 1, 2, 'Ele mesmo', '2017-12-28 10:17:25', NULL, '2017-12-28 10:17:26', 1),
(138, 1, 44, 148, 617, 59.8, 1, 2, 'Ele mesmo', '2017-12-28 10:17:25', NULL, '2017-12-28 10:17:26', 1),
(139, 1, 44, 149, 617, 59.8, 1, 2, 'Ele mesmo', '2017-12-28 10:17:25', NULL, '2017-12-28 10:17:26', 1),
(140, 1, 44, 150, 617, 59.8, 1, 2, 'Ele mesmo', '2017-12-28 10:17:25', NULL, '2017-12-28 10:17:26', 1),
(141, 1, 44, 151, 617, 59.8, 1, 2, 'Ele mesmo', '2017-12-28 10:17:25', NULL, '2017-12-28 10:17:26', 1),
(142, 1, 45, 152, 617, 59.8, 1, 2, 'Ele mesmo', '2017-12-28 10:17:38', NULL, '2017-12-28 10:17:40', 1),
(143, 1, 45, 153, 617, 59.8, 1, 2, 'Ele mesmo', '2017-12-28 10:17:38', NULL, '2017-12-28 10:17:40', 1),
(144, 1, 45, 154, 617, 59.8, 1, 2, 'Ele mesmo', '2017-12-28 10:17:38', NULL, '2017-12-28 10:17:40', 1),
(145, 1, 45, 155, 617, 59.8, 1, 2, 'Ele mesmo', '2017-12-28 10:17:38', NULL, '2017-12-28 10:17:40', 1),
(146, 1, 45, 156, 617, 59.8, 1, 2, 'Ele mesmo', '2017-12-28 10:17:38', NULL, '2017-12-28 10:17:40', 1),
(147, 1, 45, 157, 617, 59.8, 1, 2, 'Ele mesmo', '2017-12-28 10:17:38', NULL, '2017-12-28 10:17:40', 1);

-- --------------------------------------------------------

--
-- Table structure for table `tb_forma_pagamento`
--

CREATE TABLE `tb_forma_pagamento` (
  `co_seq_forma_pagamento` int(11) NOT NULL,
  `nu_vezes` tinyint(4) NOT NULL,
  `nm_forma_pagamento` varchar(80) NOT NULL,
  `nm_inclusao` varchar(80) NOT NULL,
  `dt_inclusao` datetime NOT NULL,
  `nm_alteracao` varchar(80) DEFAULT NULL,
  `dt_alteracao` datetime DEFAULT NULL,
  `st_registro` tinyint(4) NOT NULL
) ENGINE=InnoDB DEFAULT CHARSET=utf8 COMMENT='Tabela das formas de pagamentos';

--
-- Dumping data for table `tb_forma_pagamento`
--

INSERT INTO `tb_forma_pagamento` (`co_seq_forma_pagamento`, `nu_vezes`, `nm_forma_pagamento`, `nm_inclusao`, `dt_inclusao`, `nm_alteracao`, `dt_alteracao`, `st_registro`) VALUES
(1, 6, 'Boleto', 'Tony Anderson', '2017-04-06 00:00:00', NULL, NULL, 1),
(2, 5, 'PayPal', 'Tony Anderson', '2017-04-06 00:00:00', NULL, NULL, 2),
(3, 6, 'Carto de Crdito/PagSeguro', 'Tony Anderson', '2017-04-06 00:00:00', NULL, NULL, 1),
(4, 12, 'Carto de Crdito', 'Tony Anderson', '2017-04-06 00:00:00', NULL, NULL, 2),
(5, 1, 'Carto de Dbito', 'Tony Anderson', '2017-04-06 00:00:00', NULL, NULL, 2),
(6, 1, 'Dinheiro', 'Tony Anderson', '2017-12-27 00:00:00', NULL, NULL, 1);

-- --------------------------------------------------------

--
-- Table structure for table `tb_laboratorio`
--

CREATE TABLE `tb_laboratorio` (
  `co_seq_laboratorio` int(11) NOT NULL,
  `nm_laboratorio` varchar(80) NOT NULL,
  `st_procedimento` int(11) NOT NULL DEFAULT '2',
  `nm_inclusao` varchar(80) NOT NULL,
  `dt_inclusao` datetime NOT NULL,
  `nm_alteracao` varchar(80) DEFAULT NULL,
  `dt_alteracao` datetime DEFAULT NULL,
  `st_registro` tinyint(4) NOT NULL
) ENGINE=InnoDB DEFAULT CHARSET=utf8 COMMENT='Tabela dos Laboratrios que podem ser feito';

--
-- Dumping data for table `tb_laboratorio`
--

INSERT INTO `tb_laboratorio` (`co_seq_laboratorio`, `nm_laboratorio`, `st_procedimento`, `nm_inclusao`, `dt_inclusao`, `nm_alteracao`, `dt_alteracao`, `st_registro`) VALUES
(1, 'Anlises Clnicas (+ de 3.000 itens) - Consultar o Valor.', 2, 'Ele mesmo', '2017-10-17 16:39:41', NULL, '2017-11-27 16:18:51', 1),
(2, 'Anatomia Patolgica', 2, 'Ele mesmo', '2017-10-17 16:40:06', NULL, '2017-11-13 16:41:51', 2),
(3, 'Bipsia (a partir de) ', 1, 'Ele mesmo', '2017-10-17 16:41:13', NULL, '2017-11-13 12:32:49', 1),
(4, 'Citologia', 2, 'Ele mesmo', '2017-10-17 16:41:39', NULL, '2017-11-13 14:17:25', 2),
(5, 'Curvas (a partir)', 2, 'Ele mesmo', '2017-10-17 16:42:07', NULL, '2017-11-30 11:34:16', 1),
(6, 'Curvas', 2, 'Ele mesmo', '2017-10-17 16:42:37', NULL, '2017-11-13 16:42:16', 2),
(7, 'Teste do Pezinho (a partir de) ', 1, 'Ele mesmo', '2017-10-17 16:43:18', NULL, '2017-11-13 16:44:49', 1),
(8, 'EAS (Urina) ', 2, 'Ele mesmo', '2017-11-13 13:13:55', NULL, '2017-11-27 18:05:38', 2),
(9, 'EPF Parasitolgico (Fezes) ', 2, 'Ele mesmo', '2017-11-13 13:14:17', NULL, '2017-11-13 16:40:55', 1),
(10, 'Hemograma Completo ', 2, 'Ele mesmo', '2017-11-13 13:14:50', NULL, NULL, 1),
(11, 'Papanicolau - Citopatolgico Crvico - Vaginal ', 2, 'Ele mesmo', '2017-11-13 14:17:17', NULL, NULL, 1),
(12, 'Colesterol', 1, 'Ele mesmo', '2017-11-13 16:39:24', NULL, NULL, 1),
(13, 'Glicose ', 1, 'Ele mesmo', '2017-11-13 16:42:55', NULL, NULL, 1),
(14, '1,25 Dehidroxi Vitamina D', 1, 'Ele mesmo', '2017-11-27 16:18:32', NULL, NULL, 1),
(15, '17 Beta Estradiol ', 1, 'Ele mesmo', '2017-11-27 16:19:20', NULL, NULL, 1),
(16, '25 OH Vitamina D', 1, 'Ele mesmo', '2017-11-27 16:19:40', NULL, NULL, 1),
(17, 'cido Flico ', 1, 'Ele mesmo', '2017-11-27 16:23:32', NULL, NULL, 1),
(18, 'cido rico', 1, 'Ele mesmo', '2017-11-27 16:23:55', NULL, NULL, 1),
(19, 'Anticorpos Anti E Da Hepatite B', 1, 'Ele mesmo', '2017-11-27 16:25:05', NULL, NULL, 1),
(20, 'Anticorpos Anti Glumato Descarboxilase ', 1, 'Ele mesmo', '2017-11-27 16:25:54', NULL, NULL, 1),
(21, 'Anticorpos Anti Hepatite C (HCV)', 1, 'Ele mesmo', '2017-11-27 16:26:32', NULL, NULL, 1),
(22, 'Anticorpos Anti Ilhota ', 1, 'Ele mesmo', '2017-11-27 16:27:22', NULL, NULL, 1),
(23, 'Anticorpos Anti Insulina ', 1, 'Ele mesmo', '2017-11-27 16:28:05', NULL, NULL, 1),
(24, 'Anticorpos Anti Mitocondria ', 1, 'Ele mesmo', '2017-11-27 16:28:38', NULL, NULL, 1),
(25, 'Anticorpos Anti Mucosa Gstrica ', 1, 'Ele mesmo', '2017-11-27 16:29:05', NULL, NULL, 1),
(26, 'Anticorpos Anti Peroxidase Tireoidiana ', 1, 'Ele mesmo', '2017-11-27 16:29:55', NULL, NULL, 1),
(27, 'Anticorpos Anti Tereoglobina ', 1, 'Ele mesmo', '2017-11-27 16:30:27', NULL, NULL, 1),
(28, 'Anticorpos Core (IGM) ', 1, 'Ele mesmo', '2017-11-27 16:31:40', NULL, NULL, 1),
(29, 'Anticorpos Core Total ( Anti HBC- IGG)', 1, 'Ele mesmo', '2017-11-27 16:40:04', NULL, NULL, 1),
(30, 'Antgeno Austrlia (HBSAG)', 1, 'Ele mesmo', '2017-11-27 16:40:37', NULL, '2017-12-08 15:01:25', 2),
(31, 'Antgeno E da Hepatite B (HBEAG)', 1, 'Ele mesmo', '2017-11-27 16:41:17', NULL, NULL, 1),
(32, 'Bilirrubinas Totais e Fraes ', 1, 'Ele mesmo', '2017-11-27 16:41:48', NULL, NULL, 1),
(33, 'Colpocitologia Onctica ', 1, 'Ele mesmo', '2017-11-27 16:46:49', NULL, NULL, 1),
(34, 'Cortisol ', 1, 'Ele mesmo', '2017-11-27 16:47:15', NULL, NULL, 1),
(35, 'Creatinina ', 1, 'Ele mesmo', '2017-11-27 16:47:35', NULL, NULL, 1),
(36, 'Cultura de Urina Jato Mdio ', 1, 'Ele mesmo', '2017-11-27 16:47:57', NULL, NULL, 1),
(37, 'Curva Glicmica 2 horas ', 1, 'Ele mesmo', '2017-11-27 16:48:24', NULL, NULL, 1),
(38, 'Dehidroepiandrosterona ', 1, 'Ele mesmo', '2017-11-27 16:49:01', NULL, NULL, 1),
(39, 'Dosagem de Beta HCG ', 1, 'Ele mesmo', '2017-11-27 16:49:29', NULL, NULL, 1),
(40, 'Dosagem de Ferritina ', 1, 'Ele mesmo', '2017-11-27 16:50:53', NULL, NULL, 1),
(41, 'Dosagem de Vitamina D', 1, 'Ele mesmo', '2017-11-27 16:51:18', NULL, NULL, 1),
(42, 'Eletroforese de Hemoglobina ', 1, 'Ele mesmo', '2017-11-27 16:51:51', NULL, NULL, 1),
(43, 'Ferro ', 1, 'Ele mesmo', '2017-11-27 16:52:12', NULL, NULL, 1),
(44, 'Fibrinognio ', 1, 'Ele mesmo', '2017-11-27 16:52:32', NULL, NULL, 1),
(45, 'Fosfatase Alcalina ', 1, 'Ele mesmo', '2017-11-27 16:52:57', NULL, NULL, 1),
(46, 'Fsforo ', 1, 'Ele mesmo', '2017-11-27 16:53:11', NULL, NULL, 1),
(47, 'Gama GT', 1, 'Ele mesmo', '2017-11-27 16:53:28', NULL, NULL, 1),
(48, 'Hemoglobina Glicada ', 1, 'Ele mesmo', '2017-11-27 16:53:52', NULL, NULL, 1),
(49, 'Hemograma ', 1, 'Ele mesmo', '2017-11-27 16:54:07', NULL, NULL, 1),
(50, 'Hepatite B ', 1, 'Ele mesmo', '2017-11-27 16:54:27', NULL, NULL, 1),
(51, 'Hormnio Folculo Estimulante (FSH)', 1, 'Ele mesmo', '2017-11-27 16:55:37', NULL, NULL, 1),
(52, 'Hormnio Luteinizante (LH) ', 1, 'Ele mesmo', '2017-11-27 16:56:15', NULL, NULL, 1),
(53, 'IGBP3', 1, 'Ele mesmo', '2017-11-27 16:56:34', NULL, NULL, 1),
(54, 'IGF-1 (Somatomedina C)', 1, 'Ele mesmo', '2017-11-27 16:57:15', NULL, NULL, 1),
(55, 'Insulina ', 1, 'Ele mesmo', '2017-11-27 16:57:27', NULL, NULL, 1),
(56, 'IGBP - 3', 1, 'Ele mesmo', '2017-11-27 16:57:52', NULL, NULL, 1),
(57, 'Macropolactina Pesquisa ', 1, 'Ele mesmo', '2017-11-27 16:58:30', NULL, NULL, 1),
(58, 'Magnsio', 1, 'Ele mesmo', '2017-11-27 16:58:48', NULL, NULL, 1),
(59, 'Microalbuminuria ', 1, 'Ele mesmo', '2017-11-27 16:59:43', NULL, NULL, 1),
(60, 'Paratormnio ', 1, 'Ele mesmo', '2017-11-27 17:00:17', NULL, NULL, 1),
(61, 'Perfil Lipdico ', 1, 'Ele mesmo', '2017-11-27 17:00:34', NULL, NULL, 1),
(62, 'Pesquisa de Sangue Oculto nas Fezes ', 1, 'Ele mesmo', '2017-11-27 17:01:16', NULL, NULL, 1),
(63, 'Potssio ', 1, 'Ele mesmo', '2017-11-27 17:02:36', NULL, NULL, 1),
(64, 'Progesterona ', 1, 'Ele mesmo', '2017-11-27 17:02:52', NULL, NULL, 1),
(65, 'Protenas Totais e Fraes ', 1, 'Ele mesmo', '2017-11-27 17:03:17', NULL, NULL, 1),
(66, 'Sdio ', 1, 'Ele mesmo', '2017-11-27 17:03:31', NULL, NULL, 1),
(67, 'Sulfato de Dehidroepiandrosterona ', 1, 'Ele mesmo', '2017-11-27 17:05:40', NULL, NULL, 1),
(68, 'Teste de Intolerncia  Lactose ', 1, 'Ele mesmo', '2017-11-27 17:06:15', NULL, NULL, 1),
(69, 'Testosterona Livre e Biodisponvel Calculadas ', 1, 'Ele mesmo', '2017-11-27 17:08:02', NULL, NULL, 1),
(70, 'TGO', 1, 'Ele mesmo', '2017-11-27 17:08:14', NULL, NULL, 1),
(71, 'TGP', 1, 'Ele mesmo', '2017-11-27 17:08:28', NULL, NULL, 1),
(72, 'Tiroxina Livre ( T4 Livre)', 1, 'Ele mesmo', '2017-11-27 17:09:07', NULL, NULL, 1),
(73, 'TSH Ultra Sensvel ', 1, 'Ele mesmo', '2017-11-27 17:10:19', NULL, NULL, 1),
(74, 'Ureia ', 1, 'Ele mesmo', '2017-11-27 17:10:32', NULL, NULL, 1),
(75, 'Zinco (Soro)', 1, 'Ele mesmo', '2017-11-27 17:11:02', NULL, NULL, 1),
(76, 'Urina Tipo 1', 1, 'Ele mesmo', '2017-11-27 17:11:53', NULL, NULL, 1),
(77, 'Antgeno E da Hepatite B (HBEAG)', 1, 'Ele mesmo', '2017-11-27 17:41:28', NULL, '2017-12-08 15:39:55', 2),
(78, 'Clcio Ionizado ', 1, 'Ele mesmo', '2017-11-27 17:42:47', NULL, NULL, 1),
(79, 'ANTICORPOS TOTAIS PARA HEPATITE A', 2, 'Ele mesmo', '2017-12-06 16:21:21', NULL, '2017-12-07 10:33:11', 2),
(80, 'ANTICORPOS TOTAIS PARA HEPATITE A', 2, 'Ele mesmo', '2017-12-06 16:21:32', NULL, '2017-12-07 10:33:52', 2),
(81, 'Anticorpos Totais para Hepatite A', 2, 'Ele mesmo', '2017-12-07 10:35:43', NULL, NULL, 1),
(82, 'Anticorpos Totais para Hepatite A', 2, 'Ele mesmo', '2017-12-07 10:35:52', NULL, '2017-12-08 15:39:49', 2),
(83, 'Antigeno Australia (HBSAG)', 2, 'Ele mesmo', '2017-12-08 15:00:37', NULL, '2017-12-08 15:01:22', 2),
(84, 'Antigeno Australia (HBSAG)', 2, 'Ele mesmo', '2017-12-08 15:00:40', NULL, '2017-12-08 15:01:19', 2),
(85, 'Antigeno Australia (HBSAG)', 2, 'Ele mesmo', '2017-12-08 15:00:41', NULL, '2017-12-08 15:01:16', 2),
(86, 'Antigeno Australia (HBSAG)', 2, 'Ele mesmo', '2017-12-08 15:00:43', NULL, '2017-12-08 15:01:12', 2),
(87, 'Antigeno Australia (HBSAG)', 2, 'Ele mesmo', '2017-12-08 15:00:44', NULL, '2017-12-08 15:26:09', 2),
(88, 'Antigeno Australia (HBSAG)', 2, 'Ele mesmo', '2017-12-08 15:27:13', NULL, '2017-12-08 15:31:28', 2),
(89, 'Antigeno Australia (HBSAG)', 2, 'Ele mesmo', '2017-12-08 15:32:08', NULL, NULL, 1),
(90, 'Hepatite B - Anticorpos Anti-HBsAG', 2, 'Ele mesmo', '2017-12-08 15:39:09', NULL, '2017-12-08 15:40:17', 2),
(91, 'ANTICORPOS TOTAIS PARA HEPATITE A', 2, 'Ele mesmo', '2017-12-08 16:58:37', NULL, NULL, 1),
(92, 'ANTICORPO IGM HEPATITE A (ANTI-HAV IGM)', 2, 'Ele mesmo', '2017-12-08 17:03:39', NULL, NULL, 1),
(93, 'HEPATITE B - ANTICORPOS ANTI-HBSAG', 2, 'Ele mesmo', '2017-12-08 17:07:03', NULL, NULL, 1),
(94, 'Anticorpos Core - IGM', 2, 'Ele mesmo', '2017-12-08 17:08:29', NULL, NULL, 1),
(95, 'Anticorpos Core Total (Anti HBC IGG)', 2, 'Ele mesmo', '2017-12-08 17:09:14', NULL, NULL, 1),
(96, 'Anticorpos Anti E da Hepatite B', 2, 'Ele mesmo', '2017-12-08 17:10:55', NULL, NULL, 1),
(97, 'Antigeno E da Hepatite B (HBEAG)', 2, 'Ele mesmo', '2017-12-08 17:11:42', NULL, NULL, 1),
(98, 'Progesterona', 2, 'Ele mesmo', '2017-12-08 17:12:16', NULL, NULL, 1),
(99, 'Chlamydia Trachomatis - PCR', 2, 'Ele mesmo', '2017-12-08 17:14:20', NULL, NULL, 1),
(100, 'Determinacao da Proteina C, Plasma', 2, 'Ele mesmo', '2017-12-08 17:15:15', NULL, NULL, 1),
(101, 'Fenobarbital', 2, 'Ele mesmo', '2017-12-08 17:15:49', NULL, NULL, 1),
(102, 'Estrona', 2, 'Ele mesmo', '2017-12-08 17:16:23', NULL, NULL, 1),
(103, 'Estriol Livre', 2, 'Ele mesmo', '2017-12-08 17:16:51', NULL, NULL, 1),
(104, '17 Beta Estradiol', 2, 'Ele mesmo', '2017-12-08 17:17:29', NULL, NULL, 1),
(105, 'Eletroforese de Hemoglobina', 2, 'Ele mesmo', '2017-12-08 17:18:10', NULL, NULL, 1),
(106, 'Pesquisa de Anticoagulante Lupico', 2, 'Ele mesmo', '2017-12-08 17:18:47', NULL, NULL, 1),
(107, 'Clearance de Creatinina (Urina 24hs)', 2, 'Ele mesmo', '2017-12-08 17:19:27', NULL, NULL, 1),
(108, 'Acido Valproico', 2, 'Ele mesmo', '2017-12-08 17:25:32', NULL, NULL, 1),
(109, 'Neisseria Gonorrhoeae - PCR', 2, 'Ele mesmo', '2017-12-08 17:27:16', NULL, NULL, 1),
(110, 'Cromatografia D Aminoacidos no Sangue - Quantitativa', 2, 'Ele mesmo', '2017-12-08 17:27:53', NULL, NULL, 1),
(111, 'Colpocitologia Oncotiva', 2, 'Ele mesmo', '2017-12-08 17:28:38', NULL, NULL, 1),
(112, 'Cultura de Secrecao', 2, 'Ele mesmo', '2017-12-08 17:29:10', NULL, NULL, 1),
(113, 'Citologico', 2, 'Ele mesmo', '2017-12-08 17:29:38', NULL, NULL, 1),
(114, 'Anatomo Patologico (Fragmento)', 2, 'Ele mesmo', '2017-12-08 17:30:15', NULL, NULL, 1),
(115, 'Apolipoproteina A', 2, 'Ele mesmo', '2017-12-08 17:30:41', NULL, NULL, 1),
(116, 'Apolipoproteina B', 2, 'Ele mesmo', '2017-12-08 17:31:10', NULL, NULL, 1),
(117, 'Rubeola (IGG)', 2, 'Ele mesmo', '2017-12-08 17:33:22', NULL, NULL, 1),
(118, 'Rubeola (IGM)', 2, 'Ele mesmo', '2017-12-08 17:34:25', NULL, NULL, 1),
(119, 'Toxoplasmose (IGG)', 2, 'Ele mesmo', '2017-12-08 17:34:59', NULL, NULL, 1),
(120, 'Toxoplasmose (IGM)', 2, 'Ele mesmo', '2017-12-08 17:36:01', NULL, NULL, 1),
(121, 'Citomegalovirus (IGM) - Soro', 2, 'Ele mesmo', '2017-12-08 17:36:40', NULL, NULL, 1),
(122, 'Citomegalovirus (IGG) Enzimoimunoensaio', 2, 'Ele mesmo', '2017-12-08 17:37:26', NULL, NULL, 1),
(123, 'Sifilis - FTA ABS (IGG)', 2, 'Ele mesmo', '2017-12-08 17:38:00', NULL, NULL, 1),
(124, 'Sifilis, FTA-ABS-IgM', 2, 'Ele mesmo', '2017-12-08 17:38:35', NULL, NULL, 1),
(125, 'Chagas-IFI (IgM)', 2, 'Ele mesmo', '2017-12-08 17:39:10', NULL, NULL, 1),
(126, 'Chagas IGG - Imunofluorescencia', 2, 'Ele mesmo', '2017-12-08 17:39:43', NULL, NULL, 1),
(127, 'Sorologia para Chlamydia IGG e IGM', 2, 'Ele mesmo', '2017-12-08 17:40:18', NULL, NULL, 1),
(128, 'Antiestreptolisina O (Aslo)', 2, 'Ele mesmo', '2017-12-08 17:42:55', NULL, NULL, 1),
(129, 'Macroprolactina Pesquisa', 2, 'Ele mesmo', '2017-12-08 17:43:27', NULL, NULL, 1),
(130, 'Anticorpo Anti-ilhota', 2, 'Ele mesmo', '2017-12-08 17:43:56', NULL, NULL, 1),
(131, 'Anticorpos Anti Glutamato Descarboxilase', 2, 'Ele mesmo', '2017-12-08 17:44:29', NULL, NULL, 1),
(132, 'Anticorpos Anti mucosa Gastrica', 2, 'Ele mesmo', '2017-12-08 17:45:05', NULL, NULL, 1),
(133, 'Varicella Zoster IgG e IgM', 2, 'Ele mesmo', '2017-12-08 17:45:58', NULL, NULL, 1),
(134, 'Provas de Funo Heptica', 2, 'Ele mesmo', '2017-12-08 17:46:28', NULL, NULL, 1),
(135, 'Hemograma', 2, 'Ele mesmo', '2017-12-08 17:46:53', NULL, NULL, 1),
(136, 'Helicobacter Pylori para Patologia', 2, 'Ele mesmo', '2017-12-09 10:15:07', NULL, NULL, 1),
(137, 'Teste de tolerncia a Lactose', 2, 'Ele mesmo', '2017-12-09 10:27:36', NULL, NULL, 1),
(138, 'Estrogenos totais e fraes', 2, 'Ele mesmo', '2017-12-09 10:28:04', NULL, NULL, 1),
(139, 'Estudo do colesterol', 2, 'Ele mesmo', '2017-12-09 10:28:57', NULL, NULL, 1),
(140, 'Perfil lipdico', 2, 'Ele mesmo', '2017-12-09 10:29:17', NULL, NULL, 1),
(141, 'Triglicerides', 2, 'Ele mesmo', '2017-12-09 10:29:35', NULL, NULL, 1),
(142, 'Estudo do colesterol', 2, 'Ele mesmo', '2017-12-09 10:29:53', NULL, NULL, 1),
(143, 'Clculo do ndice Homa', 2, 'Ele mesmo', '2017-12-09 10:30:29', NULL, NULL, 1),
(144, 'Glicose', 2, 'Ele mesmo', '2017-12-09 10:30:44', NULL, NULL, 1),
(145, 'Insulina', 2, 'Ele mesmo', '2017-12-09 10:31:03', NULL, NULL, 1),
(146, 'Dengue IGG e IGM-Teste rpido', 2, 'Ele mesmo', '2017-12-09 10:31:27', NULL, NULL, 1),
(147, 'Curva glicemica gestante 2h 75g', 2, 'Ele mesmo', '2017-12-09 10:31:50', NULL, NULL, 1),
(148, 'Curva Glicemica 2h (0,120) Pos', 2, 'Ele mesmo', '2017-12-09 10:32:17', NULL, NULL, 1),
(149, 'Curva Glicemica Gestantes pos glicose', 2, 'Ele mesmo', '2017-12-09 10:33:10', NULL, NULL, 1),
(150, 'Curva Glicemica de 3hs pos', 2, 'Ele mesmo', '2017-12-09 10:33:40', NULL, NULL, 1),
(151, 'Coagulogram - P1', 2, 'Ele mesmo', '2017-12-09 10:34:11', NULL, NULL, 1),
(152, 'Bilirrubinas total e fraes', 2, 'Ele mesmo', '2017-12-09 10:34:35', NULL, NULL, 1),
(153, 'Beta 2 glicoproteina I, Autoanticorpos', 2, 'Ele mesmo', '2017-12-09 10:35:02', NULL, NULL, 1),
(154, 'Serie Branca', 2, 'Ele mesmo', '2017-12-09 10:35:20', NULL, NULL, 1),
(155, 'Selenio Serico', 2, 'Ele mesmo', '2017-12-09 10:35:38', NULL, NULL, 1),
(156, 'Serie Branca', 2, 'Ele mesmo', '2017-12-09 10:35:55', NULL, NULL, 1),
(157, 'Serie Vermelha', 2, 'Ele mesmo', '2017-12-09 10:36:20', NULL, NULL, 1),
(158, 'Cromatografia D aminoacidos no Sangue-quantitativa', 2, 'Ele mesmo', '2017-12-09 10:36:59', NULL, NULL, 1),
(159, 'Serotonina, metabolito na urina', 2, 'Ele mesmo', '2017-12-09 10:37:32', NULL, NULL, 1),
(160, 'Anticorpos anti receptor TSH', 2, 'Ele mesmo', '2017-12-09 10:37:51', NULL, NULL, 1),
(161, 'Transferrina', 2, 'Ele mesmo', '2017-12-09 10:38:16', NULL, NULL, 1),
(162, 'Ureia serica (Pos dialise)', 2, 'Ele mesmo', '2017-12-09 10:38:39', NULL, NULL, 1),
(163, 'Sifilis - VDRL', 2, 'Ele mesmo', '2017-12-09 10:38:57', NULL, NULL, 1),
(164, 'Imunofixacao de proteinas sericas', 2, 'Ele mesmo', '2017-12-09 10:39:33', NULL, NULL, 1),
(165, 'Neisseria Gonorrhoeae - PCR', 2, 'Ele mesmo', '2017-12-09 10:40:09', NULL, NULL, 1),
(166, 'Parasitologico de fezes com conservante', 2, 'Ele mesmo', '2017-12-09 10:40:50', NULL, NULL, 1),
(167, 'Bacterioscopico', 2, 'Ele mesmo', '2017-12-09 11:02:51', NULL, NULL, 1),
(168, 'Pre Albumina Serica', 2, 'Ele mesmo', '2017-12-09 11:03:13', NULL, NULL, 1),
(169, 'Proteinas Totais', 2, 'Ele mesmo', '2017-12-09 11:03:40', NULL, NULL, 1),
(170, 'Aldosterona', 2, 'Ele mesmo', '2017-12-09 11:04:00', NULL, NULL, 1),
(171, 'Gama GT - Gama Glutamil Transpeptidase', 2, 'Ele mesmo', '2017-12-09 11:05:51', NULL, NULL, 1),
(172, 'Transaminase Glutamica Oxalacetica - TGO (AST)', 2, 'Ele mesmo', '2017-12-09 11:07:11', NULL, NULL, 1),
(173, 'Transaminase Glutamica Piruvica - TGP (ALT)', 2, 'Ele mesmo', '2017-12-09 11:07:49', NULL, NULL, 1),
(174, 'Fosfatase Alcalina', 2, 'Ele mesmo', '2017-12-09 11:08:12', NULL, NULL, 1),
(175, 'Dosagem de Beta HCG', 2, 'Ele mesmo', '2017-12-09 11:09:19', NULL, NULL, 1),
(176, 'Sulfato de Dehidroepiandrosterona', 2, 'Ele mesmo', '2017-12-09 11:09:42', NULL, NULL, 1),
(177, 'Hormonio Adrenoccorticotrofico', 2, 'Ele mesmo', '2017-12-09 11:10:05', NULL, NULL, 1),
(178, 'Creatinina', 2, 'Ele mesmo', '2017-12-09 11:10:46', NULL, NULL, 1),
(179, 'IGF - 1 (Somatomedina C)', 2, 'Ele mesmo', '2017-12-09 11:11:09', NULL, NULL, 1),
(180, 'Fosforo', 2, 'Ele mesmo', '2017-12-09 11:11:28', NULL, NULL, 1),
(181, 'Renina', 2, 'Ele mesmo', '2017-12-09 11:11:46', NULL, NULL, 1),
(182, 'Anticorpos Anti Peroxidase Tireoidiana', 2, 'Ele mesmo', '2017-12-09 11:12:10', NULL, NULL, 1),
(183, 'Anticorpos Anti Tireoglobulina', 2, 'Ele mesmo', '2017-12-09 11:12:34', NULL, NULL, 1),
(184, 'Ureia', 2, 'Ele mesmo', '2017-12-09 11:12:48', NULL, NULL, 1),
(185, 'Sodio', 2, 'Ele mesmo', '2017-12-09 11:13:14', NULL, NULL, 1),
(186, 'Fator V Leiden - Mutao R506Q', 2, 'Ele mesmo', '2017-12-09 11:13:39', NULL, NULL, 1),
(187, 'Chumbo Sanguineo', 2, 'Ele mesmo', '2017-12-09 11:13:57', NULL, NULL, 1),
(188, 'Dosagem de Ferritina', 2, 'Ele mesmo', '2017-12-09 11:14:16', NULL, NULL, 1),
(189, 'Ferro', 2, 'Ele mesmo', '2017-12-09 11:14:33', NULL, NULL, 1),
(190, 'T3 Total', 2, 'Ele mesmo', '2017-12-09 11:14:58', NULL, NULL, 1),
(191, 'T3 Livre', 2, 'Ele mesmo', '2017-12-09 11:15:14', NULL, NULL, 1),
(192, 'Tiroxina Livre (T4 Livre)', 2, 'Ele mesmo', '2017-12-09 11:16:11', NULL, NULL, 1),
(193, 'T4 Total', 2, 'Ele mesmo', '2017-12-09 11:16:26', NULL, NULL, 1),
(194, 'TSH Ultra sensivel', 2, 'Ele mesmo', '2017-12-09 11:16:44', NULL, NULL, 1),
(195, 'Globulina transportadora de hormonios sexuais', 2, 'Ele mesmo', '2017-12-09 11:17:09', NULL, NULL, 1),
(196, 'Testosterona livre e biodisponivel calculadas', 2, 'Ele mesmo', '2017-12-09 11:17:33', NULL, NULL, 1),
(197, 'Proteina C retativa (PCR)', 2, 'Ele mesmo', '2017-12-09 11:17:57', NULL, NULL, 1),
(198, 'Proteinas totais e fracoes', 2, 'Ele mesmo', '2017-12-09 11:18:24', NULL, NULL, 1),
(199, 'Magnesio', 2, 'Ele mesmo', '2017-12-09 11:18:40', NULL, NULL, 1),
(200, 'Calcio', 2, 'Ele mesmo', '2017-12-09 11:18:55', NULL, NULL, 1),
(201, 'Anticorpos Anti-HIV (1+2)', 2, 'Ele mesmo', '2017-12-09 11:19:23', NULL, NULL, 1),
(202, 'Anti-HSV 1/2 (IGM)', 2, 'Ele mesmo', '2017-12-09 11:19:48', NULL, NULL, 1),
(203, 'Herpes Simples Tipo I e II (Anticorpos IgG)', 2, 'Ele mesmo', '2017-12-09 11:20:19', NULL, NULL, 1),
(204, 'Prolactina', 2, 'Ele mesmo', '2017-12-09 11:20:37', NULL, NULL, 1),
(205, 'Zico (Soro)', 2, 'Ele mesmo', '2017-12-09 11:20:55', NULL, NULL, 1),
(206, 'Progesterona', 2, 'Ele mesmo', '2017-12-09 11:21:10', NULL, NULL, 1),
(207, 'Fosfatase Alcalina', 2, 'Ele mesmo', '2017-12-09 11:21:29', NULL, NULL, 1),
(208, 'Anticorpos Anti Hepatite C (HCV)', 2, 'Ele mesmo', '2017-12-09 11:21:53', NULL, NULL, 1),
(209, 'Anticorpos totais para Hepatite A', 2, 'Ele mesmo', '2017-12-09 11:22:56', NULL, NULL, 1),
(210, 'Anticorpo IgM Hepatite A (Anti-HAV IgM)', 2, 'Ele mesmo', '2017-12-09 11:23:27', NULL, NULL, 1),
(211, 'Antigeno Australia (HBSAG)', 2, 'Ele mesmo', '2017-12-09 11:23:58', NULL, NULL, 1),
(212, 'Hepatite B - Anticorpos Anti-HBsAG', 2, 'Ele mesmo', '2017-12-09 11:24:25', NULL, NULL, 1),
(213, 'Anticorpos Core - IGM', 2, 'Ele mesmo', '2017-12-09 11:25:52', NULL, NULL, 1),
(214, 'Anticorpos Core Total (Anti HBC IGG)', 2, 'Ele mesmo', '2017-12-09 11:26:27', NULL, NULL, 1),
(215, 'Anticorpos anti E da Hepatite B', 2, 'Ele mesmo', '2017-12-09 11:26:53', NULL, NULL, 1),
(216, 'Antigeno E da Hepatite B (HBEAG)', 2, 'Ele mesmo', '2017-12-09 11:27:20', NULL, NULL, 1),
(217, 'Progesterona', 2, 'Ele mesmo', '2017-12-09 11:28:12', NULL, NULL, 1),
(218, 'Chlamydia Trachomatis - PCR', 2, 'Ele mesmo', '2017-12-09 11:28:59', NULL, NULL, 1),
(219, 'Determinacao da Proteina C, Plasma', 2, 'Ele mesmo', '2017-12-09 11:29:35', NULL, NULL, 1),
(220, 'Fenobarbital', 2, 'Ele mesmo', '2017-12-09 11:29:53', NULL, NULL, 1),
(221, 'Estrona', 2, 'Ele mesmo', '2017-12-09 11:30:09', NULL, NULL, 1),
(222, 'Estriol livre', 2, 'Ele mesmo', '2017-12-09 11:30:26', NULL, NULL, 1),
(223, '17 Beta estradiol', 2, 'Ele mesmo', '2017-12-09 11:30:45', NULL, NULL, 1),
(224, 'Eletroforese de hemoglobina', 2, 'Ele mesmo', '2017-12-09 11:31:04', NULL, NULL, 1),
(225, 'Pesquisa de anticoagulante lupico', 2, 'Ele mesmo', '2017-12-09 11:31:26', NULL, NULL, 1),
(226, 'Clearance de creatinina (Urina 24h)', 2, 'Ele mesmo', '2017-12-09 11:31:51', NULL, NULL, 1),
(227, 'Acido Valproico', 2, 'Ele mesmo', '2017-12-09 11:32:08', NULL, NULL, 1),
(228, 'Neisseria gonorrhoeae - PCR', 2, 'Ele mesmo', '2017-12-09 11:32:30', NULL, NULL, 1),
(229, 'Cromatografia D aminoacidos no sangue-quantitativa', 2, 'Ele mesmo', '2017-12-09 11:32:55', NULL, NULL, 1),
(230, 'Marcador tumoral CA-50', 2, 'Ele mesmo', '2017-12-09 11:35:05', NULL, NULL, 1),
(231, 'Marcador tumoral CA 724', 2, 'Ele mesmo', '2017-12-09 11:35:26', NULL, NULL, 1),
(232, 'Marcador tumoral CA 125', 2, 'Ele mesmo', '2017-12-09 11:35:51', NULL, NULL, 1),
(233, 'Marcador tumoral CA 19-9', 2, 'Ele mesmo', '2017-12-09 11:36:09', NULL, NULL, 1),
(234, 'Acido urico urinario', 2, 'Ele mesmo', '2017-12-09 11:36:28', NULL, NULL, 1),
(235, 'Calcio urinario', 2, 'Ele mesmo', '2017-12-09 11:36:47', NULL, NULL, 1),
(236, 'Cistina urina 24hs', 2, 'Ele mesmo', '2017-12-09 11:37:04', NULL, NULL, 1),
(237, 'Cloro urinario', 2, 'Ele mesmo', '2017-12-09 11:37:27', NULL, NULL, 1),
(238, 'Citrato urinario', 2, 'Ele mesmo', '2017-12-09 11:38:06', NULL, NULL, 1),
(239, 'Creatinina urinaria', 2, 'Ele mesmo', '2017-12-09 11:38:24', NULL, NULL, 1),
(240, 'Clearance de creatinina (urina 24hs)', 2, 'Ele mesmo', '2017-12-09 11:38:52', NULL, NULL, 1),
(241, 'Ctecolaminas - urina 24hs', 2, 'Ele mesmo', '2017-12-09 11:39:11', NULL, NULL, 1),
(242, 'Fosforo urinario', 2, 'Ele mesmo', '2017-12-09 11:39:31', NULL, NULL, 1),
(243, 'Glicosuria 24 horas', 2, 'Ele mesmo', '2017-12-09 11:39:49', NULL, NULL, 1),
(244, 'Magnesio', 2, 'Ele mesmo', '2017-12-09 11:40:06', NULL, NULL, 1),
(245, 'Magnesio na urina de 24 horas', 2, 'Ele mesmo', '2017-12-09 11:40:30', NULL, NULL, 1),
(246, 'Microalbuminuria 24 horas', 2, 'Ele mesmo', '2017-12-09 11:40:51', NULL, NULL, 1),
(247, 'Oxalato urinario', 2, 'Ele mesmo', '2017-12-09 11:41:07', NULL, NULL, 1),
(248, 'Potassio urinario', 2, 'Ele mesmo', '2017-12-09 11:41:25', NULL, NULL, 1),
(249, 'Proteinuria (G/24hs)', 2, 'Ele mesmo', '2017-12-09 11:41:48', NULL, NULL, 1),
(250, 'Sodio (urina 24 horas)', 2, 'Ele mesmo', '2017-12-09 11:42:06', NULL, NULL, 1),
(251, 'Ureia urinaria', 2, 'Ele mesmo', '2017-12-09 11:42:22', NULL, NULL, 1),
(252, 'Zinco urinario (urina de 24 horas)', 2, 'Ele mesmo', '2017-12-09 11:42:42', NULL, NULL, 1),
(253, 'Cultura de urina-jato medio', 2, 'Ele mesmo', '2017-12-09 11:43:08', NULL, NULL, 1),
(254, 'Urina tipo I', 2, 'Ele mesmo', '2017-12-09 11:43:27', NULL, NULL, 1),
(255, 'Microalbuminuria - amostra isolada', 2, 'Ele mesmo', '2017-12-09 11:43:47', NULL, NULL, 1),
(256, 'Parasitologico de fezes', 2, 'Ele mesmo', '2017-12-09 11:44:13', NULL, NULL, 1),
(257, 'Pesquisa sangue oculto nas fezes', 2, 'Ele mesmo', '2017-12-09 11:44:45', NULL, NULL, 1),
(258, 'Leucocitos nas fezes', 2, 'Ele mesmo', '2017-12-09 11:45:06', NULL, NULL, 1),
(259, 'Coprologico funcional', 2, 'Ele mesmo', '2017-12-09 11:45:24', NULL, NULL, 1),
(260, 'Cultura de fezes', 2, 'Ele mesmo', '2017-12-09 11:45:41', NULL, NULL, 1),
(261, 'Pesquisa de gordura fecal', 2, 'Ele mesmo', '2017-12-09 11:46:00', NULL, NULL, 1),
(262, 'Cortisol as 8 horas', 2, 'Ele mesmo', '2017-12-09 11:46:21', NULL, NULL, 1),
(263, 'Cortisol', 2, 'Ele mesmo', '2017-12-09 11:46:39', NULL, NULL, 1),
(264, 'Cortisol as 16 horas', 2, 'Ele mesmo', '2017-12-09 11:46:56', NULL, NULL, 1),
(265, 'Coritsol salivar', 2, 'Ele mesmo', '2017-12-09 11:47:14', NULL, NULL, 1),
(266, 'Hemoglobina glicosilada', 2, 'Ele mesmo', '2017-12-09 11:47:36', NULL, NULL, 1),
(267, 'Dosagem de Androstenediona', 2, 'Ele mesmo', '2017-12-09 11:48:00', NULL, NULL, 1);

-- --------------------------------------------------------

--
-- Table structure for table `tb_mais_voce`
--

CREATE TABLE `tb_mais_voce` (
  `co_seq_mais_voce` int(11) NOT NULL,
  `co_usuario` int(11) NOT NULL,
  `nm_title` varchar(80) DEFAULT NULL,
  `tx_mais_voce` text NOT NULL,
  `nm_code_color` varchar(6) DEFAULT NULL,
  `nm_inclusao` varchar(80) NOT NULL,
  `dt_inclusao` datetime NOT NULL,
  `nm_alteracao` varchar(80) DEFAULT NULL,
  `dt_alteracao` datetime DEFAULT NULL,
  `st_registro` tinyint(4) NOT NULL
) ENGINE=InnoDB DEFAULT CHARSET=utf8 COMMENT='Tabela da amostragem no site, Mais para Voc!';

--
-- Dumping data for table `tb_mais_voce`
--

INSERT INTO `tb_mais_voce` (`co_seq_mais_voce`, `co_usuario`, `nm_title`, `tx_mais_voce`, `nm_code_color`, `nm_inclusao`, `dt_inclusao`, `nm_alteracao`, `dt_alteracao`, `st_registro`) VALUES
(1, 1, 'Mais Sade para Voc', 'Pellentesque habitant morbi tristique senectus et netus et malesuada fames ac turpis egestas. Vestibulum tortor quam, feugiat vitae, ultricies eget, tempor sit amet, ante. Donec eu libero sit amet quam egestas semper. Aenean ultricies mi vitae est. Mauris placerat eleifend leo.', '21a5ff', 'Ele mesmo', '2017-10-13 17:47:42', NULL, '2017-10-17 10:03:41', 2),
(2, 1, 'Joo das Dunas', 'Sou do Piau mesmo...', 'ff2526', 'Ele mesmo', '2017-10-13 17:50:38', NULL, '2017-10-17 10:03:43', 2),
(3, 1, 'Facilidade', 'Agendamento rpido e dirio ;<br>Central de Agendamentos;<br>Telefone: (61) 2026-1313 ou (61) 99670-1313 - whatsapp.\n<br>Horrio de funcionamento:\nDe Segunda  Sexta - feira de 07:30 as 20:00 hs\nAos Sbados - De 07:30 as 17:30 hs<br><br>', '1E90FF', 'Ele mesmo', '2017-10-17 10:18:45', NULL, '2017-10-19 17:36:42', 1),
(4, 1, 'Felicidade', 'Atendimento humanizado;<br>Para toda a famlia.<br><br>', 'FFD700', 'Ele mesmo', '2017-10-17 10:33:14', NULL, '2017-10-19 17:45:05', 1),
(5, 1, '+ Vantagens ', 'Por apenas R$ 49,90 mensal;<br>Sem carncia; <br>Sem limitao de uso dirio;&nbsp;<br>Voc j saber ,com antecedncia, quanto vai pagar pelos servios utilizados.<br><br>', '2E8B57', 'Ele mesmo', '2017-10-17 10:43:00', NULL, '2017-10-19 17:44:38', 1),
(6, 1, 'Economia ', 'Menor taxa de adeso.<br>Sade de qualidade que no compromete a sua renda familiar. <br>Consultas mdicas e exames a partir de R$ 59,90.', 'DDA0DD', 'Ele mesmo', '2017-10-17 11:01:49', NULL, '2017-10-19 17:42:59', 1),
(7, 1, 'Qualidade ', 'Mdicos comprometidos com a sua sade;\n<br>Clnicas de alto padro e h 30 anos no mercado;<br>Equipamentos de ponta - Maior segurana e preciso nos exames diagnsticos.<br>Acessibilidade aos PNE e idosos;<br>Estruturas confortveis e aconchegantes.<br>', 'FF0000', 'Ele mesmo', '2017-10-17 11:11:14', NULL, '2017-10-24 09:41:22', 1);

-- --------------------------------------------------------

--
-- Table structure for table `tb_newsletter`
--

CREATE TABLE `tb_newsletter` (
  `co_seq_newsletter` int(11) NOT NULL,
  `nm_email` varchar(80) NOT NULL,
  `nm_inclusao` varchar(80) NOT NULL,
  `dt_inclusao` datetime NOT NULL,
  `nm_alteracao` varchar(80) DEFAULT NULL,
  `dt_alteracao` datetime DEFAULT NULL,
  `st_registro` tinyint(4) NOT NULL
) ENGINE=InnoDB DEFAULT CHARSET=utf8 COMMENT='Tabela dos newsletter enviados';

--
-- Dumping data for table `tb_newsletter`
--

INSERT INTO `tb_newsletter` (`co_seq_newsletter`, `nm_email`, `nm_inclusao`, `dt_inclusao`, `nm_alteracao`, `dt_alteracao`, `st_registro`) VALUES
(1, 'Adry_rezende@hotmail.com', 'Ele mesmo', '2017-12-14 19:38:55', NULL, NULL, 1),
(2, 'Adry_rezende@hotmail.com', 'Ele mesmo', '2017-12-14 19:39:09', NULL, NULL, 1),
(3, 'Antnia.freire@portalcci.com.br', 'Ele mesmo', '2017-12-14 21:40:44', NULL, NULL, 1),
(4, 'anacristina.fcarvalho@gmail.com.br', 'Ele mesmo', '2017-12-16 21:12:06', NULL, NULL, 1),
(5, 'Daniela.laiz@gmail.com', 'Ele mesmo', '2017-12-19 22:54:06', NULL, NULL, 1),
(6, 'Daniela.laiz@gmail.com', 'Ele mesmo', '2017-12-19 22:54:15', NULL, NULL, 1),
(7, 'Cidinha_milk@hotmail.com ', 'Ele mesmo', '2017-12-21 10:26:28', NULL, NULL, 1),
(8, 'Olivreiraalvesmais@gmail.com', 'Ele mesmo', '2017-12-21 22:27:27', NULL, NULL, 1),
(9, 'saparecidafranca.sf@gmail.com', 'Ele mesmo', '2017-12-25 15:01:30', NULL, NULL, 1),
(10, 'marlizinha4@gmail.com', 'Ele mesmo', '2017-12-26 08:25:13', NULL, NULL, 1),
(11, 'adilsondental@gmail.com', 'Ele mesmo', '2017-12-26 23:04:50', NULL, NULL, 1),
(12, 'solverneque@hotmail.com.br', 'Ele mesmo', '2017-12-26 23:47:40', NULL, NULL, 1),
(13, 'Mary-fofinha2@hotmail.com ', 'Ele mesmo', '2017-12-27 08:54:48', NULL, NULL, 1);

-- --------------------------------------------------------

--
-- Table structure for table `tb_notificacao_contato`
--

CREATE TABLE `tb_notificacao_contato` (
  `co_seq_notificacao_contato` int(11) NOT NULL,
  `co_contato` int(11) NOT NULL,
  `co_usuario` int(11) NOT NULL,
  `st_visualizado` tinyint(4) NOT NULL,
  `nm_inclusao` varchar(80) NOT NULL,
  `dt_inclusao` datetime NOT NULL,
  `nm_alteracao` varchar(80) DEFAULT NULL,
  `dt_alteracao` datetime DEFAULT NULL,
  `st_registro` tinyint(4) NOT NULL
) ENGINE=InnoDB DEFAULT CHARSET=utf8 COMMENT='Tabela das notificaes dos contatos de Clientes';

--
-- Dumping data for table `tb_notificacao_contato`
--

INSERT INTO `tb_notificacao_contato` (`co_seq_notificacao_contato`, `co_contato`, `co_usuario`, `st_visualizado`, `nm_inclusao`, `dt_inclusao`, `nm_alteracao`, `dt_alteracao`, `st_registro`) VALUES
(1, 1, 1, 1, '', '2017-10-19 14:13:33', NULL, '2017-12-27 17:09:12', 1),
(2, 1, 2, 2, '', '2017-10-19 14:13:33', NULL, NULL, 1),
(3, 1, 3, 2, '', '2017-10-19 14:13:33', NULL, NULL, 1),
(4, 1, 5, 2, '', '2017-10-19 14:13:33', NULL, NULL, 1),
(5, 1, 9, 2, '', '2017-10-19 14:13:33', NULL, NULL, 1),
(6, 1, 10, 1, '', '2017-10-19 14:13:33', NULL, '2017-11-24 15:39:44', 1);

-- --------------------------------------------------------

--
-- Table structure for table `tb_notificacao_newsletter`
--

CREATE TABLE `tb_notificacao_newsletter` (
  `co_seq_notificacao_newsletter` int(11) NOT NULL,
  `co_newsletter` int(11) NOT NULL,
  `co_usuario` int(11) NOT NULL,
  `st_visualizado` tinyint(4) NOT NULL,
  `nm_inclusao` varchar(80) NOT NULL,
  `dt_inclusao` datetime NOT NULL,
  `nm_alteracao` varchar(80) DEFAULT NULL,
  `dt_alteracao` datetime DEFAULT NULL,
  `st_registro` tinyint(4) NOT NULL
) ENGINE=InnoDB DEFAULT CHARSET=utf8 COMMENT='Tabela das notificaes dos newsletter de Clientes';

--
-- Dumping data for table `tb_notificacao_newsletter`
--

INSERT INTO `tb_notificacao_newsletter` (`co_seq_notificacao_newsletter`, `co_newsletter`, `co_usuario`, `st_visualizado`, `nm_inclusao`, `dt_inclusao`, `nm_alteracao`, `dt_alteracao`, `st_registro`) VALUES
(1, 1, 1, 2, '', '2017-12-14 19:38:55', NULL, NULL, 1),
(2, 1, 3, 2, '', '2017-12-14 19:38:55', NULL, NULL, 1),
(3, 1, 5, 2, '', '2017-12-14 19:38:55', NULL, NULL, 1),
(4, 1, 10, 2, '', '2017-12-14 19:38:55', NULL, NULL, 1),
(5, 2, 1, 2, '', '2017-12-14 19:39:09', NULL, NULL, 1),
(6, 2, 3, 2, '', '2017-12-14 19:39:09', NULL, NULL, 1),
(7, 2, 5, 2, '', '2017-12-14 19:39:09', NULL, NULL, 1),
(8, 2, 10, 2, '', '2017-12-14 19:39:09', NULL, NULL, 1),
(9, 3, 1, 2, '', '2017-12-14 21:40:44', NULL, NULL, 1),
(10, 3, 3, 2, '', '2017-12-14 21:40:44', NULL, NULL, 1),
(11, 3, 5, 2, '', '2017-12-14 21:40:44', NULL, NULL, 1),
(12, 3, 10, 2, '', '2017-12-14 21:40:44', NULL, NULL, 1),
(13, 4, 1, 2, '', '2017-12-16 21:12:06', NULL, NULL, 1),
(14, 4, 3, 2, '', '2017-12-16 21:12:06', NULL, NULL, 1),
(15, 4, 5, 2, '', '2017-12-16 21:12:06', NULL, NULL, 1),
(16, 4, 10, 2, '', '2017-12-16 21:12:06', NULL, NULL, 1),
(17, 4, 37, 2, '', '2017-12-16 21:12:06', NULL, NULL, 1),
(18, 4, 38, 2, '', '2017-12-16 21:12:06', NULL, NULL, 1),
(19, 5, 1, 2, '', '2017-12-19 22:54:06', NULL, NULL, 1),
(20, 5, 3, 2, '', '2017-12-19 22:54:06', NULL, NULL, 1),
(21, 5, 5, 2, '', '2017-12-19 22:54:06', NULL, NULL, 1),
(22, 5, 10, 2, '', '2017-12-19 22:54:06', NULL, NULL, 1),
(23, 5, 37, 2, '', '2017-12-19 22:54:06', NULL, NULL, 1),
(24, 5, 38, 2, '', '2017-12-19 22:54:06', NULL, NULL, 1),
(25, 6, 1, 2, '', '2017-12-19 22:54:15', NULL, NULL, 1),
(26, 6, 3, 2, '', '2017-12-19 22:54:15', NULL, NULL, 1),
(27, 6, 5, 2, '', '2017-12-19 22:54:15', NULL, NULL, 1),
(28, 6, 10, 2, '', '2017-12-19 22:54:15', NULL, NULL, 1),
(29, 6, 37, 2, '', '2017-12-19 22:54:15', NULL, NULL, 1),
(30, 6, 38, 2, '', '2017-12-19 22:54:15', NULL, NULL, 1),
(31, 7, 1, 2, '', '2017-12-21 10:26:28', NULL, NULL, 1),
(32, 7, 3, 2, '', '2017-12-21 10:26:28', NULL, NULL, 1),
(33, 7, 5, 2, '', '2017-12-21 10:26:28', NULL, NULL, 1),
(34, 7, 10, 2, '', '2017-12-21 10:26:28', NULL, NULL, 1),
(35, 7, 37, 2, '', '2017-12-21 10:26:28', NULL, NULL, 1),
(36, 7, 38, 2, '', '2017-12-21 10:26:28', NULL, NULL, 1),
(37, 8, 1, 2, '', '2017-12-21 22:27:27', NULL, NULL, 1),
(38, 8, 3, 2, '', '2017-12-21 22:27:27', NULL, NULL, 1),
(39, 8, 5, 2, '', '2017-12-21 22:27:27', NULL, NULL, 1),
(40, 8, 10, 2, '', '2017-12-21 22:27:27', NULL, NULL, 1),
(41, 8, 37, 2, '', '2017-12-21 22:27:27', NULL, NULL, 1),
(42, 8, 38, 2, '', '2017-12-21 22:27:27', NULL, NULL, 1),
(43, 9, 1, 2, '', '2017-12-25 15:01:30', NULL, NULL, 1),
(44, 9, 3, 2, '', '2017-12-25 15:01:30', NULL, NULL, 1),
(45, 9, 5, 2, '', '2017-12-25 15:01:30', NULL, NULL, 1),
(46, 9, 10, 2, '', '2017-12-25 15:01:30', NULL, NULL, 1),
(47, 9, 37, 2, '', '2017-12-25 15:01:30', NULL, NULL, 1),
(48, 9, 38, 2, '', '2017-12-25 15:01:30', NULL, NULL, 1),
(49, 10, 1, 2, '', '2017-12-26 08:25:13', NULL, NULL, 1),
(50, 10, 3, 2, '', '2017-12-26 08:25:13', NULL, NULL, 1),
(51, 10, 5, 2, '', '2017-12-26 08:25:13', NULL, NULL, 1),
(52, 10, 10, 2, '', '2017-12-26 08:25:13', NULL, NULL, 1),
(53, 10, 37, 2, '', '2017-12-26 08:25:13', NULL, NULL, 1),
(54, 10, 38, 2, '', '2017-12-26 08:25:13', NULL, NULL, 1),
(55, 11, 1, 2, '', '2017-12-26 23:04:50', NULL, NULL, 1),
(56, 11, 3, 2, '', '2017-12-26 23:04:50', NULL, NULL, 1),
(57, 11, 5, 2, '', '2017-12-26 23:04:50', NULL, NULL, 1),
(58, 11, 10, 2, '', '2017-12-26 23:04:50', NULL, NULL, 1),
(59, 11, 37, 2, '', '2017-12-26 23:04:50', NULL, NULL, 1),
(60, 11, 38, 2, '', '2017-12-26 23:04:50', NULL, NULL, 1),
(61, 12, 1, 2, '', '2017-12-26 23:47:40', NULL, NULL, 1),
(62, 12, 3, 2, '', '2017-12-26 23:47:40', NULL, NULL, 1),
(63, 12, 5, 2, '', '2017-12-26 23:47:40', NULL, NULL, 1),
(64, 12, 10, 2, '', '2017-12-26 23:47:40', NULL, NULL, 1),
(65, 12, 37, 2, '', '2017-12-26 23:47:40', NULL, NULL, 1),
(66, 12, 38, 2, '', '2017-12-26 23:47:40', NULL, NULL, 1),
(67, 13, 1, 2, '', '2017-12-27 08:54:48', NULL, NULL, 1),
(68, 13, 3, 2, '', '2017-12-27 08:54:48', NULL, NULL, 1),
(69, 13, 5, 2, '', '2017-12-27 08:54:48', NULL, NULL, 1),
(70, 13, 10, 2, '', '2017-12-27 08:54:48', NULL, NULL, 1),
(71, 13, 37, 2, '', '2017-12-27 08:54:48', NULL, NULL, 1),
(72, 13, 38, 2, '', '2017-12-27 08:54:48', NULL, NULL, 1);

-- --------------------------------------------------------

--
-- Table structure for table `tb_pagamento`
--

CREATE TABLE `tb_pagamento` (
  `co_seq_pagamento` int(11) NOT NULL,
  `co_acordo` int(11) NOT NULL,
  `co_forma_pagamento` int(11) DEFAULT NULL,
  `co_status_pagamento` int(11) NOT NULL,
  `nu_vezes` tinyint(4) DEFAULT NULL,
  `tx_id_pagseguro` text,
  `nm_inclusao` varchar(80) NOT NULL,
  `dt_inclusao` datetime NOT NULL,
  `nm_alteracao` varchar(80) DEFAULT NULL,
  `dt_alteracao` datetime DEFAULT NULL,
  `st_registro` tinyint(4) NOT NULL
) ENGINE=InnoDB DEFAULT CHARSET=utf8 COMMENT='Tabela dos pagamentos';

--
-- Dumping data for table `tb_pagamento`
--

INSERT INTO `tb_pagamento` (`co_seq_pagamento`, `co_acordo`, `co_forma_pagamento`, `co_status_pagamento`, `nu_vezes`, `tx_id_pagseguro`, `nm_inclusao`, `dt_inclusao`, `nm_alteracao`, `dt_alteracao`, `st_registro`) VALUES
(9, 9, 3, 3, NULL, 'AFE27CBC-BD97-4A76-AEC0-097612C70CAB', 'Ele mesmo', '2017-10-24 11:55:10', NULL, '2017-10-24 15:50:44', 1),
(10, 10, 3, 0, NULL, '35272C54-8BA8-41DA-B8F3-0F14ABDCD114', 'Ele mesmo', '2017-10-24 16:32:58', NULL, '2017-10-24 16:34:56', 1),
(11, 11, 1, 1, NULL, NULL, 'Ele mesmo', '2017-12-08 10:47:58', NULL, NULL, 1),
(12, 12, 3, 3, NULL, '04C10E3B-F463-4474-B839-5076CFCDCE10', 'Ele mesmo', '2017-12-13 18:38:11', NULL, '2017-12-13 18:51:42', 1),
(23, 23, 1, 3, NULL, NULL, 'Ele mesmo', '2017-12-14 18:32:32', NULL, NULL, 1),
(25, 25, 1, 3, NULL, NULL, 'Ele mesmo', '2017-12-15 11:52:22', NULL, NULL, 1),
(26, 26, 1, 3, NULL, NULL, 'Ele mesmo', '2017-12-18 08:45:39', NULL, '2017-12-27 18:05:55', 1),
(27, 27, 1, 3, NULL, NULL, 'Ele mesmo', '2017-12-26 11:19:39', NULL, '2017-12-26 11:26:24', 2),
(28, 28, 1, 3, NULL, NULL, 'Ele mesmo', '2017-12-26 11:32:12', NULL, '2017-12-27 07:43:16', 1),
(29, 29, 1, 1, NULL, NULL, 'Ele mesmo', '2017-12-26 11:57:02', NULL, NULL, 2),
(30, 30, 1, 1, NULL, NULL, 'Ele mesmo', '2017-12-26 11:57:48', NULL, NULL, 2),
(31, 31, 1, 1, NULL, NULL, 'Ele mesmo', '2017-12-26 13:02:12', NULL, NULL, 2),
(32, 32, 1, 1, NULL, NULL, 'Ele mesmo', '2017-12-26 13:05:54', NULL, NULL, 2),
(33, 33, 1, 1, NULL, NULL, 'Ele mesmo', '2017-12-26 13:17:09', NULL, NULL, 2),
(34, 34, 1, 1, NULL, NULL, 'Ele mesmo', '2017-12-26 13:19:37', NULL, NULL, 2),
(35, 35, 1, 1, NULL, NULL, 'Ele mesmo', '2017-12-26 13:21:08', NULL, NULL, 2),
(36, 36, 1, 1, NULL, NULL, 'Ele mesmo', '2017-12-26 13:22:17', NULL, NULL, 2),
(37, 37, 1, 1, NULL, NULL, 'Ele mesmo', '2017-12-26 13:31:17', NULL, NULL, 2),
(38, 38, 1, 1, NULL, NULL, 'Ele mesmo', '2017-12-26 13:31:44', NULL, NULL, 2),
(39, 39, 1, 1, NULL, NULL, 'Ele mesmo', '2017-12-26 13:33:50', NULL, NULL, 2),
(40, 40, 1, 1, NULL, NULL, 'Ele mesmo', '2017-12-26 13:42:45', NULL, NULL, 2),
(41, 41, 1, 3, NULL, NULL, 'Ele mesmo', '2017-12-26 14:27:56', NULL, '2017-12-26 14:31:18', 1),
(42, 42, 1, 3, NULL, NULL, 'Ele mesmo', '2017-12-27 15:33:55', NULL, NULL, 1),
(43, 43, 6, 3, NULL, NULL, 'Ele mesmo', '2017-12-28 09:18:48', NULL, '2017-12-28 09:46:21', 1),
(44, 44, 1, 1, NULL, NULL, 'Ele mesmo', '2017-12-28 10:17:25', NULL, NULL, 1),
(45, 45, 1, 1, NULL, NULL, 'Ele mesmo', '2017-12-28 10:17:38', NULL, NULL, 1);

-- --------------------------------------------------------

--
-- Table structure for table `tb_perguntas`
--

CREATE TABLE `tb_perguntas` (
  `co_seq_perguntas` int(11) NOT NULL,
  `co_usuario` int(11) NOT NULL,
  `tx_pergunta` text NOT NULL,
  `tx_resposta` text NOT NULL,
  `nm_inclusao` varchar(80) NOT NULL,
  `dt_inclusao` datetime NOT NULL,
  `nm_alteracao` varchar(80) DEFAULT NULL,
  `dt_alteracao` datetime DEFAULT NULL,
  `st_registro` tinyint(4) NOT NULL
) ENGINE=InnoDB DEFAULT CHARSET=utf8 COMMENT='Tabela de perguntas no site, Pergunta!';

--
-- Dumping data for table `tb_perguntas`
--

INSERT INTO `tb_perguntas` (`co_seq_perguntas`, `co_usuario`, `tx_pergunta`, `tx_resposta`, `nm_inclusao`, `dt_inclusao`, `nm_alteracao`, `dt_alteracao`, `st_registro`) VALUES
(1, 10, '<b>Como ser a renovao do contrato do meu Carto Q Sade vantagens?</b>', '<br>A renovao ser automtica.Aps a confirmao do pagamento da Taxa Administrativa Anual.<br><br>Caso no queira renovar seu carto, voc dever comunicar,expressamente, no prazo de at 30 dias antecedentes  finalizao do contrato.', 'Ele mesmo', '2017-11-01 14:40:49', NULL, '2017-11-23 10:43:32', 1),
(2, 10, '<b>Tenho que solicitar um novo Carto Q Sade Vantangens quando eu renovar o Contrato?</b>', '<br>No.<br><br>Aps a confirmao do pagamento da anuidade, seu cadastro ser atualizado, automaticamente, em nosso sistema. E voc poder utilizar o mesmo carto.', 'Ele mesmo', '2017-11-01 14:54:39', NULL, '2017-11-23 10:47:02', 1),
(3, 10, '<b>Posso colocar outro dependente no meu contrato,aps efetivado ?</b>', '<br>Caso 1:<br>Voc pode.Mas, s se no tiver ultrapassado o nmero de dependentes acordado em contrato. Observe qual contrato foi preenchido. <br>&nbsp;<br>Caso 2:\n<br>No voc no pode. Se voc j tiver includo os dependentes estipulado (s) por direito em contrato.', 'Ele mesmo', '2017-11-01 14:58:37', NULL, '2017-11-08 18:08:01', 1),
(4, 10, '<b>Posso trocar de titular ou dependente ao longo do meu contrato?</b>', '<br>No  possvel.<br> importante que, antes da efetivao do contrato, voc tenha certeza do nome do titular e ou seus dependente (s).', 'Ele mesmo', '2017-11-01 14:59:40', NULL, '2017-11-08 18:08:15', 1),
(5, 10, '<b>Posso cancelar meu Carto Q sade vantagens ?</b>', '<br>Sim.<br>Para o cancelamento,  necessrio comparecer a nossa Sede.\nNo Endereo: QS 03 LOTE 03, 05, 07 Sobreloja 113 - Edifcio Ptio Capital - guas Claras, Braslia - DF.\nPonto de referncia: Ao lado da FEIBOX e Taguatinga Shopping  Pisto Sul - Taguatinga - DF', 'Ele mesmo', '2017-11-01 15:05:08', NULL, '2017-11-08 18:08:31', 1),
(6, 10, '<b>Quantas vezes posso utilizar meu Carto Q Sade Vantagens ?</b>', '<br>Sempre, que for necessrio poder ser utilizado.', 'Ele mesmo', '2017-11-01 15:06:41', NULL, '2017-11-08 18:08:45', 1),
(7, 10, '<b>Posso utilizar meu Carto Q Sade Vantagens e</b><b>m qualquer lugar</b><b>?</b>', '<br>No. <br>A utilizao dever ser somente na rede Credenciada,voc poder obter a informao de quais locais no prprio Site.', 'Ele mesmo', '2017-11-01 15:11:28', NULL, '2017-11-09 11:43:28', 1),
(8, 10, '<b>Quando posso alterar o (s) nome (s) de um dependente no meu contrato?</b>', '<br>O (s) nome (s) s poder ser alterado, quando for feito a renovao do contrato. Aps 12 meses, voc poder solicitar  a devida alterao.<br>Isso dever ocorrer, sempre,30 dias antes do prazo da renovao findar.', 'Ele mesmo', '2017-11-01 16:37:17', NULL, '2017-11-23 10:42:14', 1),
(9, 10, '<b>Com o Carto Q Sade Vantagens terei direito de us-lo em consultas de emergncias ?</b>', 'No.&nbsp;<br>O atendimento  somente em clnicas cadastradas, e no ser atendimento de urgncia, apenas consultas e exames agendados, previamente, atravs de nossa Central Telefnica.', 'Ele mesmo', '2017-12-14 17:45:11', NULL, '2017-12-14 17:45:42', 1),
(10, 10, '<b>Poderei usar o meu&nbsp;&nbsp;Carto Q Sade + Vantagens, para internao hospitalar de qualquer espcie ?&nbsp;</b>', 'No.<br>Todo atendimento pelo Carto Q sade Vantagens se limita apenas s Consultas Ambulatoriais,Exames Diagnsticos e Laboratorias, todos previamente, agendados, em nossa Central Telefnica.<br>', 'Ele mesmo', '2017-12-14 17:50:52', NULL, NULL, 1);

-- --------------------------------------------------------

--
-- Table structure for table `tb_prestador`
--

CREATE TABLE `tb_prestador` (
  `co_seq_prestador` int(11) NOT NULL,
  `nm_prestador` varchar(80) NOT NULL,
  `nm_site` varchar(200) NOT NULL,
  `lk_prestador` varchar(200) NOT NULL,
  `tx_sobre` text NOT NULL,
  `nm_inclusao` varchar(80) NOT NULL,
  `dt_inclusao` datetime NOT NULL,
  `nm_alteracao` varchar(80) DEFAULT NULL,
  `dt_alteracao` datetime DEFAULT NULL,
  `st_registro` tinyint(4) NOT NULL
) ENGINE=InnoDB DEFAULT CHARSET=utf8 COMMENT='Tabela dos prestadores';

--
-- Dumping data for table `tb_prestador`
--

INSERT INTO `tb_prestador` (`co_seq_prestador`, `nm_prestador`, `nm_site`, `lk_prestador`, `tx_sobre`, `nm_inclusao`, `dt_inclusao`, `nm_alteracao`, `dt_alteracao`, `st_registro`) VALUES
(1, 'CLNICA ATLHETICA DE BRASLIA  ', 'www.marqsaude.com.br', 'athletica_p.jpg', 'Clnica Atlhetica de Braslia - Especializada em Consultas de Endocrinologia Esportiva ', 'Tony Anderson', '2017-08-24 00:00:00', NULL, '2017-11-06 16:58:34', 1),
(2, 'Clnica dos Olhos', 'www.marqsaude.com.br', 'clinica_olhos.png', 'Clnica dos olhos e etc...', 'Tony Anderson', '2017-08-24 00:00:00', NULL, '2017-10-17 12:25:38', 2),
(3, 'DENSIQUALITY - Clnica Mdica e Diagnstico  ', 'www.marqsaude.com.br ', 'densiquality.jpg', 'Atendimentos de Consultas e Exames Diagnsticos. ', 'Tony Anderson', '2017-08-24 00:00:00', NULL, '2017-11-06 17:18:39', 1),
(4, 'INEUROS - Instituto de Neurologia e Medicina do Sono', 'www.marqsaude.com.br', 'ineuros.jpg', 'Atendimentos de Consultas,Exames Diagnsticos e Medicina do Sono. ', 'Tony Anderson', '2017-08-24 00:00:00', NULL, '2017-11-06 17:20:34', 1),
(5, 'INSIDE - Instituto de Sade e Diagnstico de Braslia ', 'www.marqsaude.com,br ', 'inside.jpg', 'Atendimentos de Consultas e Exames Diagnsticos. ', 'Tony Anderson', '2017-08-24 00:00:00', NULL, '2017-11-06 17:19:33', 1),
(6, 'INSONO - Instituto do Sono de Braslia ', 'www.institutoinsono.com.br/', 'insono.jpg', 'Atendimentos de Consultas,Exames Diagnsticos e Medicina do Sono. ', 'Tony Anderson', '2017-08-24 00:00:00', NULL, '2017-11-06 17:22:58', 1),
(7, 'MasterClin', 'www.marqsaude.com.br', 'masterclin.jpg', 'Colocado s para preenchimento.', 'Tony Anderson', '2017-08-24 00:00:00', NULL, '2017-10-17 12:41:51', 2),
(8, 'Olhos Anchieta', 'www.marqsaude.com.br', 'olhos_anchieta.jpg', 'Clnica de estudo dos olhos.', 'Tony Anderson', '2017-08-24 00:00:00', NULL, '2017-10-17 12:41:54', 2),
(9, 'PTIO SADE - Clnica em guas Claras - DF', 'www.marqsaude.com.br', 'patio.jpg', 'Atendimentos de Consultas e Exames Diagnsticos. ', 'Tony Anderson', '2017-08-24 00:00:00', NULL, '2017-11-06 17:22:45', 1),
(10, 'sfds', 'www.teste.com.br', '', 'agdfhgdfyhfgyfgufjghfud', 'Ele mesmo', '2017-10-17 14:27:45', NULL, '2017-10-17 14:27:51', 2),
(11, 'LABORATRIO EXAME - Unidade da CNC 02 - Taguatinga Norte ', 'www.laboratorioexame.com.br', 'logotipo-exame-laboratorio-e-imagem.png', 'Laboratrio EXAME - Unidade da CNC 02 lote 14 loja 01 - Ao lado do Hospital Anchieta \n\nExames\nAnatomia patolgica\nAnlises clnicas (+ de 3.000 itens) \nBipsia\nCitologia\nCurva glicmica\nCurvas\nTeste do pezinho', 'Ele mesmo', '2017-10-17 14:39:20', NULL, '2017-10-17 15:25:02', 2),
(12, 'LABORATRIO EXAME- Unidade do Edifcio Ptio Capital - guas Claras ', 'www.laboratorioexame.com.br', 'logotipo-exame-laboratorio-e-imagem.png', ' Laboratrio Exame - Unidade do Edifcio Ptio Capital - QS 03 lotes 05 a 09 sobreloja 110 a 112 - guas Claras \nPonto de Referncia: Ao lado da Feibox e Taguatinga shopping - Pisto sul\n\nExames\nAnatomia patolgica\nAnlises clnicas (+ de 3.000 itens) \nBipsia\nCitologia\nCurva glicmica', 'Ele mesmo', '2017-10-17 14:41:50', NULL, '2017-10-17 15:25:05', 2),
(13, 'LABORATRIO EXAME - Unidade da QNM 17 - Ceilndia Centro ', 'www.laboratorioexame.com.br', '', 'Laboratrio Exame - Unidade da QNM 17 Conjunto H Lote 30 Loja 01 Ceilndia Centro - DF\n\nPonto de Referncia: Em frente ao HRC - Hospital Regional de Ceilndia  HRC \n\nExames\nAnatomia patolgica\nAnlises clnicas (+ de 3.000 itens) \nBipsia\nCitologia\nCurva glicmica\nCurvas\nTeste do pezinho', 'Ele mesmo', '2017-10-17 14:57:00', NULL, '2017-10-17 15:25:06', 2),
(14, 'teste', 'testetete', 'athletica.jpg', 'dghgfhjhjhd', 'Ele mesmo', '2017-10-17 15:15:55', NULL, '2017-10-17 15:16:00', 2),
(15, 'LABORATRIO EXAME - Unidade da CNC 02 - Taguatinga Norte', 'www.laboratorioexame.com.br', 'logotipo-exame-laboratorio-e-imagem.png', 'Laboratrio EXAME - Unidade na CNC 02 lote 14 loja 01 - Ao lado do Hospital Anchieta \n\nExames\nAnatomia patolgica\nAnlises clnicas (+ de 3.000 itens) \nBipsia\nCitologia\nCurva glicmica\nCurvas\nTeste do pezinho', 'Ele mesmo', '2017-10-17 15:26:20', NULL, NULL, 1),
(16, 'LABORATRIO EXAME- Unidade do Edifcio Ptio Capital - guas Claras', 'www.laboratorioexame.com.br', 'logotipo-exame-laboratorio-e-imagem.png', 'Laboratrio Exame - Unidade no Edifcio Ptio Capital - QS 03 lotes 05 a 09 sobreloja 110 a 112 - guas Claras \nPonto de Referncia: Ao lado da Feibox e Taguatinga shopping - Pisto sul\n\nExames\nAnatomia patolgica\nAnlises clnicas (+ de 3.000 itens) \nBipsia\nCitologia\nCurva glicmica', 'Ele mesmo', '2017-10-17 15:27:06', NULL, NULL, 1),
(17, 'LABORATRIO EXAME - Unidade da QNM 17 - Ceilndia Centro', 'www.laboratorioexame.com.br', 'logotipo-exame-laboratorio-e-imagem.png', 'Laboratrio Exame - Unidade da QNM 17 Conjunto H Lote 30 Loja 01 Ceilndia Centro - DF\n\nPonto de Referncia: Em frente ao HRC - Hospital Regional de Ceilndia  HRC \n\nExames\nAnatomia patolgica\nAnlises clnicas (+ de 3.000 itens) \nBipsia\nCitologia\nCurva glicmica\nCurvas\nTeste do pezinho', 'Ele mesmo', '2017-10-17 15:27:47', NULL, NULL, 1),
(18, 'LABORATRIO EXAME - Unidade de Samambaia Sul ', 'http://www.laboratorioexame.com.br/', 'logotipo-exame-laboratorio-e-imagem.png', 'LABORATRIO EXAME - QN 314 conjunto 02 Lote 06 - Avenida 100/300 Samambaia Sul.\n\nPonto de Referncia: Quase em frente ao Antigo Hospital Renascer.', 'Ele mesmo', '2017-11-24 12:21:04', NULL, '2017-11-24 12:25:16', 1),
(19, ' INFINITA - Diagnstico por Imagem ', 'http://www.grupoinfinita.com.br', 'Infinita logo.png', 'Endereos: \n- QE 40 Rua 12 Lote 05  Plo de Modas  Guar II/DF\n\n- Quadra 8 Comrcio Local 15  Sobradinho/DF\nA Infinita S/A  uma holding na rea de sade que atua de forma inovadora e fortemente empreendedora em diversos estados brasileiros, notadamente no Norte e Centro-Oeste do pas.\n\nCom viso de futuro diferenciada, a Infinita foi pioneira na cidade de Braslia (DF) em laudos diagnsticos realizados por mdicos radiologistas especialistas em msculo esqueltico, medicina interna (trax e abdome) e neurorradiologia e se tornou a primeira empresa franqueadora na rea de diagnstico por imagem no pas. Em suas unidades so realizados exames de ressonncia magntica, tomografia computadorizada, mamografia, densitometria ssea, ultrassonografia e raio-X.', 'Ele mesmo', '2017-11-29 12:31:32', NULL, '2017-12-26 17:11:19', 1);

-- --------------------------------------------------------

--
-- Table structure for table `tb_procedimento`
--

CREATE TABLE `tb_procedimento` (
  `co_seq_procedimento` int(11) NOT NULL,
  `co_exame` int(11) DEFAULT NULL,
  `co_consulta` int(11) DEFAULT NULL,
  `co_laboratorio` int(11) DEFAULT NULL,
  `nu_valor` double DEFAULT NULL,
  `nu_valor_real` double NOT NULL,
  `nm_procedimento` varchar(80) NOT NULL,
  `nm_inclusao` varchar(80) NOT NULL,
  `dt_inclusao` datetime NOT NULL,
  `nm_alteracao` varchar(80) DEFAULT NULL,
  `dt_alteracao` datetime DEFAULT NULL,
  `st_registro` tinyint(4) NOT NULL
) ENGINE=InnoDB DEFAULT CHARSET=utf8 COMMENT='Tabela dos procedimentos';

--
-- Dumping data for table `tb_procedimento`
--

INSERT INTO `tb_procedimento` (`co_seq_procedimento`, `co_exame`, `co_consulta`, `co_laboratorio`, `nu_valor`, `nu_valor_real`, `nm_procedimento`, `nm_inclusao`, `dt_inclusao`, `nm_alteracao`, `dt_alteracao`, `st_registro`) VALUES
(1000, 1, NULL, NULL, 75, 100, 'Audiometria ', 'Tony Anderson', '2017-08-24 00:00:00', NULL, '2017-12-01 15:10:49', 1),
(1001, NULL, 1, NULL, 59.9, 0, 'Nutrio Clnica ', 'Tony Anderson', '2017-08-24 00:00:00', NULL, '2017-11-29 17:44:56', 1),
(1002, 2, NULL, NULL, 100, 200, 'BERA', 'Ele mesmo', '2017-11-01 17:38:33', NULL, '2017-12-01 15:09:16', 1),
(1003, 3, NULL, NULL, 120, 180, 'Densitometria  ssea', 'Ele mesmo', '2017-11-01 17:39:55', NULL, '2017-12-01 15:09:04', 1),
(1004, 4, NULL, NULL, 130, 460, 'Doppler de Cartidas e Vertebrais ', 'Ele mesmo', '2017-11-01 17:47:43', NULL, '2017-12-01 15:12:01', 1),
(1005, 5, NULL, NULL, 120, 380, 'Doppler Transcraniano ', 'Ele mesmo', '2017-11-01 17:48:19', NULL, '2017-12-01 15:12:25', 1),
(1006, 6, NULL, NULL, 350, 600, 'Doppler Venoso dos Membros Inferiores e Superiores ', 'Ele mesmo', '2017-11-01 17:48:44', NULL, '2017-12-01 15:13:17', 1),
(1007, 7, NULL, NULL, 120, 220, 'Ecocardiograma com Doppler ', 'Ele mesmo', '2017-11-01 17:49:15', NULL, '2017-12-01 15:13:40', 1),
(1008, 10, NULL, NULL, 70, 110, 'Ecografia da Tireoide ', 'Ele mesmo', '2017-11-01 17:49:40', NULL, '2017-12-01 15:14:57', 1),
(1009, 9, NULL, NULL, 90, 150, 'Ecografia do Abdmen Total ', 'Ele mesmo', '2017-11-01 17:50:03', NULL, '2017-12-01 15:15:23', 1),
(1010, 25, NULL, NULL, 70, 110, 'Ecografia Ginecolgica ', 'Ele mesmo', '2017-11-03 15:18:26', NULL, '2017-12-01 15:16:17', 1),
(1011, 11, NULL, NULL, 70, 110, 'Ecografia Mamria ', 'Ele mesmo', '2017-11-03 15:19:18', NULL, '2017-12-04 08:33:52', 1),
(1012, 12, NULL, NULL, 70, 110, 'Ecografia Transvaginal ', 'Ele mesmo', '2017-11-03 15:19:57', NULL, '2017-12-01 15:16:41', 1),
(1013, 13, NULL, NULL, 40, 80, 'Eletrocardiograma ', 'Ele mesmo', '2017-11-03 15:20:23', NULL, '2017-12-01 15:17:08', 1),
(1014, 14, NULL, NULL, 70, 160, 'Eletroencefalograma Prolongado', 'Ele mesmo', '2017-11-03 15:23:08', NULL, '2017-12-01 15:18:00', 1),
(1015, 16, NULL, NULL, 130, 240, 'Espirometria (Provas de Funo Pulmonar)', 'Ele mesmo', '2017-11-03 15:23:44', NULL, '2017-12-01 15:18:48', 1),
(1016, 17, NULL, NULL, 90, 150, 'HOLTER  ', 'Ele mesmo', '2017-11-03 15:25:01', NULL, '2017-12-01 15:20:34', 1),
(1017, 28, NULL, NULL, 90, 150, 'MAPA 24 hs ', 'Ele mesmo', '2017-11-03 15:26:02', NULL, '2017-12-01 15:20:46', 1),
(1018, 18, NULL, NULL, 130, 200, 'Mapeamento Cerebral', 'Ele mesmo', '2017-11-03 15:26:23', NULL, '2017-12-01 15:21:33', 1),
(1019, 26, NULL, NULL, 50, 70, 'Otoscopia Digital em Vdeo ', 'Ele mesmo', '2017-11-03 15:27:32', NULL, '2017-12-01 15:22:02', 1),
(1020, 19, NULL, NULL, 350, 500, 'Polissonografia Basal ', 'Ele mesmo', '2017-11-03 15:28:59', NULL, '2017-12-01 15:24:03', 1),
(1021, 20, NULL, NULL, 430, 550, 'Polissonografia com CPAP', 'Ele mesmo', '2017-11-03 15:29:19', NULL, '2017-12-01 15:24:16', 1),
(1022, 21, NULL, NULL, 130, 250, 'Potenciais Evocados - P300', 'Ele mesmo', '2017-11-03 15:29:49', NULL, '2017-12-01 15:24:51', 1),
(1023, 27, NULL, NULL, 50, 70, 'Remoo de Cerumen ', 'Ele mesmo', '2017-11-03 15:30:43', NULL, '2017-12-01 15:25:38', 1),
(1024, 23, NULL, NULL, 500, 800, 'Teste de Mltiplas Latncia do Sono', 'Ele mesmo', '2017-11-03 15:31:16', NULL, '2017-12-01 15:27:09', 1),
(1025, 24, NULL, NULL, 150, 200, 'Vectoeletronistagmografia - VENG', 'Ele mesmo', '2017-11-03 15:32:51', NULL, '2017-12-01 15:27:32', 1),
(1026, 38, NULL, NULL, 70, 120, 'Ecografia do Aparelho Urinrio ', 'Ele mesmo', '2017-11-03 15:34:46', NULL, '2017-12-01 15:15:45', 1),
(1027, NULL, 3, NULL, 70, 200, 'Clnica Mdica ', 'Ele mesmo', '2017-11-13 10:26:02', NULL, '2017-12-04 11:10:40', 1),
(1028, NULL, 14, NULL, 80, 250, 'Angiologia ', 'Ele mesmo', '2017-11-13 10:33:37', NULL, '2017-12-04 11:03:19', 1),
(1029, NULL, 18, NULL, 80, 250, 'Cardiologia ', 'Ele mesmo', '2017-11-13 10:33:52', NULL, '2017-12-04 11:09:25', 1),
(1030, NULL, 20, NULL, 59.9, 100, 'Avaliao Fonoaudiolgica ', 'Ele mesmo', '2017-11-13 10:34:12', NULL, '2017-12-04 11:04:09', 1),
(1031, NULL, 17, NULL, 80, 250, 'Dermatologia ', 'Ele mesmo', '2017-11-13 10:34:26', NULL, '2017-12-04 11:25:44', 1),
(1032, NULL, 7, NULL, 80, 250, 'Ginecologia ', 'Ele mesmo', '2017-11-13 10:34:40', NULL, '2017-12-04 11:30:47', 1),
(1033, NULL, 21, NULL, 80, 0, 'Medicina do Sono ', 'Ele mesmo', '2017-11-13 10:34:55', NULL, '2017-11-29 17:44:56', 1),
(1034, NULL, 10, NULL, 80, 0, 'Neurologia ', 'Ele mesmo', '2017-11-13 10:35:07', NULL, '2017-11-29 17:44:56', 1),
(1035, NULL, 13, NULL, 80, 0, 'Neuropediatria ', 'Ele mesmo', '2017-11-13 10:35:22', NULL, '2017-11-29 17:44:56', 1),
(1036, NULL, 15, NULL, 80, 0, 'Ortopedia', 'Ele mesmo', '2017-11-13 10:35:37', NULL, '2017-11-29 17:44:56', 1),
(1037, NULL, 12, NULL, 59.9, 0, 'Nutrio Esportiva ', 'Ele mesmo', '2017-11-13 10:35:59', NULL, '2017-11-29 17:44:56', 1),
(1038, NULL, 8, NULL, 90, 350, 'Endocrinologia Clnica ', 'Ele mesmo', '2017-11-13 10:36:15', NULL, '2017-12-04 11:27:27', 1),
(1039, NULL, 11, NULL, 90, 350, 'Endocrinologia Esportiva ', 'Ele mesmo', '2017-11-13 10:36:26', NULL, '2017-12-04 11:29:11', 1),
(1040, NULL, 9, NULL, 80, 0, 'Otorrinolaringologia ', 'Ele mesmo', '2017-11-13 10:36:49', NULL, '2017-11-29 17:44:56', 1),
(1041, NULL, 19, NULL, 80, 0, 'Pediatria ', 'Ele mesmo', '2017-11-13 10:37:01', NULL, '2017-11-29 17:44:56', 1),
(1042, NULL, 2, NULL, 80, 0, 'Pneumologia', 'Ele mesmo', '2017-11-13 10:37:11', NULL, '2017-11-29 17:44:56', 1),
(1043, NULL, 4, NULL, 90, 0, 'Psiquiatria ', 'Ele mesmo', '2017-11-13 10:37:34', NULL, '2017-11-29 17:44:56', 1),
(1044, NULL, 5, NULL, 59.9, 0, 'Psicologia', 'Ele mesmo', '2017-11-13 10:37:48', NULL, '2017-11-29 17:44:56', 1),
(1045, NULL, 6, NULL, 80, 0, 'Reumatologia ', 'Ele mesmo', '2017-11-13 10:40:00', NULL, '2017-11-29 17:44:56', 1),
(1046, NULL, 16, NULL, 80, 200, 'Urologia ', 'Ele mesmo', '2017-11-13 10:40:12', NULL, '2017-12-04 11:08:33', 1),
(1047, NULL, NULL, 3, 69.29, 0, 'Bipsia (a partir de) ', 'Ele mesmo', '2017-11-13 12:35:02', NULL, '2017-11-29 17:44:56', 1),
(1048, NULL, NULL, 7, 18, 0, 'Teste do Pezinho (a partir de) ', 'Ele mesmo', '2017-11-13 12:35:52', NULL, '2017-11-29 17:44:56', 1),
(1049, NULL, NULL, 5, 12.09, 0, 'Curvas (a partir de)', 'Ele mesmo', '2017-11-13 12:37:51', NULL, '2017-11-29 17:44:56', 1),
(1050, 37, NULL, NULL, 170, 200, 'Videonasolaringoscopia ', 'Ele mesmo', '2017-11-13 13:13:12', NULL, '2017-12-01 15:30:16', 1),
(1051, NULL, NULL, 10, 10.99, 0, 'Hemograma Completo ', 'Ele mesmo', '2017-11-13 13:19:03', NULL, '2017-11-29 17:44:56', 1),
(1052, NULL, NULL, 10, 10.99, 0, '', 'Ele mesmo', '2017-11-13 13:19:04', NULL, '2017-11-27 18:29:15', 2),
(1053, NULL, NULL, 8, 8.79, 0, '', 'Ele mesmo', '2017-11-13 13:19:18', NULL, NULL, 1),
(1054, NULL, NULL, 9, 8.79, 0, 'EPF Parasitolgico (Fezes) ', 'Ele mesmo', '2017-11-13 13:19:33', NULL, '2017-11-29 17:44:56', 1),
(1055, NULL, NULL, 11, 26.39, 0, 'Papanicolau - Citopatolgico Crvico - Vaginal ', 'Ele mesmo', '2017-11-13 14:18:12', NULL, '2017-11-29 17:44:56', 1),
(1056, NULL, NULL, 12, 6.59, 0, 'Colesterol', 'Ele mesmo', '2017-11-13 16:39:46', NULL, '2017-11-29 17:44:56', 1),
(1057, NULL, NULL, 13, 6.59, 0, 'Glicose ', 'Ele mesmo', '2017-11-13 16:43:27', NULL, '2017-11-29 17:44:56', 1),
(1058, 39, NULL, NULL, 70, 0, 'Avaliao Metablica - Densidade Muscular e de Gordura', 'Ele mesmo', '2017-11-23 17:14:54', NULL, '2017-11-30 10:42:29', 2),
(1059, 40, NULL, NULL, 430, 0, '', 'Ele mesmo', '2017-11-24 12:11:50', NULL, '2017-11-27 18:28:10', 2),
(1060, 41, NULL, NULL, 430, 550, 'Polissonografia Split Night', 'Ele mesmo', '2017-11-24 12:12:03', NULL, '2017-12-01 15:24:27', 1),
(1061, NULL, NULL, 14, 68.19, 0, '1,25 Dehidroxi Vitamina D', 'Ele mesmo', '2017-11-27 17:32:19', NULL, '2017-11-29 17:44:56', 1),
(1062, NULL, NULL, 15, 28.59, 0, '17 Beta Estradiol ', 'Ele mesmo', '2017-11-27 17:32:36', NULL, '2017-11-29 17:44:56', 1),
(1063, NULL, NULL, 16, 59.39, 0, '25 OH Vitamina D', 'Ele mesmo', '2017-11-27 17:33:08', NULL, '2017-11-29 17:44:56', 1),
(1064, NULL, NULL, 17, 14.29, 0, 'cido Flico ', 'Ele mesmo', '2017-11-27 17:33:24', NULL, '2017-11-29 17:44:56', 1),
(1065, NULL, NULL, 18, 6.59, 0, 'cido rico', 'Ele mesmo', '2017-11-27 17:33:38', NULL, '2017-11-29 17:44:56', 1),
(1066, NULL, NULL, 19, 25.29, 0, 'Anticorpos Anti E Da Hepatite B', 'Ele mesmo', '2017-11-27 17:34:20', NULL, '2017-11-29 17:44:56', 1),
(1067, NULL, NULL, 20, 125.39, 0, 'Anticorpos Anti Glumato Descarboxilase ', 'Ele mesmo', '2017-11-27 17:34:41', NULL, '2017-11-29 17:44:56', 1),
(1068, NULL, NULL, 21, 75.89, 0, 'Anticorpos Anti Hepatite C (HCV)', 'Ele mesmo', '2017-11-27 17:35:14', NULL, '2017-11-29 17:44:56', 1),
(1069, NULL, NULL, 22, 30.79, 0, 'Anticorpos Anti Ilhota ', 'Ele mesmo', '2017-11-27 17:35:42', NULL, '2017-11-29 17:44:56', 1),
(1070, NULL, NULL, 23, 18.69, 0, 'Anticorpos Anti Insulina ', 'Ele mesmo', '2017-11-27 17:35:53', NULL, '2017-11-29 17:44:56', 1),
(1071, NULL, NULL, 24, 35.19, 0, 'Anticorpos Anti Mitocondria ', 'Ele mesmo', '2017-11-27 17:36:08', NULL, '2017-11-29 17:44:56', 1),
(1072, NULL, NULL, 25, 13.19, 0, 'Anticorpos Anti Mucosa Gstrica ', 'Ele mesmo', '2017-11-27 17:36:45', NULL, '2017-11-29 17:44:56', 1),
(1073, NULL, NULL, 26, 29.69, 0, 'Anticorpos Anti Peroxidase Tireoidiana ', 'Ele mesmo', '2017-11-27 17:37:06', NULL, '2017-11-29 17:44:56', 1),
(1074, NULL, NULL, 27, 28.59, 0, 'Anticorpos Anti Tereoglobina ', 'Ele mesmo', '2017-11-27 17:37:19', NULL, '2017-11-29 17:44:56', 1),
(1075, NULL, NULL, 28, 30.79, 1, 'Anticorpos Core (IGM) ', 'Ele mesmo', '2017-11-27 17:37:31', NULL, '2017-12-08 17:00:38', 1),
(1076, NULL, NULL, 29, 27.49, 0, 'Anticorpos Core Total ( Anti HBC- IGG)', 'Ele mesmo', '2017-11-27 17:37:56', NULL, '2017-11-29 17:44:56', 1),
(1077, NULL, NULL, 31, 26.39, 0, 'Antgeno E da Hepatite B (HBEAG)', 'Ele mesmo', '2017-11-27 17:38:15', NULL, '2017-11-29 17:44:56', 1),
(1078, NULL, NULL, 30, 27.49, 0, 'Antgeno Austrlia (HBSAG)', 'Ele mesmo', '2017-11-27 17:39:51', NULL, '2017-12-08 16:59:20', 2),
(1079, NULL, NULL, 32, 6.59, 0, 'Bilirrubinas Totais e Fraes ', 'Ele mesmo', '2017-11-27 17:40:14', NULL, '2017-11-29 17:44:56', 1),
(1080, NULL, NULL, 77, 26.39, 0, 'Antgeno E da Hepatite B (HBEAG)', 'Ele mesmo', '2017-11-27 17:41:48', NULL, '2017-12-08 16:53:04', 2),
(1081, NULL, NULL, 33, 26.39, 0, 'Colpocitologia Onctica ', 'Ele mesmo', '2017-11-27 17:42:28', NULL, '2017-11-29 17:44:56', 1),
(1082, NULL, NULL, 78, 18.69, 0, 'Clcio Ionizado ', 'Ele mesmo', '2017-11-27 17:43:20', NULL, '2017-11-29 17:44:56', 1),
(1083, NULL, NULL, 34, 13.19, 0, 'Cortisol ', 'Ele mesmo', '2017-11-27 17:43:51', NULL, '2017-11-29 17:44:56', 1),
(1084, NULL, NULL, 35, 6.59, 0, 'Creatinina ', 'Ele mesmo', '2017-11-27 17:44:36', NULL, '2017-11-29 17:44:56', 1),
(1085, NULL, NULL, 36, 35.19, 0, 'Cultura de Urina Jato Mdio ', 'Ele mesmo', '2017-11-27 17:45:42', NULL, '2017-11-29 17:44:56', 1),
(1086, NULL, NULL, 37, 24.19, 0, 'Curva Glicmica 2 horas ', 'Ele mesmo', '2017-11-27 17:46:43', NULL, '2017-11-29 17:44:56', 1),
(1087, NULL, NULL, 38, 45.09, 0, 'Dehidroepiandrosterona ', 'Ele mesmo', '2017-11-27 18:02:58', NULL, '2017-11-29 17:44:56', 1),
(1088, NULL, NULL, 39, 21.99, 0, 'Dosagem de Beta HCG ', 'Ele mesmo', '2017-11-27 18:03:15', NULL, '2017-11-29 17:44:56', 1),
(1089, NULL, NULL, 40, 39.59, 0, 'Dosagem de Ferritina ', 'Ele mesmo', '2017-11-27 18:03:34', NULL, '2017-11-29 17:44:56', 1),
(1090, NULL, NULL, 41, 28.59, 0, 'Dosagem de Vitamina D', 'Ele mesmo', '2017-11-27 18:04:45', NULL, '2017-11-29 17:44:56', 1),
(1091, NULL, NULL, 42, 13.19, 0, 'Eletroforese de Hemoglobina ', 'Ele mesmo', '2017-11-27 18:06:07', NULL, '2017-11-29 17:44:56', 1),
(1092, NULL, NULL, 43, 7.69, 0, 'Ferro ', 'Ele mesmo', '2017-11-27 18:06:36', NULL, '2017-11-29 17:44:56', 1),
(1093, NULL, NULL, 44, 8.79, 0, 'Fibrinognio ', 'Ele mesmo', '2017-11-27 18:06:58', NULL, '2017-11-29 17:44:56', 1),
(1094, NULL, NULL, 45, 6.59, 0, 'Fosfatase Alcalina ', 'Ele mesmo', '2017-11-27 18:07:14', NULL, '2017-11-29 17:44:56', 1),
(1095, NULL, NULL, 46, 5.49, 0, 'Fsforo ', 'Ele mesmo', '2017-11-27 18:07:28', NULL, '2017-11-29 17:44:56', 1),
(1096, NULL, NULL, 47, 8.79, 0, 'Gama GT', 'Ele mesmo', '2017-11-27 18:07:39', NULL, '2017-11-29 17:44:56', 1),
(1097, NULL, NULL, 48, 18.69, 0, 'Hemoglobina Glicada ', 'Ele mesmo', '2017-11-27 18:07:57', NULL, '2017-11-29 17:44:56', 1),
(1098, NULL, NULL, 49, 10.99, 0, 'Hemograma ', 'Ele mesmo', '2017-11-27 18:08:15', NULL, '2017-11-29 17:44:56', 1),
(1099, NULL, NULL, 50, 26.39, 0, 'Hepatite B ', 'Ele mesmo', '2017-11-27 18:08:50', NULL, '2017-11-29 17:44:56', 1),
(1100, NULL, NULL, 51, 27.49, 0, 'Hormnio Folculo Estimulante (FSH)', 'Ele mesmo', '2017-11-27 18:09:05', NULL, '2017-11-29 17:44:56', 1),
(1101, NULL, NULL, 52, 28.59, 0, 'Hormnio Luteinizante (LH) ', 'Ele mesmo', '2017-11-27 18:09:24', NULL, '2017-11-29 17:44:56', 1),
(1102, NULL, NULL, 56, 84.69, 0, 'IGBP - 3', 'Ele mesmo', '2017-11-27 18:09:37', NULL, '2017-11-29 17:44:56', 1),
(1103, NULL, NULL, 54, 84.69, 0, 'IGF-1 (Somatomedina C)', 'Ele mesmo', '2017-11-27 18:09:51', NULL, '2017-11-29 17:44:56', 1),
(1104, NULL, NULL, 53, 84.69, 0, 'IGBP3', 'Ele mesmo', '2017-11-27 18:10:03', NULL, '2017-11-29 17:44:56', 1),
(1105, NULL, NULL, 55, 19.79, 0, 'Insulina ', 'Ele mesmo', '2017-11-27 18:10:22', NULL, '2017-11-29 17:44:56', 1),
(1106, NULL, NULL, 57, 102.29, 0, 'Macropolactina Pesquisa ', 'Ele mesmo', '2017-11-27 18:10:36', NULL, '2017-11-29 17:44:56', 1),
(1107, NULL, NULL, 58, 7.69, 0, 'Magnsio', 'Ele mesmo', '2017-11-27 18:10:50', NULL, '2017-11-29 17:44:56', 1),
(1108, NULL, NULL, 59, 23.09, 0, 'Microalbuminuria ', 'Ele mesmo', '2017-11-27 18:11:02', NULL, '2017-11-29 17:44:56', 1),
(1109, NULL, NULL, 60, 84.69, 0, 'Paratormnio ', 'Ele mesmo', '2017-11-27 18:11:23', NULL, '2017-11-29 17:44:56', 1),
(1110, NULL, NULL, 61, 29.69, 0, 'Perfil Lipdico ', 'Ele mesmo', '2017-11-27 18:11:45', NULL, '2017-11-29 17:44:56', 1),
(1111, NULL, NULL, 63, 6.59, 0, 'Potssio ', 'Ele mesmo', '2017-11-27 18:12:04', NULL, '2017-11-29 17:44:56', 1),
(1112, NULL, NULL, 62, 23.09, 0, 'Pesquisa de Sangue Oculto nas Fezes ', 'Ele mesmo', '2017-11-27 18:12:21', NULL, '2017-11-29 17:44:56', 1),
(1113, NULL, NULL, 64, 30.79, 0, 'Progesterona ', 'Ele mesmo', '2017-11-27 18:12:43', NULL, '2017-11-29 17:44:56', 1),
(1114, NULL, NULL, 65, 6.59, 0, 'Protenas Totais e Fraes ', 'Ele mesmo', '2017-11-27 18:12:59', NULL, '2017-11-29 17:44:56', 1),
(1115, NULL, NULL, 66, 6.59, 0, 'Sdio ', 'Ele mesmo', '2017-11-27 18:13:15', NULL, '2017-11-29 17:44:56', 1),
(1116, NULL, NULL, 67, 35.19, 0, 'Sulfato de Dehidroepiandrosterona ', 'Ele mesmo', '2017-11-27 18:13:27', NULL, '2017-11-29 17:44:56', 1),
(1117, NULL, NULL, 68, 34.09, 0, 'Teste de Intolerncia  Lactose ', 'Ele mesmo', '2017-11-27 18:13:40', NULL, '2017-11-29 17:44:56', 1),
(1118, NULL, NULL, 69, 74.49, 0, 'Testosterona Livre e Biodisponvel Calculadas ', 'Ele mesmo', '2017-11-27 18:13:53', NULL, '2017-11-29 17:44:56', 1),
(1119, NULL, NULL, 70, 6.59, 0, 'TGO', 'Ele mesmo', '2017-11-27 18:14:04', NULL, '2017-11-29 17:44:56', 1),
(1120, NULL, NULL, 71, 6.59, 0, 'TGP', 'Ele mesmo', '2017-11-27 18:14:15', NULL, '2017-11-29 17:44:56', 1),
(1121, NULL, NULL, 72, 25.29, 0, 'Tiroxina Livre ( T4 Livre)', 'Ele mesmo', '2017-11-27 18:14:29', NULL, '2017-11-29 17:44:56', 1),
(1122, NULL, NULL, 73, 36.29, 0, 'TSH Ultra Sensvel ', 'Ele mesmo', '2017-11-27 18:14:41', NULL, '2017-11-29 17:44:56', 1),
(1123, NULL, NULL, 74, 6.59, 0, 'Ureia ', 'Ele mesmo', '2017-11-27 18:14:52', NULL, '2017-11-29 17:44:56', 1),
(1124, NULL, NULL, 76, 8.79, 0, 'Urina Tipo 1', 'Ele mesmo', '2017-11-27 18:15:04', NULL, '2017-11-29 17:44:56', 1),
(1125, NULL, NULL, 75, 34.09, 0, 'Zinco (Soro)', 'Ele mesmo', '2017-11-27 18:15:16', NULL, '2017-11-29 17:44:56', 1),
(1126, 48, NULL, NULL, 30, 200, 'Teste Exame 2', 'Tony Anderson', '2017-12-01 10:05:22', NULL, '2017-12-01 10:18:37', 2),
(1127, 49, NULL, NULL, 30, 200, 'Teste Exme 2', 'Ele mesmo', '2017-12-01 10:18:01', NULL, '2017-12-01 10:18:40', 2),
(1128, 50, NULL, NULL, 60, 80, 'Avaliao da Massa Corprea ', 'Ele mesmo', '2017-12-01 15:31:17', NULL, NULL, 1),
(1129, 51, NULL, NULL, 170, 200, 'Videoendoscopia ', 'Ele mesmo', '2017-12-01 15:32:35', NULL, '2017-12-01 15:33:42', 1),
(1130, 52, NULL, NULL, 264, 300, 'TC de Crnio ou Sela Trcica ou rbitas ( Sem Contraste) ', 'Ele mesmo', '2017-12-01 15:39:01', NULL, '2017-12-27 11:08:56', 1),
(1131, 53, NULL, NULL, 414, 450, 'TC de Crnio ou Sela Trcica ou rbitas (Com Contraste)', 'Ele mesmo', '2017-12-01 15:40:16', NULL, '2017-12-27 11:09:25', 1),
(1132, 54, NULL, NULL, 264, 300, 'TC - Face ou Seios da Face ( sem contraste) ', 'Ele mesmo', '2017-12-04 15:05:16', NULL, '2017-12-04 15:36:31', 1),
(1133, 55, NULL, NULL, 414, 450, 'TC - Face ou Seios da Face ( Com contraste) ', 'Ele mesmo', '2017-12-04 15:08:35', NULL, '2017-12-04 15:36:20', 1),
(1134, 56, NULL, NULL, 352, 400, 'TC - Trax ', 'Ele mesmo', '2017-12-04 15:09:18', NULL, '2017-12-04 15:37:25', 1),
(1135, 57, NULL, NULL, 502, 550, 'TC - Trax ( Com Contraste) ', 'Ele mesmo', '2017-12-04 15:17:14', NULL, '2017-12-04 15:37:13', 1),
(1136, 58, NULL, NULL, 440, 500, 'TC - Abdmen Total / Abdmen Superior, Pelve e Retroperitneo (Sem Contraste) ', 'Ele mesmo', '2017-12-04 15:19:51', NULL, '2017-12-04 15:35:31', 1),
(1137, 59, NULL, NULL, 590, 650, 'TC - Abdmen Total / Abdmen Superior, Pelve e Retroperitneo (Com Contraste) ', 'Ele mesmo', '2017-12-04 15:20:57', NULL, '2017-12-04 15:35:19', 1),
(1138, 60, NULL, NULL, 352, 400, 'TC - Abdmen Superior (Sem Contraste) ', 'Ele mesmo', '2017-12-04 15:21:56', NULL, '2017-12-04 15:35:07', 1),
(1139, 61, NULL, NULL, 502, 550, 'TC - Abdmen Superior (Com Contraste) ', 'Ele mesmo', '2017-12-04 15:22:33', NULL, '2017-12-04 15:34:51', 1),
(1140, 62, NULL, NULL, 264, 300, 'TC - Coluna Cervical ou Dorsal ou Lombo Sacra at 03 segmentos (Sem Contraste) ', 'Ele mesmo', '2017-12-04 15:25:12', NULL, '2017-12-04 15:35:42', 1),
(1141, 63, NULL, NULL, 414, 450, 'TC - Coluna Cervical ou Dorsal ou Lombo Sacra at 03 segmentos (Com Contraste) ', 'Ele mesmo', '2017-12-04 15:25:38', NULL, NULL, 1),
(1142, 64, NULL, NULL, 264, 300, 'TC - Coluna Segmento Adicional ', 'Ele mesmo', '2017-12-04 15:29:22', NULL, '2017-12-04 15:36:05', 1),
(1143, 65, NULL, NULL, 264, 300, 'TC - Pelve ou Bacia ( Sem Contraste)', 'Ele mesmo', '2017-12-04 15:30:21', NULL, '2017-12-04 15:37:02', 1),
(1144, 66, NULL, NULL, 414, 450, 'TC - Pelve ou Bacia ( Com Contraste)', 'Ele mesmo', '2017-12-04 15:31:18', NULL, '2017-12-04 15:36:45', 1),
(1145, 67, NULL, NULL, 880, 1000, 'Angiotomografia de Aorta Torcica ', 'Ele mesmo', '2017-12-04 15:32:39', NULL, '2017-12-27 10:53:05', 1),
(1146, 68, NULL, NULL, 880, 1000, 'Angiotomografia de Aorta Abdominal ', 'Ele mesmo', '2017-12-04 15:33:24', NULL, '2017-12-20 16:44:49', 1),
(1147, 69, NULL, NULL, 880, 1000, 'Angiotomografias ', 'Ele mesmo', '2017-12-04 15:38:35', NULL, '2017-12-27 10:53:20', 1),
(1148, 70, NULL, NULL, 528, 600, 'RM de Crnio - Encfalo (Sem Contraste) ', 'Ele mesmo', '2017-12-04 15:40:42', NULL, '2017-12-04 15:44:09', 1),
(1149, 71, NULL, NULL, 678, 750, 'RM de Crnio - Encfalo (Com Contraste) ', 'Ele mesmo', '2017-12-04 15:41:08', NULL, '2017-12-04 15:43:59', 1),
(1150, 72, NULL, NULL, 528, 600, 'RM - rbita Bilateral (Sem Contraste) ', 'Ele mesmo', '2017-12-04 15:42:31', NULL, '2017-12-04 15:43:45', 1),
(1151, 73, NULL, NULL, 678, 750, 'RM - rbita Bilateral (Com Contraste) ', 'Ele mesmo', '2017-12-04 15:43:06', NULL, '2017-12-04 15:43:31', 1),
(1152, 74, NULL, NULL, 264, 300, 'TC Maxilar (Sem Contraste) ', 'Ele mesmo', '2017-12-05 18:39:59', NULL, '2017-12-05 18:51:25', 1),
(1153, 75, NULL, NULL, 414, 450, 'TC Maxilar (Com Contraste) ', 'Ele mesmo', '2017-12-05 18:41:40', NULL, '2017-12-05 18:51:13', 1),
(1154, 76, NULL, NULL, 528, 600, 'RM do Trax - Mediastino, pulmo, Parede Torcica ( Sem Contraste) ', 'Ele mesmo', '2017-12-05 18:43:27', NULL, '2017-12-05 18:48:24', 1),
(1155, 77, NULL, NULL, 678, 750, 'RM do Trax - Mediastino, pulmo, Parede Torcica ( Com Contraste) ', 'Ele mesmo', '2017-12-05 18:43:56', NULL, '2017-12-05 18:48:11', 1),
(1156, 78, NULL, NULL, 528, 600, 'RM da Mo - No Inclui Punho - ( Sem Contraste) ', 'Ele mesmo', '2017-12-05 18:45:41', NULL, '2017-12-05 18:47:47', 1),
(1157, 79, NULL, NULL, 678, 750, 'RM da Mo - No inclui Punho ( Com Contraste) ', 'Ele mesmo', '2017-12-05 18:46:29', NULL, '2017-12-05 18:47:34', 1),
(1158, NULL, NULL, 89, 27.49, 1, 'Antigeno Australia (HBSAG)', 'Ele mesmo', '2017-12-08 15:32:08', NULL, '2017-12-08 16:59:40', 1),
(1159, NULL, NULL, 90, 26, 1, 'Hepatite B - Anticorpos Anti-HBsAG', 'Ele mesmo', '2017-12-08 15:39:09', NULL, NULL, 1),
(1160, NULL, NULL, 91, 42, 1, 'ANTICORPOS TOTAIS PARA HEPATITE A', 'Ele mesmo', '2017-12-08 16:58:37', NULL, NULL, 1),
(1161, NULL, NULL, 92, 27, 1, 'ANTICORPO IGM HEPATITE A (ANTI-HAV IGM)', 'Ele mesmo', '2017-12-08 17:03:39', NULL, NULL, 1),
(1162, NULL, NULL, 93, 26, 1, 'HEPATITE B - ANTICORPOS ANTI-HBSAG', 'Ele mesmo', '2017-12-08 17:07:03', NULL, NULL, 1),
(1163, NULL, NULL, 94, 30, 1, 'Anticorpos Core - IGM', 'Ele mesmo', '2017-12-08 17:08:29', NULL, NULL, 1),
(1164, NULL, NULL, 95, 27, 1, 'Anticorpos Core Total (Anti HBC IGG)', 'Ele mesmo', '2017-12-08 17:09:14', NULL, NULL, 1),
(1165, NULL, NULL, 96, 25, 1, 'Anticorpos Anti E da Hepatite B', 'Ele mesmo', '2017-12-08 17:10:55', NULL, NULL, 1),
(1166, NULL, NULL, 97, 26, 1, 'Antigeno E da Hepatite B (HBEAG)', 'Ele mesmo', '2017-12-08 17:11:42', NULL, NULL, 1),
(1167, NULL, NULL, 98, 30, 1, 'Progesterona', 'Ele mesmo', '2017-12-08 17:12:16', NULL, NULL, 1),
(1168, NULL, NULL, 99, 57, 1, 'Chlamydia Trachomatis - PCR', 'Ele mesmo', '2017-12-08 17:14:20', NULL, NULL, 1),
(1169, NULL, NULL, 100, 84, 1, 'Determinacao da Proteina C, Plasma', 'Ele mesmo', '2017-12-08 17:15:15', NULL, NULL, 1),
(1170, NULL, NULL, 101, 28, 1, 'Fenobarbital', 'Ele mesmo', '2017-12-08 17:15:49', NULL, NULL, 1),
(1171, NULL, NULL, 102, 16, 1, 'Estrona', 'Ele mesmo', '2017-12-08 17:16:23', NULL, NULL, 1),
(1172, NULL, NULL, 103, 28, 1, 'Estriol Livre', 'Ele mesmo', '2017-12-08 17:16:51', NULL, NULL, 1),
(1173, NULL, NULL, 104, 28, 1, '17 Beta Estradiol', 'Ele mesmo', '2017-12-08 17:17:29', NULL, NULL, 1),
(1174, NULL, NULL, 105, 13, 1, 'Eletroforese de Hemoglobina', 'Ele mesmo', '2017-12-08 17:18:10', NULL, NULL, 1),
(1175, NULL, NULL, 106, 35, 1, 'Pesquisa de Anticoagulante Lupico', 'Ele mesmo', '2017-12-08 17:18:47', NULL, NULL, 1),
(1176, NULL, NULL, 107, 14, 1, 'Clearance de Creatinina (Urina 24hs)', 'Ele mesmo', '2017-12-08 17:19:27', NULL, NULL, 1),
(1177, NULL, NULL, 108, 35, 1, 'Acido Valproico', 'Ele mesmo', '2017-12-08 17:25:32', NULL, NULL, 1),
(1178, NULL, NULL, 109, 268, 1, 'Neisseria Gonorrhoeae - PCR', 'Ele mesmo', '2017-12-08 17:27:16', NULL, NULL, 1),
(1179, NULL, NULL, 110, 188, 1, 'Cromatografia D Aminoacidos no Sangue - Quantitativa', 'Ele mesmo', '2017-12-08 17:27:53', NULL, NULL, 1),
(1180, NULL, NULL, 111, 26, 1, 'Colpocitologia Oncotiva', 'Ele mesmo', '2017-12-08 17:28:38', NULL, NULL, 1),
(1181, NULL, NULL, 112, 27, 1, 'Cultura de Secrecao', 'Ele mesmo', '2017-12-08 17:29:10', NULL, NULL, 1),
(1182, NULL, NULL, 113, 30, 1, 'Citologico', 'Ele mesmo', '2017-12-08 17:29:38', NULL, NULL, 1),
(1183, NULL, NULL, 114, 69, 1, 'Anatomo Patologico (Fragmento)', 'Ele mesmo', '2017-12-08 17:30:15', NULL, NULL, 1),
(1184, NULL, NULL, 115, 18, 1, 'Apolipoproteina A', 'Ele mesmo', '2017-12-08 17:30:41', NULL, NULL, 1),
(1185, NULL, NULL, 116, 18, 1, 'Apolipoproteina B', 'Ele mesmo', '2017-12-08 17:31:10', NULL, NULL, 1),
(1186, NULL, NULL, 117, 42, 1, 'Rubeola (IGG)', 'Ele mesmo', '2017-12-08 17:33:22', NULL, NULL, 1),
(1187, NULL, NULL, 118, 39, 1, 'Rubeola (IGM)', 'Ele mesmo', '2017-12-08 17:34:25', NULL, NULL, 1),
(1188, NULL, NULL, 119, 27, 1, 'Toxoplasmose (IGG)', 'Ele mesmo', '2017-12-08 17:34:59', NULL, NULL, 1),
(1189, NULL, NULL, 120, 27, 1, 'Toxoplasmose (IGM)', 'Ele mesmo', '2017-12-08 17:36:01', NULL, NULL, 1),
(1190, NULL, NULL, 121, 39, 1, 'Citomegalovirus (IGM) - Soro', 'Ele mesmo', '2017-12-08 17:36:40', NULL, NULL, 1),
(1191, NULL, NULL, 122, 39, 1, 'Citomegalovirus (IGG) Enzimoimunoensaio', 'Ele mesmo', '2017-12-08 17:37:26', NULL, NULL, 1),
(1192, NULL, NULL, 123, 10, 1, 'Sifilis - FTA ABS (IGG)', 'Ele mesmo', '2017-12-08 17:38:00', NULL, NULL, 1),
(1193, NULL, NULL, 124, 14, 1, 'Sifilis, FTA-ABS-IgM', 'Ele mesmo', '2017-12-08 17:38:35', NULL, NULL, 1),
(1194, NULL, NULL, 125, 15, 1, 'Chagas-IFI (IgM)', 'Ele mesmo', '2017-12-08 17:39:10', NULL, NULL, 1),
(1195, NULL, NULL, 126, 39, 1, 'Chagas IGG - Imunofluorescencia', 'Ele mesmo', '2017-12-08 17:39:43', NULL, NULL, 1),
(1196, NULL, NULL, 127, 68, 1, 'Sorologia para Chlamydia IGG e IGM', 'Ele mesmo', '2017-12-08 17:40:18', NULL, NULL, 1),
(1197, NULL, NULL, 128, 14, 1, 'Antiestreptolisina O (Aslo)', 'Ele mesmo', '2017-12-08 17:42:55', NULL, NULL, 1),
(1198, NULL, NULL, 129, 102, 1, 'Macroprolactina Pesquisa', 'Ele mesmo', '2017-12-08 17:43:27', NULL, NULL, 1),
(1199, NULL, NULL, 130, 30, 1, 'Anticorpo Anti-ilhota', 'Ele mesmo', '2017-12-08 17:43:56', NULL, NULL, 1),
(1200, NULL, NULL, 131, 125, 1, 'Anticorpos Anti Glutamato Descarboxilase', 'Ele mesmo', '2017-12-08 17:44:29', NULL, NULL, 1),
(1201, NULL, NULL, 132, 13, 1, 'Anticorpos Anti mucosa Gastrica', 'Ele mesmo', '2017-12-08 17:45:05', NULL, NULL, 1),
(1202, NULL, NULL, 133, 48, 1, 'Varicella Zoster IgG e IgM', 'Ele mesmo', '2017-12-08 17:45:58', NULL, NULL, 1),
(1203, NULL, NULL, 134, 31, 1, 'Provas de Funo Heptica', 'Ele mesmo', '2017-12-08 17:46:28', NULL, NULL, 1),
(1204, NULL, NULL, 135, 10, 1, 'Hemograma', 'Ele mesmo', '2017-12-08 17:46:53', NULL, NULL, 1),
(1205, NULL, NULL, 136, 111, 1, 'Helicobacter Pylori para Patologia', 'Ele mesmo', '2017-12-09 10:15:07', NULL, NULL, 1),
(1206, NULL, NULL, 137, 34, 1, 'Teste de tolerncia a Lactose', 'Ele mesmo', '2017-12-09 10:27:36', NULL, NULL, 1),
(1207, NULL, NULL, 138, 70, 1, 'Estrogenos totais e fraes', 'Ele mesmo', '2017-12-09 10:28:04', NULL, NULL, 1),
(1208, NULL, NULL, 139, 34, 1, 'Estudo do colesterol', 'Ele mesmo', '2017-12-09 10:28:57', NULL, NULL, 1),
(1209, NULL, NULL, 140, 29, 1, 'Perfil lipdico', 'Ele mesmo', '2017-12-09 10:29:17', NULL, NULL, 1),
(1210, NULL, NULL, 141, 7, 1, 'Triglicerides', 'Ele mesmo', '2017-12-09 10:29:35', NULL, NULL, 1),
(1211, NULL, NULL, 142, 28, 1, 'Estudo do colesterol', 'Ele mesmo', '2017-12-09 10:29:53', NULL, '2017-12-27 10:54:28', 2),
(1212, NULL, NULL, 143, 28, 1, 'Clculo do ndice Homa', 'Ele mesmo', '2017-12-09 10:30:29', NULL, NULL, 1),
(1213, NULL, NULL, 144, 6, 1, 'Glicose', 'Ele mesmo', '2017-12-09 10:30:44', NULL, NULL, 1),
(1214, NULL, NULL, 145, 19, 1, 'Insulina', 'Ele mesmo', '2017-12-09 10:31:03', NULL, NULL, 1),
(1215, NULL, NULL, 146, 155, 1, 'Dengue IGG e IGM-Teste rpido', 'Ele mesmo', '2017-12-09 10:31:27', NULL, NULL, 1),
(1216, NULL, NULL, 147, 27, 1, 'Curva glicemica gestante 2h 75g', 'Ele mesmo', '2017-12-09 10:31:50', NULL, NULL, 1),
(1217, NULL, NULL, 148, 12, 1, 'Curva Glicemica 2h (0,120) Pos', 'Ele mesmo', '2017-12-09 10:32:17', NULL, NULL, 1),
(1218, NULL, NULL, 149, 125, 1, 'Curva Glicemica Gestantes pos glicose', 'Ele mesmo', '2017-12-09 10:33:10', NULL, NULL, 1),
(1219, NULL, NULL, 150, 19, 1, 'Curva Glicemica de 3hs pos', 'Ele mesmo', '2017-12-09 10:33:40', NULL, NULL, 1),
(1220, NULL, NULL, 151, 23, 1, 'Coagulogram - P1', 'Ele mesmo', '2017-12-09 10:34:11', NULL, NULL, 1),
(1221, NULL, NULL, 152, 6, 1, 'Bilirrubinas total e fraes', 'Ele mesmo', '2017-12-09 10:34:35', NULL, NULL, 1),
(1222, NULL, NULL, 153, 100, 1, 'Beta 2 glicoproteina I, Autoanticorpos', 'Ele mesmo', '2017-12-09 10:35:02', NULL, NULL, 1),
(1223, NULL, NULL, 154, 6, 1, 'Serie Branca', 'Ele mesmo', '2017-12-09 10:35:20', NULL, NULL, 1),
(1224, NULL, NULL, 155, 71, 1, 'Selenio Serico', 'Ele mesmo', '2017-12-09 10:35:38', NULL, NULL, 1),
(1225, NULL, NULL, 156, 6, 1, 'Serie Branca', 'Ele mesmo', '2017-12-09 10:35:55', NULL, NULL, 1),
(1226, NULL, NULL, 157, 6, 1, 'Serie Vermelha', 'Ele mesmo', '2017-12-09 10:36:20', NULL, NULL, 1),
(1227, NULL, NULL, 158, 188, 1, 'Cromatografia D aminoacidos no Sangue-quantitativa', 'Ele mesmo', '2017-12-09 10:36:59', NULL, NULL, 1),
(1228, NULL, NULL, 159, 84, 1, 'Serotonina, metabolito na urina', 'Ele mesmo', '2017-12-09 10:37:32', NULL, NULL, 1),
(1229, NULL, NULL, 160, 117, 1, 'Anticorpos anti receptor TSH', 'Ele mesmo', '2017-12-09 10:37:51', NULL, NULL, 1),
(1230, NULL, NULL, 161, 18, 1, 'Transferrina', 'Ele mesmo', '2017-12-09 10:38:16', NULL, NULL, 1),
(1231, NULL, NULL, 162, 7, 1, 'Ureia serica (Pos dialise)', 'Ele mesmo', '2017-12-09 10:38:39', NULL, NULL, 1),
(1232, NULL, NULL, 163, 14, 1, 'Sifilis - VDRL', 'Ele mesmo', '2017-12-09 10:38:57', NULL, NULL, 1),
(1233, NULL, NULL, 164, 38, 1, 'Imunofixacao de proteinas sericas', 'Ele mesmo', '2017-12-09 10:39:33', NULL, NULL, 1),
(1234, NULL, NULL, 165, 268, 1, 'Neisseria Gonorrhoeae - PCR', 'Ele mesmo', '2017-12-09 10:40:09', NULL, NULL, 1),
(1235, NULL, NULL, 166, 6, 1, 'Parasitologico de fezes com conservante', 'Ele mesmo', '2017-12-09 10:40:50', NULL, NULL, 1),
(1236, NULL, NULL, 167, 6, 1, 'Bacterioscopico', 'Ele mesmo', '2017-12-09 11:02:51', NULL, NULL, 1),
(1237, NULL, NULL, 168, 18, 1, 'Pre Albumina Serica', 'Ele mesmo', '2017-12-09 11:03:13', NULL, NULL, 1),
(1238, NULL, NULL, 169, 8, 1, 'Proteinas Totais', 'Ele mesmo', '2017-12-09 11:03:40', NULL, NULL, 1),
(1239, NULL, NULL, 170, 45, 1, 'Aldosterona', 'Ele mesmo', '2017-12-09 11:04:00', NULL, NULL, 1),
(1240, NULL, NULL, 171, 8, 1, 'Gama GT - Gama Glutamil Transpeptidase', 'Ele mesmo', '2017-12-09 11:05:51', NULL, NULL, 1),
(1241, NULL, NULL, 172, 6, 1, 'Transaminase Glutamica Oxalacetica - TGO (AST)', 'Ele mesmo', '2017-12-09 11:07:11', NULL, NULL, 1),
(1242, NULL, NULL, 173, 6, 1, 'Transaminase Glutamica Piruvica - TGP (ALT)', 'Ele mesmo', '2017-12-09 11:07:49', NULL, NULL, 1),
(1243, NULL, NULL, 174, 6, 1, 'Fosfatase Alcalina', 'Ele mesmo', '2017-12-09 11:08:12', NULL, NULL, 1),
(1244, NULL, NULL, 175, 21, 1, 'Dosagem de Beta HCG', 'Ele mesmo', '2017-12-09 11:09:19', NULL, NULL, 1),
(1245, NULL, NULL, 176, 35, 1, 'Sulfato de Dehidroepiandrosterona', 'Ele mesmo', '2017-12-09 11:09:42', NULL, NULL, 1),
(1246, NULL, NULL, 177, 125, 1, 'Hormonio Adrenoccorticotrofico', 'Ele mesmo', '2017-12-09 11:10:05', NULL, NULL, 1),
(1247, NULL, NULL, 178, 6, 1, 'Creatinina', 'Ele mesmo', '2017-12-09 11:10:46', NULL, NULL, 1),
(1248, NULL, NULL, 179, 84, 1, 'IGF - 1 (Somatomedina C)', 'Ele mesmo', '2017-12-09 11:11:09', NULL, NULL, 1),
(1249, NULL, NULL, 180, 5, 1, 'Fosforo', 'Ele mesmo', '2017-12-09 11:11:28', NULL, NULL, 1),
(1250, NULL, NULL, 181, 42, 1, 'Renina', 'Ele mesmo', '2017-12-09 11:11:46', NULL, NULL, 1),
(1251, NULL, NULL, 182, 29, 1, 'Anticorpos Anti Peroxidase Tireoidiana', 'Ele mesmo', '2017-12-09 11:12:10', NULL, NULL, 1),
(1252, NULL, NULL, 183, 28, 1, 'Anticorpos Anti Tireoglobulina', 'Ele mesmo', '2017-12-09 11:12:34', NULL, NULL, 1),
(1253, NULL, NULL, 184, 6, 1, 'Ureia', 'Ele mesmo', '2017-12-09 11:12:48', NULL, NULL, 1),
(1254, NULL, NULL, 185, 6, 1, 'Sodio', 'Ele mesmo', '2017-12-09 11:13:14', NULL, NULL, 1),
(1255, NULL, NULL, 186, 347, 1, 'Fator V Leiden - Mutao R506Q', 'Ele mesmo', '2017-12-09 11:13:39', NULL, NULL, 1),
(1256, NULL, NULL, 187, 39, 1, 'Chumbo Sanguineo', 'Ele mesmo', '2017-12-09 11:13:57', NULL, NULL, 1),
(1257, NULL, NULL, 188, 39, 1, 'Dosagem de Ferritina', 'Ele mesmo', '2017-12-09 11:14:16', NULL, NULL, 1),
(1258, NULL, NULL, 189, 7, 1, 'Ferro', 'Ele mesmo', '2017-12-09 11:14:33', NULL, NULL, 1),
(1259, NULL, NULL, 190, 20, 1, 'T3 Total', 'Ele mesmo', '2017-12-09 11:14:58', NULL, NULL, 1),
(1260, NULL, NULL, 191, 27, 1, 'T3 Livre', 'Ele mesmo', '2017-12-09 11:15:14', NULL, NULL, 1),
(1261, NULL, NULL, 192, 25, 1, 'Tiroxina Livre (T4 Livre)', 'Ele mesmo', '2017-12-09 11:16:11', NULL, NULL, 1),
(1262, NULL, NULL, 193, 26, 1, 'T4 Total', 'Ele mesmo', '2017-12-09 11:16:26', NULL, NULL, 1),
(1263, NULL, NULL, 194, 36, 1, 'TSH Ultra sensivel', 'Ele mesmo', '2017-12-09 11:16:44', NULL, NULL, 1),
(1264, NULL, NULL, 195, 53, 1, 'Globulina transportadora de hormonios sexuais', 'Ele mesmo', '2017-12-09 11:17:09', NULL, NULL, 1),
(1265, NULL, NULL, 196, 71, 1, 'Testosterona livre e biodisponivel calculadas', 'Ele mesmo', '2017-12-09 11:17:33', NULL, NULL, 1),
(1266, NULL, NULL, 197, 20, 1, 'Proteina C retativa (PCR)', 'Ele mesmo', '2017-12-09 11:17:57', NULL, NULL, 1),
(1267, NULL, NULL, 198, 6, 1, 'Proteinas totais e fracoes', 'Ele mesmo', '2017-12-09 11:18:24', NULL, NULL, 1),
(1268, NULL, NULL, 199, 7, 1, 'Magnesio', 'Ele mesmo', '2017-12-09 11:18:40', NULL, NULL, 1),
(1269, NULL, NULL, 200, 6, 1, 'Calcio', 'Ele mesmo', '2017-12-09 11:18:55', NULL, NULL, 1),
(1270, NULL, NULL, 201, 107, 1, 'Anticorpos Anti-HIV (1+2)', 'Ele mesmo', '2017-12-09 11:19:23', NULL, NULL, 1),
(1271, NULL, NULL, 202, 39, 1, 'Anti-HSV 1/2 (IGM)', 'Ele mesmo', '2017-12-09 11:19:48', NULL, NULL, 1),
(1272, NULL, NULL, 203, 51, 1, 'Herpes Simples Tipo I e II (Anticorpos IgG)', 'Ele mesmo', '2017-12-09 11:20:19', NULL, NULL, 1),
(1273, NULL, NULL, 204, 29, 1, 'Prolactina', 'Ele mesmo', '2017-12-09 11:20:37', NULL, NULL, 1),
(1274, NULL, NULL, 205, 34, 1, 'Zico (Soro)', 'Ele mesmo', '2017-12-09 11:20:55', NULL, NULL, 1),
(1275, NULL, NULL, 206, 30, 1, 'Progesterona', 'Ele mesmo', '2017-12-09 11:21:10', NULL, NULL, 1),
(1276, NULL, NULL, 207, 6, 1, 'Fosfatase Alcalina', 'Ele mesmo', '2017-12-09 11:21:29', NULL, NULL, 1),
(1277, NULL, NULL, 208, 75, 1, 'Anticorpos Anti Hepatite C (HCV)', 'Ele mesmo', '2017-12-09 11:21:53', NULL, NULL, 1),
(1278, NULL, NULL, 209, 42, 1, 'Anticorpos totais para Hepatite A', 'Ele mesmo', '2017-12-09 11:22:56', NULL, NULL, 1),
(1279, NULL, NULL, 210, 27, 1, 'Anticorpo IgM Hepatite A (Anti-HAV IgM)', 'Ele mesmo', '2017-12-09 11:23:27', NULL, NULL, 1),
(1280, NULL, NULL, 211, 27, 1, 'Antigeno Australia (HBSAG)', 'Ele mesmo', '2017-12-09 11:23:58', NULL, NULL, 1),
(1281, NULL, NULL, 212, 26, 1, 'Hepatite B - Anticorpos Anti-HBsAG', 'Ele mesmo', '2017-12-09 11:24:25', NULL, NULL, 1),
(1282, NULL, NULL, 213, 30, 1, 'Anticorpos Core - IGM', 'Ele mesmo', '2017-12-09 11:25:52', NULL, NULL, 1),
(1283, NULL, NULL, 214, 27, 1, 'Anticorpos Core Total (Anti HBC IGG)', 'Ele mesmo', '2017-12-09 11:26:27', NULL, NULL, 1),
(1284, NULL, NULL, 215, 25, 1, 'Anticorpos anti E da Hepatite B', 'Ele mesmo', '2017-12-09 11:26:53', NULL, NULL, 1),
(1285, NULL, NULL, 216, 26, 1, 'Antigeno E da Hepatite B (HBEAG)', 'Ele mesmo', '2017-12-09 11:27:20', NULL, NULL, 1),
(1286, NULL, NULL, 217, 30, 1, 'Progesterona', 'Ele mesmo', '2017-12-09 11:28:12', NULL, NULL, 1),
(1287, NULL, NULL, 218, 57, 1, 'Chlamydia Trachomatis - PCR', 'Ele mesmo', '2017-12-09 11:28:59', NULL, NULL, 1),
(1288, NULL, NULL, 219, 84, 1, 'Determinacao da Proteina C, Plasma', 'Ele mesmo', '2017-12-09 11:29:35', NULL, NULL, 1),
(1289, NULL, NULL, 220, 28, 1, 'Fenobarbital', 'Ele mesmo', '2017-12-09 11:29:53', NULL, NULL, 1),
(1290, NULL, NULL, 221, 16, 1, 'Estrona', 'Ele mesmo', '2017-12-09 11:30:09', NULL, NULL, 1),
(1291, NULL, NULL, 222, 28, 1, 'Estriol livre', 'Ele mesmo', '2017-12-09 11:30:26', NULL, NULL, 1),
(1292, NULL, NULL, 223, 28, 1, '17 Beta estradiol', 'Ele mesmo', '2017-12-09 11:30:45', NULL, NULL, 1),
(1293, NULL, NULL, 224, 13, 1, 'Eletroforese de hemoglobina', 'Ele mesmo', '2017-12-09 11:31:04', NULL, NULL, 1),
(1294, NULL, NULL, 225, 35, 1, 'Pesquisa de anticoagulante lupico', 'Ele mesmo', '2017-12-09 11:31:26', NULL, NULL, 1),
(1295, NULL, NULL, 226, 14, 1, 'Clearance de creatinina (Urina 24h)', 'Ele mesmo', '2017-12-09 11:31:51', NULL, NULL, 1),
(1296, NULL, NULL, 227, 35, 1, 'Acido Valproico', 'Ele mesmo', '2017-12-09 11:32:08', NULL, NULL, 1),
(1297, NULL, NULL, 228, 268, 1, 'Neisseria gonorrhoeae - PCR', 'Ele mesmo', '2017-12-09 11:32:30', NULL, NULL, 1),
(1298, NULL, NULL, 229, 188, 1, 'Cromatografia D aminoacidos no sangue-quantitativa', 'Ele mesmo', '2017-12-09 11:32:55', NULL, NULL, 1),
(1299, NULL, NULL, 230, 52, 1, 'Marcador tumoral CA-50', 'Ele mesmo', '2017-12-09 11:35:05', NULL, NULL, 1),
(1300, NULL, NULL, 231, 266, 1, 'Marcador tumoral CA 724', 'Ele mesmo', '2017-12-09 11:35:26', NULL, NULL, 1),
(1301, NULL, NULL, 232, 84, 1, 'Marcador tumoral CA 125', 'Ele mesmo', '2017-12-09 11:35:51', NULL, NULL, 1),
(1302, NULL, NULL, 233, 125, 1, 'Marcador tumoral CA 19-9', 'Ele mesmo', '2017-12-09 11:36:09', NULL, NULL, 1),
(1303, NULL, NULL, 234, 6, 1, 'Acido urico urinario', 'Ele mesmo', '2017-12-09 11:36:28', NULL, NULL, 1),
(1304, NULL, NULL, 235, 4, 1, 'Calcio urinario', 'Ele mesmo', '2017-12-09 11:36:47', NULL, NULL, 1),
(1305, NULL, NULL, 236, 14, 1, 'Cistina urina 24hs', 'Ele mesmo', '2017-12-09 11:37:04', NULL, NULL, 1),
(1306, NULL, NULL, 237, 5, 1, 'Cloro urinario', 'Ele mesmo', '2017-12-09 11:37:27', NULL, NULL, 1),
(1307, NULL, NULL, 238, 13, 1, 'Citrato urinario', 'Ele mesmo', '2017-12-09 11:38:06', NULL, NULL, 1),
(1308, NULL, NULL, 239, 8, 1, 'Creatinina urinaria', 'Ele mesmo', '2017-12-09 11:38:24', NULL, NULL, 1),
(1309, NULL, NULL, 240, 14, 1, 'Clearance de creatinina (urina 24hs)', 'Ele mesmo', '2017-12-09 11:38:52', NULL, NULL, 1),
(1310, NULL, NULL, 241, 41, 1, 'Ctecolaminas - urina 24hs', 'Ele mesmo', '2017-12-09 11:39:11', NULL, NULL, 1),
(1311, NULL, NULL, 242, 23, 1, 'Fosforo urinario', 'Ele mesmo', '2017-12-09 11:39:31', NULL, NULL, 1),
(1312, NULL, NULL, 243, 20, 1, 'Glicosuria 24 horas', 'Ele mesmo', '2017-12-09 11:39:49', NULL, NULL, 1),
(1313, NULL, NULL, 244, 7, 1, 'Magnesio', 'Ele mesmo', '2017-12-09 11:40:06', NULL, NULL, 1),
(1314, NULL, NULL, 245, 5, 1, 'Magnesio na urina de 24 horas', 'Ele mesmo', '2017-12-09 11:40:30', NULL, NULL, 1),
(1315, NULL, NULL, 246, 68, 1, 'Microalbuminuria 24 horas', 'Ele mesmo', '2017-12-09 11:40:51', NULL, NULL, 1),
(1316, NULL, NULL, 247, 8, 1, 'Oxalato urinario', 'Ele mesmo', '2017-12-09 11:41:07', NULL, NULL, 1),
(1317, NULL, NULL, 248, 23, 1, 'Potassio urinario', 'Ele mesmo', '2017-12-09 11:41:25', NULL, NULL, 1),
(1318, NULL, NULL, 249, 14, 1, 'Proteinuria (G/24hs)', 'Ele mesmo', '2017-12-09 11:41:48', NULL, NULL, 1),
(1319, NULL, NULL, 250, 23, 1, 'Sodio (urina 24 horas)', 'Ele mesmo', '2017-12-09 11:42:06', NULL, NULL, 1),
(1320, NULL, NULL, 251, 10, 1, 'Ureia urinaria', 'Ele mesmo', '2017-12-09 11:42:22', NULL, NULL, 1),
(1321, NULL, NULL, 252, 27, 1, 'Zinco urinario (urina de 24 horas)', 'Ele mesmo', '2017-12-09 11:42:42', NULL, NULL, 1),
(1322, NULL, NULL, 253, 35, 1, 'Cultura de urina-jato medio', 'Ele mesmo', '2017-12-09 11:43:08', NULL, NULL, 1),
(1323, NULL, NULL, 254, 8, 1, 'Urina tipo I', 'Ele mesmo', '2017-12-09 11:43:27', NULL, NULL, 1),
(1324, NULL, NULL, 255, 23, 1, 'Microalbuminuria - amostra isolada', 'Ele mesmo', '2017-12-09 11:43:47', NULL, NULL, 1),
(1325, NULL, NULL, 256, 8, 1, 'Parasitologico de fezes', 'Ele mesmo', '2017-12-09 11:44:13', NULL, NULL, 1),
(1326, NULL, NULL, 257, 23, 1, 'Pesquisa sangue oculto nas fezes', 'Ele mesmo', '2017-12-09 11:44:45', NULL, NULL, 1),
(1327, NULL, NULL, 258, 6, 1, 'Leucocitos nas fezes', 'Ele mesmo', '2017-12-09 11:45:06', NULL, NULL, 1),
(1328, NULL, NULL, 259, 18, 1, 'Coprologico funcional', 'Ele mesmo', '2017-12-09 11:45:24', NULL, NULL, 1),
(1329, NULL, NULL, 260, 27, 1, 'Cultura de fezes', 'Ele mesmo', '2017-12-09 11:45:41', NULL, NULL, 1),
(1330, NULL, NULL, 261, 23, 1, 'Pesquisa de gordura fecal', 'Ele mesmo', '2017-12-09 11:46:00', NULL, NULL, 1),
(1331, NULL, NULL, 262, 30, 1, 'Cortisol as 8 horas', 'Ele mesmo', '2017-12-09 11:46:21', NULL, NULL, 1),
(1332, NULL, NULL, 263, 13, 1, 'Cortisol', 'Ele mesmo', '2017-12-09 11:46:39', NULL, NULL, 1),
(1333, NULL, NULL, 264, 24, 1, 'Cortisol as 16 horas', 'Ele mesmo', '2017-12-09 11:46:56', NULL, NULL, 1),
(1334, NULL, NULL, 265, 27, 1, 'Coritsol salivar', 'Ele mesmo', '2017-12-09 11:47:14', NULL, NULL, 1),
(1335, NULL, NULL, 266, 18, 1, 'Hemoglobina glicosilada', 'Ele mesmo', '2017-12-09 11:47:36', NULL, NULL, 1),
(1336, NULL, NULL, 267, 68, 1, 'Dosagem de Androstenediona', 'Ele mesmo', '2017-12-09 11:48:00', NULL, NULL, 1),
(1337, 80, NULL, NULL, 264, 300, 'TC - Mastides ou orelhas Sem contraste', 'Ele mesmo', '2017-12-09 11:50:23', NULL, '2017-12-27 11:27:27', 1),
(1338, 81, NULL, NULL, 414, 450, 'TC - Mastides ou orelhas Com contrastes', 'Ele mesmo', '2017-12-09 11:50:50', NULL, NULL, 1),
(1339, 82, NULL, NULL, 264, 300, 'TC - Articulaes temporomandibulares Sem contraste', 'Ele mesmo', '2017-12-09 11:51:51', NULL, NULL, 1),
(1340, 83, NULL, NULL, 414, 450, 'TC - Articulaes temporomandibulares Com contraste', 'Ele mesmo', '2017-12-09 11:52:18', NULL, NULL, 1),
(1341, 84, NULL, NULL, 414, 450, 'TC - Pescoo (partes moles, laringe,tireoide,faringe e glndulas salivares)', 'Ele mesmo', '2017-12-27 12:15:55', NULL, '2017-12-27 14:17:47', 1),
(1342, 85, NULL, NULL, 0.99, 2, 'Teste', 'Ele mesmo', '2017-12-27 16:10:35', NULL, NULL, 1);

-- --------------------------------------------------------

--
-- Table structure for table `tb_recibo`
--

CREATE TABLE `tb_recibo` (
  `co_seq_recibo` int(11) NOT NULL,
  `co_pagamento` int(11) DEFAULT NULL,
  `lk_recibo` varchar(200) NOT NULL,
  `nm_inclusao` varchar(80) NOT NULL,
  `dt_inclusao` datetime NOT NULL,
  `nm_alteracao` varchar(80) DEFAULT NULL,
  `dt_alteracao` datetime DEFAULT NULL,
  `st_registro` tinyint(4) NOT NULL
) ENGINE=InnoDB DEFAULT CHARSET=utf8 COMMENT='Tabela de recibos do admin';

--
-- Dumping data for table `tb_recibo`
--

INSERT INTO `tb_recibo` (`co_seq_recibo`, `co_pagamento`, `lk_recibo`, `nm_inclusao`, `dt_inclusao`, `nm_alteracao`, `dt_alteracao`, `st_registro`) VALUES
(2, 9, 'test.pdf', 'Ele mesmo', '2017-11-28 20:27:28', NULL, NULL, 1),
(3, 12, 'test.pdf', 'Ele mesmo', '2017-12-14 12:29:57', NULL, NULL, 1),
(4, 26, 'test.pdf', 'Ele mesmo', '2017-12-19 15:05:49', NULL, NULL, 1),
(5, 41, 'test.pdf', 'Ele mesmo', '2017-12-26 14:31:26', NULL, NULL, 1);

-- --------------------------------------------------------

--
-- Table structure for table `tb_servicos`
--

CREATE TABLE `tb_servicos` (
  `co_seq_servicos` int(11) NOT NULL,
  `co_usuario` int(11) NOT NULL,
  `nm_servicos` varchar(80) DEFAULT NULL,
  `tx_servicos` text NOT NULL,
  `lk_servicos` varchar(80) DEFAULT NULL,
  `nm_inclusao` varchar(80) NOT NULL,
  `dt_inclusao` datetime NOT NULL,
  `nm_alteracao` varchar(80) DEFAULT NULL,
  `dt_alteracao` datetime DEFAULT NULL,
  `st_registro` tinyint(4) NOT NULL
) ENGINE=InnoDB DEFAULT CHARSET=utf8 COMMENT='Tabela da amostragem no site, Servios Prestados!';

--
-- Dumping data for table `tb_servicos`
--

INSERT INTO `tb_servicos` (`co_seq_servicos`, `co_usuario`, `nm_servicos`, `tx_servicos`, `lk_servicos`, `nm_inclusao`, `dt_inclusao`, `nm_alteracao`, `dt_alteracao`, `st_registro`) VALUES
(1, 1, 'Exames', 'Voc pode utilizar seu carto para fazer exames.', 'exames.png', 'Tony Anderson', '2017-08-24 00:00:00', NULL, '2017-10-17 10:56:06', 2),
(2, 1, 'Teste', 'Testeeeeeessss...', 'C:\\fakepath\\basic-red-heart.jpg', 'Ele mesmo', '2017-10-17 10:53:05', NULL, '2017-10-17 10:55:16', 2),
(3, 1, 'Teste 2', 'testetrgdf g f vf bf bdf df bfd bdf fbd bfd', 'C:\\fakepath\\basic-red-heart.jpg', 'Ele mesmo', '2017-10-17 10:54:19', NULL, '2017-10-17 10:55:14', 2),
(4, 1, 'Teste', 'Testetrgd hg gh fg g fg fg fgn gfn', 'C:\\fakepath\\basic-red-heart.jpg', 'Ele mesmo', '2017-10-17 10:55:50', NULL, '2017-10-17 11:03:07', 2),
(5, 1, 'Corao', 'Testeeeee teste testando...', 'basic-red-heart.jpg', 'Ele mesmo', '2017-10-17 11:04:08', NULL, '2017-10-17 15:04:14', 2);


-- --------------------------------------------------------

--
-- Table structure for table `tb_simulacao`
--

CREATE TABLE `tb_simulacao` (
  `co_seq_simulacao` int(11) NOT NULL,
  `co_contrato_gog` int(11) NOT NULL,
  `co_forma_pagamento` int(11) NOT NULL,
  `nm_cliente` varchar(80) NOT NULL,
  `nm_email` text NOT NULL,
  `nu_vezes` tinyint(4) NOT NULL,
  `nu_telefone` varchar(80) NOT NULL,
  `nm_inclusao` varchar(80) NOT NULL,
  `dt_inclusao` datetime NOT NULL,
  `nm_alteracao` varchar(80) DEFAULT NULL,
  `dt_alteracao` datetime DEFAULT NULL,
  `st_registro` tinyint(4) NOT NULL
) ENGINE=InnoDB DEFAULT CHARSET=utf8 COMMENT='Tabela de Simulao dos Planos!';


-- --------------------------------------------------------

--
-- Table structure for table `tb_sobre`
--

CREATE TABLE `tb_sobre` (
  `co_seq_sobre` int(11) NOT NULL,
  `co_usuario` int(11) NOT NULL,
  `tx_sobre` text NOT NULL,
  `nm_inclusao` varchar(80) NOT NULL,
  `dt_inclusao` datetime NOT NULL,
  `nm_alteracao` varchar(80) DEFAULT NULL,
  `dt_alteracao` datetime DEFAULT NULL,
  `st_registro` tinyint(4) NOT NULL
) ENGINE=InnoDB DEFAULT CHARSET=utf8 COMMENT='Tabela da amostragem no site, Sobre!';

--
-- Dumping data for table `tb_sobre`
--

INSERT INTO `tb_sobre` (`co_seq_sobre`, `co_usuario`, `tx_sobre`, `nm_inclusao`, `dt_inclusao`, `nm_alteracao`, `dt_alteracao`, `st_registro`) VALUES
(1, 1, '<b><img alt="" src="http://">O que  o CARTO Q SADE VANTAGENS?</b><br><br>\n            \n                <div>&nbsp; &nbsp; &nbsp; &nbsp; &nbsp; &nbsp; &nbsp;Carto criado para atender as necessidades de nossos clientes que perderam o Plano de Sade, aos que\n                    nunca tiveram e queles&nbsp;que querem reduzir suas despesas com gastos mdicos.<br>&nbsp; &nbsp; &nbsp; &nbsp; &nbsp; &nbsp; &nbsp; Nosso objetivo  gerar o&nbsp;acesso a servios de Sade Particular sem onerar a renda familiar.<br><b>&nbsp; &nbsp; &nbsp; &nbsp; &nbsp; &nbsp; &nbsp; NO  PLANO DE SADE.&nbsp;</b>Nossos usurios s pagam uma&nbsp;<b>Taxa nica Administrativa</b>&nbsp;que &nbsp;anual.&nbsp; &nbsp; &nbsp; &nbsp; &nbsp; &nbsp; &nbsp; &nbsp; &nbsp;&nbsp;<br>&nbsp; &nbsp; &nbsp; &nbsp; &nbsp; &nbsp; &nbsp; Cada beneficirio, de acordo com o contrato escolhido,ter direito a estender as vantagens de atendimentos de Consultas Mdicas Ambulatoriais, Exames Diagnsticos e Laboratoriais,previamente,agendados em Nossa Central Telefnica, para at 04 (quatro) pessoas (dependentes).<br>&nbsp; &nbsp; &nbsp; &nbsp; &nbsp; &nbsp; &nbsp; &nbsp;Os nossos prestadores/referenciados daro o melhor atendimento mdico e diagnstico, pois todos so profissionais capacitados e comprometidos com o bem estar de cada paciente. Uma rede selecionada, com todo zelo, para melhor atender aos nossos beneficirios e dependentes.<br>&nbsp; &nbsp; &nbsp; &nbsp; &nbsp; &nbsp; &nbsp; &nbsp;So Clnicas bem localizadas, de fcil acessibilidade, estacionamento para idosos e Portadores de Necessidades Especiais PNE. Com estruturas confortveis, aconchegantes e todos os equipamentos de ponta para um diagnstico rpido e preciso.<br>&nbsp; &nbsp; &nbsp; &nbsp; &nbsp; &nbsp; &nbsp; &nbsp;Os exames laboratoriais so realizados em algumas unidades do maior laboratrio do Brasil, para que assim, gere maior preciso e credibilidade aos resultados.<br>&nbsp; &nbsp; &nbsp; &nbsp; &nbsp; &nbsp; &nbsp; &nbsp;Tudo isso, para que os usurios do <b>Carto Q sade Vantagens</b> possam desfrutar do melhor atendimento mdico de Braslia.<br><br><br></div><div><br></div><u><b>\n            \n            </b></u><b>Quais so os benefcios do Carto Q Sade Vantagens?</b><u><b><br><br></b></u>\n            \n                <ul>\n                    <li>&nbsp;Consultas Ambulatoriais, Exames Diagnsticos e Laboratoriais a partir de R$ 59,90.</li><li>&nbsp;Anuidade que cabe no seu bolso.</li><li>&nbsp;No tem carncia.</li><li>&nbsp;Sem variao de preo por idade.</li><li>&nbsp;Sem limite de utilizao diria.</li><li>&nbsp;Agendamento rpido e dirio.</li><li>&nbsp;Independncia do atendimento mdico pblico.</li></ul><br><br><b>Como fao para adquirir meu Carto Q Sade Vantagens?</b><br><br>\n            \n                <div>&nbsp; &nbsp; &nbsp; &nbsp; &nbsp; &nbsp; &nbsp; Atravs do site,na primeira pgina&nbsp;na opo <b>SOLICITE SEU CARTO,CLIQUE AQUI.</b><br>&nbsp; &nbsp; &nbsp; &nbsp; &nbsp; &nbsp; &nbsp; Aps a confirmao do pagamento por meio do Carto de Crdito e ou Boleto Bancrio, seu acesso ser liberado e poder imprimir seu Carto Q Sade Vantagens, o qual deve ser plastificado para maior durabilidade.</div><div>&nbsp; &nbsp; &nbsp; &nbsp; &nbsp; &nbsp; &nbsp; Voc ter a opo de receber seu carto Q Sade Vantagens em formato DIGITAL, aps a confirmao do pagamento por meio do carto de crdito, basta informar o e-mail no qual deseja receb-lo.<br></div><div>&nbsp; &nbsp; &nbsp; &nbsp; &nbsp; &nbsp; &nbsp; Poder tambm receber, indo pessoalmente, na sede da Central de Atendimento ao Cliente.<br>&nbsp; &nbsp; &nbsp; &nbsp; &nbsp; &nbsp; &nbsp; Para maiores informaes (tabelas, procedimentos e rede credenciada), faa seu Login clicando na&nbsp;imagem no canto superior direito.&nbsp;<i></i>&nbsp;<br><br></div><div>Endereo: QS 03 LOTE 03, 05, 07 Sobreloja 113 - Edifcio Ptio Capital - Pisto Sul - Taguatinga - DF, CEP: 71953-000.</div><div>Ponto de referncia: Ao lado da FEIBOX e Taguatinga Shopping  Pisto Sul - Taguatinga - DF<br><br><br><br></div><u><b>\n            \n            \n                </b></u><div><b>Documentos Necessrios:</b><u><b><br><br></b></u></div>\n                <ul>\n                    <li>Titular: Cpia do RG, CPF e cpia do comprovante de endereo (Conta de gua, Luz, Telefone e ou fatura&nbsp;de cartes de crdito)</li>\n                    <li>Dependentes: Cpia do RG e CPF ou Certido de Nascimento</li></ul><br><b>Quanto custa ter o Carto Q Sade Vantagens?<br></b><br><div>&nbsp; &nbsp; &nbsp; &nbsp; &nbsp; &nbsp; &nbsp; Voc pagar somente a&nbsp;<b>Taxa nica&nbsp;Administrativa</b>&nbsp;que &nbsp;anual.<br><br></div><div>Temos 03 tipos de Contratos:<br><b><br>SINGLE </b>- valor de R$238,80; <br><b>PLUS </b>- valor de R$ 358,80;<br><b>MASTER</b> - valor de R$ 598,80.<br><br>&nbsp; &nbsp; &nbsp; &nbsp; &nbsp; &nbsp; &nbsp;O valor da&nbsp;<b>Taxa nica&nbsp;Administrativa,</b>de acordo com o contrato escolhido,<b>&nbsp;</b>pode ser&nbsp;dividido em at 06 vezes sem juros no <b>Boleto Bancrio</b> ou no <b>Carto de Crdito</b>.</div><div>&nbsp; &nbsp; &nbsp; &nbsp; &nbsp; &nbsp; &nbsp; A partir da quitao da primeira parcela, voc j poder utilizar todos os servios sem nenhuma carncia ou burocracia.<br><br>Para as Empresas com mais de 03 funcionrios,temos condies especiais.Consulte -nos e agende uma visita,para maiores informaes.<br></div><div><br><br><b>FORMAS DE PAGAMENTOS:<br><br></b>&nbsp; &nbsp; &nbsp; &nbsp; &nbsp; &nbsp; &nbsp;No boleto bancrio e no Carto de crdito em at 06 vezes sem juros. (* Por meio do PagSeguro)</div><div><br>&nbsp; &nbsp; &nbsp; &nbsp; &nbsp; &nbsp; &nbsp;O Carto Q sade vantagens<b> tem validade de&nbsp;12 meses</b>.&nbsp;A cada ano ser renovado,e cobrado o devido pagamento.<br><br><br><div><b>Como fao para ser atendido pelo Carto Q Sade&nbsp;Vantagens?</b></div><div><br>&nbsp; &nbsp; &nbsp; &nbsp; &nbsp; &nbsp; &nbsp; Aps adquirir o Carto Q Sade Vantagens,ligue em nossa Central telefnica, <b>informe o seu CPF</b>&nbsp;para que o (a) atendente faa o&nbsp;agendamento desejado.<br><br></div><div><b>&nbsp;Telefones: (61) 2026-1313 ou (61) 99670-1313 Whatsapp.<br><br></b></div><div>&nbsp; &nbsp; &nbsp; &nbsp; &nbsp; &nbsp; &nbsp; No dia agendado,o usurio <b>DEVE</b> comparecer ao local de atendimento no horrio informado pela Central Telefnica.</div><div>&nbsp;Dever se identificar na Recepo e pagar pelo servio adquirido, diretamente, ao prestador dos servios.&nbsp;</div><div><br><b>&nbsp; &nbsp; &nbsp; &nbsp; &nbsp; &nbsp; &nbsp; Para ser atendido em qualquer prestador cadastrado,  obrigatrio a apresentao do Carto Q Sade Vantagens e um Documento de Identificao com foto (Carteira de Identidade, de motorista e ou de trabalho).</b></div><div><br></div></div><br>', 'Tony', '2017-10-17 00:00:00', NULL, '2017-12-14 17:53:08', 1);


-- --------------------------------------------------------

--
-- Table structure for table `tb_ocorrencia`
--

CREATE TABLE `tb_ocorrencia` (
  `co_seq_ocorrencia` int(11) NOT NULL,
  `co_cliente` int(11) NOT NULL,
  `co_usuario` int(11) NOT NULL,
  `tx_ocorrencia` text NOT NULL,
  `nm_inclusao` varchar(80) NOT NULL,
  `dt_inclusao` datetime NOT NULL,
  `nm_alteracao` varchar(80) DEFAULT NULL,
  `dt_alteracao` datetime DEFAULT NULL,
  `st_registro` tinyint(4) NOT NULL
) ENGINE=InnoDB DEFAULT CHARSET=utf8 COMMENT='Tabela de ocorrencia dos clientes!';


-- --------------------------------------------------------

--
-- Table structure for table `tb_status_pagamento`
--

CREATE TABLE `tb_status_pagamento` (
  `co_seq_status_pagamento` int(11) NOT NULL,
  `nm_status_pagamento` varchar(80) NOT NULL,
  `nm_inclusao` varchar(80) NOT NULL,
  `dt_inclusao` datetime NOT NULL,
  `nm_alteracao` varchar(80) DEFAULT NULL,
  `dt_alteracao` datetime DEFAULT NULL,
  `st_registro` tinyint(4) NOT NULL
) ENGINE=InnoDB DEFAULT CHARSET=utf8 COMMENT='Tabela dos pagamentos';

--
-- Dumping data for table `tb_status_pagamento`
--

INSERT INTO `tb_status_pagamento` (`co_seq_status_pagamento`, `nm_status_pagamento`, `nm_inclusao`, `dt_inclusao`, `nm_alteracao`, `dt_alteracao`, `st_registro`) VALUES
(0, 'Pendente', 'Tony Anderson', '2017-08-24 00:00:00', NULL, NULL, 1),
(1, 'Aguardando pagamento', 'Tony Anderson', '2017-08-24 00:00:00', NULL, NULL, 1),
(2, 'Em anlise', 'Tony Anderson', '2017-08-24 00:00:00', NULL, NULL, 1),
(3, 'Pago', 'Tony Anderson', '2017-08-24 00:00:00', NULL, NULL, 1),
(4, 'Disponvel', 'Tony Anderson', '2017-08-24 00:00:00', NULL, NULL, 1),
(5, 'Em disputa', 'Tony Anderson', '2017-08-24 00:00:00', NULL, NULL, 1),
(6, 'Devolvida', 'Tony Anderson', '2017-08-24 00:00:00', NULL, NULL, 1),
(7, 'Cancelada', 'Tony Anderson', '2017-08-24 00:00:00', NULL, NULL, 1);

-- --------------------------------------------------------

--
-- Table structure for table `tb_telefone`
--

CREATE TABLE `tb_telefone` (
  `co_seq_telefone` int(11) NOT NULL,
  `co_ddd` int(11) DEFAULT NULL,
  `nu_telefone` varchar(80) NOT NULL,
  `nu_ddd` tinyint(4) NOT NULL,
  `tp_telefone` varchar(8) NOT NULL COMMENT 'T-Telefone | C-Celular | W-Wathsapp',
  `nm_inclusao` varchar(80) NOT NULL,
  `dt_inclusao` datetime NOT NULL,
  `nm_alteracao` varchar(80) DEFAULT NULL,
  `dt_alteracao` datetime DEFAULT NULL,
  `st_registro` tinyint(4) NOT NULL
) ENGINE=InnoDB DEFAULT CHARSET=utf8 COMMENT='Tabela das formas de pagamentos';

--
-- Dumping data for table `tb_telefone`
--

INSERT INTO `tb_telefone` (`co_seq_telefone`, `co_ddd`, `nu_telefone`, `nu_ddd`, `tp_telefone`, `nm_inclusao`, `dt_inclusao`, `nm_alteracao`, `dt_alteracao`, `st_registro`) VALUES
(1, 1, '98764642', 68, 'C', 'Tony Anderson', '2017-08-24 00:00:00', NULL, NULL, 1),
(2, 1, '35656776', 68, 'T', 'Tony Anderson', '2017-08-24 00:00:00', NULL, NULL, 1),
(3, 1, '99908877', 68, 'W', 'Tony Anderson', '2017-08-24 00:00:00', NULL, NULL, 1),
(4, 13, '992806790', 61, 'T', 'Ele mesmo', '2017-10-19 14:13:33', NULL, NULL, 1),
(5, 13, '35629705', 61, 'T', 'Ele mesmo', '2017-10-22 02:41:44', NULL, NULL, 1),
(6, 13, '999081239', 61, 'C', 'Ele mesmo', '2017-10-22 02:41:44', NULL, NULL, 1),
(7, 13, '30392869', 61, 'T', 'Ele mesmo', '2017-10-24 11:55:10', NULL, NULL, 1),
(8, 13, '781508591', 61, 'C', 'Ele mesmo', '2017-10-24 11:55:10', NULL, NULL, 1),
(9, 13, '345657657', 61, 'T', 'Ele mesmo', '2017-12-08 10:47:58', NULL, NULL, 1),
(10, 13, '999087865', 61, 'C', 'Ele mesmo', '2017-12-08 10:47:58', NULL, NULL, 1),
(11, 13, '33777413', 61, 'T', 'Ele mesmo', '2017-12-14 12:01:33', NULL, NULL, 1),
(12, 13, '991775662', 61, 'C', 'Ele mesmo', '2017-12-14 12:01:33', NULL, NULL, 1),
(13, 13, '35672563', 61, 'T', 'Ele mesmo', '2017-12-14 17:01:46', NULL, NULL, 1),
(14, 13, '985713060', 61, 'C', 'Ele mesmo', '2017-12-14 17:01:46', NULL, NULL, 1),
(15, 13, '00000000', 61, 'T', 'Ele mesmo', '2017-12-15 11:32:34', NULL, NULL, 1),
(16, 13, '996892721', 61, 'C', 'Ele mesmo', '2017-12-15 11:32:34', NULL, NULL, 1),
(17, 13, '984510415', 61, 'C', 'Ele mesmo', '2017-12-18 08:45:39', NULL, NULL, 1),
(18, 13, '000000000', 61, 'W', 'Ele mesmo', '2017-12-18 08:45:39', NULL, NULL, 1),
(19, 13, '981122428', 61, 'T', 'Ele mesmo', '2017-12-18 08:46:28', NULL, NULL, 1),
(20, 13, '30463055', 61, 'T', 'Ele mesmo', '2017-12-26 11:19:39', NULL, NULL, 1),
(21, 13, '995890550', 61, 'C', 'Ele mesmo', '2017-12-26 11:19:39', NULL, NULL, 1),
(22, 13, '333608766', 61, 'T', 'Ele mesmo', '2017-12-26 11:57:02', NULL, NULL, 1),
(23, 13, '999098876', 61, 'C', 'Ele mesmo', '2017-12-26 11:57:02', NULL, NULL, 1),
(24, 13, '39652816', 61, 'T', 'Ele mesmo', '2017-12-26 14:27:56', NULL, NULL, 1),
(25, 13, '996580986', 61, 'C', 'Ele mesmo', '2017-12-26 14:27:56', NULL, NULL, 1),
(26, 13, '30416302', 61, 'T', 'Ele mesmo', '2017-12-28 09:18:48', NULL, NULL, 1),
(27, 13, '996482463', 61, 'C', 'Ele mesmo', '2017-12-28 09:18:48', NULL, NULL, 1),
(28, 13, '996292008', 61, 'C', 'Ele mesmo', '2017-12-28 10:17:25', NULL, NULL, 1),
(29, 13, '998152817', 61, 'W', 'Ele mesmo', '2017-12-28 10:17:25', NULL, NULL, 1);

-- --------------------------------------------------------

--
-- Table structure for table `tb_tipo_cliente`
--

CREATE TABLE `tb_tipo_cliente` (
  `co_seq_tipo_cliente` int(11) NOT NULL,
  `nm_tipo_cliente` varchar(80) NOT NULL,
  `nm_inclusao` varchar(80) NOT NULL,
  `dt_inclusao` datetime NOT NULL,
  `nm_alteracao` varchar(80) DEFAULT NULL,
  `dt_alteracao` datetime DEFAULT NULL,
  `st_registro` tinyint(4) NOT NULL
) ENGINE=InnoDB DEFAULT CHARSET=utf8 COMMENT='Tabela dos tipos de cliente';

--
-- Dumping data for table `tb_tipo_cliente`
--

INSERT INTO `tb_tipo_cliente` (`co_seq_tipo_cliente`, `nm_tipo_cliente`, `nm_inclusao`, `dt_inclusao`, `nm_alteracao`, `dt_alteracao`, `st_registro`) VALUES
(1, 'Carto', 'Tony', '2017-03-29 00:00:00', NULL, NULL, 1);

-- --------------------------------------------------------

--
-- Table structure for table `tb_tipo_corpo_clinico`
--

CREATE TABLE `tb_tipo_corpo_clinico` (
  `co_seq_tipo_corpo_clinico` int(11) NOT NULL,
  `nm_tipo_corpo_clinico` varchar(80) NOT NULL,
  `nm_inclusao` varchar(80) NOT NULL,
  `dt_inclusao` datetime NOT NULL,
  `nm_alteracao` varchar(80) DEFAULT NULL,
  `dt_alteracao` datetime DEFAULT NULL,
  `st_registro` tinyint(4) NOT NULL
) ENGINE=InnoDB DEFAULT CHARSET=utf8 COMMENT='Tabela dos tipos de corpo clinico';

--
-- Dumping data for table `tb_tipo_corpo_clinico`
--

INSERT INTO `tb_tipo_corpo_clinico` (`co_seq_tipo_corpo_clinico`, `nm_tipo_corpo_clinico`, `nm_inclusao`, `dt_inclusao`, `nm_alteracao`, `dt_alteracao`, `st_registro`) VALUES
(1, 'Mdico', 'Tony Anderson', '2017-08-24 00:00:00', NULL, NULL, 1),
(2, 'Nutricionista', 'Tony Anderson', '2017-08-24 00:00:00', NULL, NULL, 1),
(3, 'Fonoaudilogo', 'Tony Anderson', '2017-08-24 00:00:00', NULL, NULL, 1),
(4, 'Psiclogo', 'Tony Anderson', '2017-11-07 00:00:00', NULL, NULL, 1);

-- --------------------------------------------------------

--
-- Table structure for table `tb_tipo_dependentes`
--

CREATE TABLE `tb_tipo_dependentes` (
  `co_seq_tipo_dependentes` int(11) NOT NULL,
  `nm_tipo_dependente` varchar(80) NOT NULL,
  `st_agregado` tinyint(4) NOT NULL,
  `nm_inclusao` varchar(80) NOT NULL,
  `dt_inclusao` datetime NOT NULL,
  `nm_alteracao` varchar(80) DEFAULT NULL,
  `dt_alteracao` datetime DEFAULT NULL,
  `st_registro` tinyint(4) NOT NULL
) ENGINE=InnoDB DEFAULT CHARSET=utf8 COMMENT='Tabela dos tipos dependentes dos clientes';

--
-- Dumping data for table `tb_tipo_dependentes`
--

INSERT INTO `tb_tipo_dependentes` (`co_seq_tipo_dependentes`, `nm_tipo_dependente`, `st_agregado`, `nm_inclusao`, `dt_inclusao`, `nm_alteracao`, `dt_alteracao`, `st_registro`) VALUES
(1, 'Esposo(a)', 2, 'Tony Anderson', '2017-04-13 00:00:00', NULL, NULL, 1),
(2, 'Filho(a)', 2, 'Tony Anderson', '2017-04-13 00:00:00', NULL, NULL, 1),
(3, 'Pai', 1, 'Tony Anderson', '2017-04-13 00:00:00', NULL, NULL, 1),
(4, 'Me', 1, 'Tony Anderson', '2017-04-13 00:00:00', NULL, NULL, 1),
(5, 'Primo(a)', 1, 'Tony Anderson', '2017-04-13 00:00:00', NULL, NULL, 1),
(6, 'Irmo(a)', 1, 'Tony Anderson', '2017-04-13 00:00:00', NULL, NULL, 1),
(7, 'Amigo(a)', 1, 'Tony Anderson', '2017-04-13 00:00:00', NULL, NULL, 1),
(8, 'Outro', 1, 'Tony Anderson', '2017-04-13 00:00:00', NULL, NULL, 1),
(9, 'Titular', 2, 'Tony Anderson', '2017-08-01 00:00:00', NULL, NULL, 2);

-- --------------------------------------------------------

--
-- Table structure for table `tb_tipo_usuario`
--

CREATE TABLE `tb_tipo_usuario` (
  `co_seq_tipo_usuario` int(11) NOT NULL,
  `nm_tipo_usuario` varchar(80) NOT NULL,
  `nm_inclusao` varchar(80) NOT NULL,
  `dt_inclusao` datetime NOT NULL,
  `nm_alteracao` varchar(80) DEFAULT NULL,
  `dt_alteracao` datetime DEFAULT NULL,
  `st_registro` tinyint(4) NOT NULL
) ENGINE=InnoDB DEFAULT CHARSET=utf8 COMMENT='Tabela dos tipos usurios';

--
-- Dumping data for table `tb_tipo_usuario`
--

INSERT INTO `tb_tipo_usuario` (`co_seq_tipo_usuario`, `nm_tipo_usuario`, `nm_inclusao`, `dt_inclusao`, `nm_alteracao`, `dt_alteracao`, `st_registro`) VALUES
(1, 'master', 'Tony Anderson', '2015-08-24 00:00:00', NULL, NULL, 1),
(2, 'coordenador', 'Tony Anderson', '2015-08-24 00:00:00', NULL, NULL, 1),
(3, 'funcionrio', 'Tony Anderson', '2015-08-24 00:00:00', NULL, NULL, 1),
(4, 'cliente', 'Tony Anderson', '2015-08-24 00:00:00', NULL, NULL, 1),
(5, 'vendedor', 'Tony Anderson', '2015-08-24 00:00:00', NULL, NULL, 1);

-- --------------------------------------------------------

--
-- Table structure for table `tb_usuario`
--

CREATE TABLE `tb_usuario` (
  `co_seq_usuario` int(11) NOT NULL,
  `co_tipo_usuario` int(11) NOT NULL,
  `nm_usuario` varchar(80) NOT NULL,
  `nm_login` varchar(80) NOT NULL,
  `nm_senha` varchar(80) NOT NULL,
  `nm_inclusao` varchar(80) NOT NULL,
  `dt_inclusao` datetime NOT NULL,
  `nm_alteracao` varchar(80) DEFAULT NULL,
  `dt_alteracao` datetime DEFAULT NULL,
  `st_registro` tinyint(4) NOT NULL
) ENGINE=InnoDB DEFAULT CHARSET=utf8 COMMENT='Tabela dos usurios';

--
-- Dumping data for table `tb_usuario`
--

INSERT INTO `tb_usuario` (`co_seq_usuario`, `co_tipo_usuario`, `nm_usuario`, `nm_login`, `nm_senha`, `nm_inclusao`, `dt_inclusao`, `nm_alteracao`, `dt_alteracao`, `st_registro`) VALUES
(1, 1, 'Tony', 'tabx', '1qaz', 'Tony Anderson', '2015-08-24 00:00:00', NULL, NULL, 1),
(2, 2, 'Coordenador 1', 'coordenador1', '1qaz', 'Tony Anderson', '2015-08-24 00:00:00', NULL, '2017-11-28 09:39:14', 2),
(3, 3, 'Funcionrio 1', 'funcionario1', '1qaz', 'Tony Anderson', '2015-08-24 00:00:00', NULL, '2017-11-28 09:39:18', 1),
(4, 4, 'Visualizador 1', 'visualizador1', '1qaz', 'Tony Anderson', '2015-08-24 00:00:00', NULL, NULL, 1),
(5, 1, 'Sistema', 'sistema', 't333t23', 'Tony Anderson', '2015-08-24 00:00:00', NULL, NULL, 1),
(6, 5, 'Vendedor 1', 'vendedor1', '1qaz', 'Tony Anderson', '2015-08-24 00:00:00', NULL, NULL, 1),
(7, 5, 'Vendedor 2', 'vendedor2', '1qaz', 'Tony Anderson', '2015-08-24 00:00:00', NULL, NULL, 1),
(8, 5, 'Vendedor 3', 'vendedor3', '1qaz', 'Tony Anderson', '2015-08-24 00:00:00', NULL, NULL, 1),
(9, 2, 'Alessandra Xavier ', 'Axavier', '38407373', 'Ele mesmo', '2017-10-17 16:59:57', NULL, NULL, 2),
(10, 1, 'Alessandra Xavier', 'axavier', '38407373', 'Ele mesmo', '2017-10-18 11:51:26', NULL, NULL, 1),
(18, 4, 'lucas henrique de assis morais', 'luquinhasham145@gmail.com', '6666', 'Ele mesmo', '2017-10-24 11:55:10', NULL, NULL, 1),
(19, 4, 'Tony Anderson Brinck Xavier', 'tabx.php@gmail.com', '1qaz', 'Ele mesmo', '2017-10-24 16:32:58', NULL, NULL, 1),
(20, 4, 'Teste Para Testar', 'tabx.php@gmail.com', 'fgrb35!@fhgkjRHQw$%.', 'Ele mesmo', '2017-12-08 10:47:58', NULL, NULL, 1),
(21, 4, 'Tony Anderson Brinck Xavier', 'tabx.php@gmail.com', '1qaz2wsx', 'Ele mesmo', '2017-12-13 18:38:11', NULL, NULL, 1),
(22, 4, 'laura stefany da silva gomes de moraes', 'laurateffanyy18@gmail.com', 'fgrb35!@fhgkjRHQw$%.', 'Ele mesmo', '2017-12-14 12:01:33', NULL, NULL, 1),
(28, 4, 'Adriana de Santana Rezende', 'adry_rezende@hotmail.com', 'fgrb35!@fhgkjRHQw$%.', 'Ele mesmo', '2017-12-14 17:25:43', NULL, NULL, 1),
(29, 4, 'Adriana de Santana Rezende', 'adry_rezende@hotmail.com', 'fgrb35!@fhgkjRHQw$%.', 'Ele mesmo', '2017-12-14 17:30:40', NULL, NULL, 1),
(30, 4, 'Adriana de Santana Rezende', 'adry_rezende@hotmail.com', 'fgrb35!@fhgkjRHQw$%.', 'Ele mesmo', '2017-12-14 17:33:35', NULL, NULL, 1),
(31, 4, 'Adriana de Santana Rezende', 'adry_rezende@hotmail.com', 'fgrb35!@fhgkjRHQw$%.', 'Ele mesmo', '2017-12-14 17:37:16', NULL, NULL, 1),
(32, 4, 'Adriana de Santana Rezende', 'adry_rezende@hotmail.com', 'fgrb35!@fhgkjRHQw$%.', 'Ele mesmo', '2017-12-14 18:17:10', NULL, NULL, 1),
(33, 4, 'Adriana de Santana Rezende', 'adry_rezende@hotmail.com', 'fgrb35!@fhgkjRHQw$%.', 'Ele mesmo', '2017-12-14 18:29:21', NULL, NULL, 1),
(34, 4, 'Adriana de Santana Rezende', 'adry_rezende@hotmail.com', 'amojesus77', 'Ele mesmo', '2017-12-14 18:32:32', NULL, NULL, 1),
(35, 4, 'MARIA IVANEIDE RODRIGUES DOS SANTOS', 'hrluxosdenoiva@gmail.com', 'fgrb35!@fhgkjRHQw$%.', 'Ele mesmo', '2017-12-15 11:32:34', NULL, NULL, 2),
(36, 4, 'MARIA IVANEIDE RODRIGUES DOS SANTOS', 'hrluxosdenoiva@gmail.com', '199520140', 'Ele mesmo', '2017-12-15 11:52:22', NULL, NULL, 1),
(37, 3, 'Laura Moraes', 'lauram', '18051996', 'Ele mesmo', '2017-12-15 12:04:11', NULL, NULL, 1),
(38, 3, 'Thiago Lacerda de Souza', 'thiagol', 'thibob123', 'Ele mesmo', '2017-12-15 12:05:07', NULL, NULL, 1),
(39, 4, 'CLAUDIONOR MACIEL RODRIGUES', 'claudionormaciel@hotmail.com', 'fgrb35!@fhgkjRHQw$%.', 'Ele mesmo', '2017-12-18 08:45:39', NULL, NULL, 1),
(40, 4, 'SILVIA SANDRA DE ARAUJO', 'silviaaraujodesigner@gmail.com', 'fgrb35!@fhgkjRHQw$%.', 'Ele mesmo', '2017-12-26 11:19:39', NULL, NULL, 1),
(41, 4, 'SILVIA SANDRA DE ARAUJO', 'silviaaraujodesigner@gmail.com', '20051954', 'Ele mesmo', '2017-12-26 11:32:12', NULL, NULL, 1),
(42, 4, 'Teste Para Testar', 'tabx.php@gmail.com', 'fgrb35!@fhgkjRHQw$%.', 'Ele mesmo', '2017-12-26 11:54:28', NULL, NULL, 1),
(43, 4, 'Teste Para Testar', 'tabx.php@gmail.com', 'fgrb35!@fhgkjRHQw$%.', 'Ele mesmo', '2017-12-26 11:57:02', NULL, NULL, 1),
(44, 4, 'Teste Para Testar', 'tabx.php@gmail.com', 'fgrb35!@fhgkjRHQw$%.', 'Ele mesmo', '2017-12-26 11:57:48', NULL, NULL, 1),
(45, 4, 'Teste Para Testar', 'tabx.php@gmail.com', 'fgrb35!@fhgkjRHQw$%.', 'Ele mesmo', '2017-12-26 13:02:12', NULL, NULL, 1),
(46, 4, 'Teste Para Testar', 'tabx.php@gmail.com', 'fgrb35!@fhgkjRHQw$%.', 'Ele mesmo', '2017-12-26 13:05:54', NULL, NULL, 1),
(47, 4, 'Teste Para Testar', 'tabx.php@gmail.com', 'fgrb35!@fhgkjRHQw$%.', 'Ele mesmo', '2017-12-26 13:17:09', NULL, NULL, 1),
(48, 4, 'Teste Para Testar', 'tabx.php@gmail.com', 'fgrb35!@fhgkjRHQw$%.', 'Ele mesmo', '2017-12-26 13:19:37', NULL, NULL, 1),
(49, 4, 'Teste Para Testar', 'tabx.php@gmail.com', 'fgrb35!@fhgkjRHQw$%.', 'Ele mesmo', '2017-12-26 13:21:08', NULL, NULL, 1),
(50, 4, 'Teste Para Testar', 'tabx.php@gmail.com', 'fgrb35!@fhgkjRHQw$%.', 'Ele mesmo', '2017-12-26 13:22:17', NULL, NULL, 1),
(51, 4, 'Teste Para Testar', 'tabx.php@gmail.com', 'fgrb35!@fhgkjRHQw$%.', 'Ele mesmo', '2017-12-26 13:31:17', NULL, NULL, 1),
(52, 4, 'Teste Para Testar', 'tabx.php@gmail.com', 'fgrb35!@fhgkjRHQw$%.', 'Ele mesmo', '2017-12-26 13:31:44', NULL, NULL, 1),
(53, 4, 'Teste Para Testar', 'tabx.php@gmail.com', 'fgrb35!@fhgkjRHQw$%.', 'Ele mesmo', '2017-12-26 13:33:50', NULL, NULL, 1),
(54, 4, 'Teste Para Testar', 'tabx.php@gmail.com', 'fgrb35!@fhgkjRHQw$%.', 'Ele mesmo', '2017-12-26 13:42:45', NULL, NULL, 1),
(55, 4, 'ANA LUZIA TAVARES CARDOZO DOS SANTOS', 'ntcardozo123@gmail.com', 'nelita', 'Ele mesmo', '2017-12-26 14:27:56', NULL, NULL, 1),
(56, 4, 'Maria Ivaneide Rodrigues dos Santos', 'cinthia.fafa@gmail.com', '199520140', 'Ele mesmo', '2017-12-27 15:33:55', NULL, NULL, 2),
(57, 4, 'REGINA GOMES DE ARAUJO BATISTA', 'reginnagb@hotmail.com', 'fgrb35!@fhgkjRHQw$%.', 'Ele mesmo', '2017-12-28 09:18:48', NULL, NULL, 1),
(58, 4, 'JUVENAL ALVES CABRAL', 'jac057@gmail.com', 'fgrb35!@fhgkjRHQw$%.', 'Ele mesmo', '2017-12-28 10:17:25', NULL, NULL, 1),
(59, 4, 'JUVENAL ALVES CABRAL', 'jac057@gmail.com', 'fgrb35!@fhgkjRHQw$%.', 'Ele mesmo', '2017-12-28 10:17:38', NULL, NULL, 1);

-- --------------------------------------------------------

--
-- Stand-in structure for view `vw_busca_autoincremento`
--
CREATE TABLE `vw_busca_autoincremento` (
`id` int(11)
,`nome` varchar(80)
,`tipo` varchar(13)
,`nm_inclusao` varchar(80)
,`dt_inclusao` datetime
,`nm_alteracao` varchar(80)
,`dt_alteracao` datetime
,`st_registro` tinyint(4)
);

-- --------------------------------------------------------

--
-- Stand-in structure for view `vw_busca_autoincremento_cliente`
--
CREATE TABLE `vw_busca_autoincremento_cliente` (
`id` int(11)
,`nome` varchar(80)
,`tipo` varchar(13)
,`nm_inclusao` varchar(80)
,`dt_inclusao` datetime
,`nm_alteracao` varchar(80)
,`dt_alteracao` datetime
,`st_registro` tinyint(4)
);

-- --------------------------------------------------------

--
-- Structure for view `vw_busca_autoincremento`
--
DROP TABLE IF EXISTS `vw_busca_autoincremento`;

CREATE ALGORITHM=UNDEFINED DEFINER=`root`@`localhost` SQL SECURITY DEFINER VIEW `vw_busca_autoincremento`  AS  select `tb_exame`.`co_seq_exame` AS `id`,`tb_exame`.`nm_exame` AS `nome`,'exame' AS `tipo`,`tb_exame`.`nm_inclusao` AS `nm_inclusao`,`tb_exame`.`dt_inclusao` AS `dt_inclusao`,`tb_exame`.`nm_alteracao` AS `nm_alteracao`,`tb_exame`.`dt_alteracao` AS `dt_alteracao`,`tb_exame`.`st_registro` AS `st_registro` from `tb_exame` union all select `tb_consulta`.`co_seq_consulta` AS `id`,`tb_consulta`.`nm_consulta` AS `nome`,'consulta' AS `tipo`,`tb_consulta`.`nm_inclusao` AS `nm_inclusao`,`tb_consulta`.`dt_inclusao` AS `dt_inclusao`,`tb_consulta`.`nm_alteracao` AS `nm_alteracao`,`tb_consulta`.`dt_alteracao` AS `dt_alteracao`,`tb_consulta`.`st_registro` AS `st_registro` from `tb_consulta` union all select `tb_cliente`.`co_seq_cliente` AS `id`,`tb_cliente`.`nm_cliente` AS `nome`,'cliente' AS `tipo`,`tb_cliente`.`nm_inclusao` AS `nm_inclusao`,`tb_cliente`.`dt_inclusao` AS `dt_inclusao`,`tb_cliente`.`nm_alteracao` AS `nm_alteracao`,`tb_cliente`.`dt_alteracao` AS `dt_alteracao`,`tb_cliente`.`st_registro` AS `st_registro` from `tb_cliente` union all select `tb_caixa`.`co_seq_caixa` AS `id`,`tb_caixa`.`nm_caixa` AS `nome`,'caixa' AS `tipo`,`tb_caixa`.`nm_inclusao` AS `nm_inclusao`,`tb_caixa`.`dt_inclusao` AS `dt_inclusao`,`tb_caixa`.`nm_alteracao` AS `nm_alteracao`,`tb_caixa`.`dt_alteracao` AS `dt_alteracao`,`tb_caixa`.`st_registro` AS `st_registro` from `tb_caixa` union all select `tb_corpo_clinico`.`co_seq_corpo_clinico` AS `id`,`tb_corpo_clinico`.`nm_corpo_clinico` AS `nome`,'corpo-clinico' AS `tipo`,`tb_corpo_clinico`.`nm_inclusao` AS `nm_inclusao`,`tb_corpo_clinico`.`dt_inclusao` AS `dt_inclusao`,`tb_corpo_clinico`.`nm_alteracao` AS `nm_alteracao`,`tb_corpo_clinico`.`dt_alteracao` AS `dt_alteracao`,`tb_corpo_clinico`.`st_registro` AS `st_registro` from `tb_corpo_clinico` union all select `tb_contrato_gog`.`co_seq_contrato_gog` AS `id`,`tb_contrato_gog`.`nm_contrato_gog` AS `nome`,'contrato-gog' AS `tipo`,`tb_contrato_gog`.`nm_inclusao` AS `nm_inclusao`,`tb_contrato_gog`.`dt_inclusao` AS `dt_inclusao`,`tb_contrato_gog`.`nm_alteracao` AS `nm_alteracao`,`tb_contrato_gog`.`dt_alteracao` AS `dt_alteracao`,`tb_contrato_gog`.`st_registro` AS `st_registro` from `tb_contrato_gog` union all select `tb_contato`.`co_seq_contato` AS `id`,`tb_contato`.`nm_nome` AS `nome`,'contato' AS `tipo`,`tb_contato`.`nm_inclusao` AS `nm_inclusao`,`tb_contato`.`dt_inclusao` AS `dt_inclusao`,`tb_contato`.`nm_alteracao` AS `nm_alteracao`,`tb_contato`.`dt_alteracao` AS `dt_alteracao`,`tb_contato`.`st_registro` AS `st_registro` from `tb_contato` union all select `tb_usuario`.`co_seq_usuario` AS `id`,`tb_usuario`.`nm_usuario` AS `nome`,'usuario' AS `tipo`,`tb_usuario`.`nm_inclusao` AS `nm_inclusao`,`tb_usuario`.`dt_inclusao` AS `dt_inclusao`,`tb_usuario`.`nm_alteracao` AS `nm_alteracao`,`tb_usuario`.`dt_alteracao` AS `dt_alteracao`,`tb_usuario`.`st_registro` AS `st_registro` from `tb_usuario` ;

-- --------------------------------------------------------

--
-- Structure for view `vw_busca_autoincremento_cliente`
--
DROP TABLE IF EXISTS `vw_busca_autoincremento_cliente`;

CREATE ALGORITHM=UNDEFINED DEFINER=`root`@`localhost` SQL SECURITY DEFINER VIEW `vw_busca_autoincremento_cliente`  AS  select `tb_exame`.`co_seq_exame` AS `id`,`tb_exame`.`nm_exame` AS `nome`,'exame' AS `tipo`,`tb_exame`.`nm_inclusao` AS `nm_inclusao`,`tb_exame`.`dt_inclusao` AS `dt_inclusao`,`tb_exame`.`nm_alteracao` AS `nm_alteracao`,`tb_exame`.`dt_alteracao` AS `dt_alteracao`,`tb_exame`.`st_registro` AS `st_registro` from `tb_exame` union all select `tb_consulta`.`co_seq_consulta` AS `id`,`tb_consulta`.`nm_consulta` AS `nome`,'consulta' AS `tipo`,`tb_consulta`.`nm_inclusao` AS `nm_inclusao`,`tb_consulta`.`dt_inclusao` AS `dt_inclusao`,`tb_consulta`.`nm_alteracao` AS `nm_alteracao`,`tb_consulta`.`dt_alteracao` AS `dt_alteracao`,`tb_consulta`.`st_registro` AS `st_registro` from `tb_consulta` union all select `tb_corpo_clinico`.`co_seq_corpo_clinico` AS `id`,`tb_corpo_clinico`.`nm_corpo_clinico` AS `nome`,'corpo-clinico' AS `tipo`,`tb_corpo_clinico`.`nm_inclusao` AS `nm_inclusao`,`tb_corpo_clinico`.`dt_inclusao` AS `dt_inclusao`,`tb_corpo_clinico`.`nm_alteracao` AS `nm_alteracao`,`tb_corpo_clinico`.`dt_alteracao` AS `dt_alteracao`,`tb_corpo_clinico`.`st_registro` AS `st_registro` from `tb_corpo_clinico` ;

--
-- Indexes for dumped tables
--

--
-- Indexes for table `rl_blog_procedimento`
--
ALTER TABLE `rl_blog_procedimento`
  ADD PRIMARY KEY (`co_seq_blog_procedimento`),
  ADD KEY `co_blog` (`co_blog`),
  ADD KEY `co_procedimento` (`co_procedimento`);

--
-- Indexes for table `rl_cliente_telefone`
--
ALTER TABLE `rl_cliente_telefone`
  ADD PRIMARY KEY (`co_seq_cliente_telefone`),
  ADD KEY `co_telefone` (`co_telefone`),
  ADD KEY `co_cliente` (`co_cliente`);

--
-- Indexes for table `rl_consulta_corpo_clinico`
--
ALTER TABLE `rl_consulta_corpo_clinico`
  ADD PRIMARY KEY (`co_seq_consulta_corpo_clinico`),
  ADD KEY `co_consulta` (`co_consulta`),
  ADD KEY `co_corpo_clinico` (`co_corpo_clinico`);

--
-- Indexes for table `rl_contato_telefone`
--
ALTER TABLE `rl_contato_telefone`
  ADD PRIMARY KEY (`co_seq_contato_telefone`),
  ADD KEY `co_telefone` (`co_telefone`),
  ADD KEY `co_contato` (`co_contato`);

--
-- Indexes for table `rl_contrato_gog_procedimento`
--
ALTER TABLE `rl_contrato_gog_procedimento`
  ADD PRIMARY KEY (`co_seq_contrato_gog_procedimento`),
  ADD KEY `co_contrato_gog` (`co_contrato_gog`),
  ADD KEY `co_procedimento` (`co_procedimento`);

--
-- Indexes for table `rl_exame_corpo_clinico`
--
ALTER TABLE `rl_exame_corpo_clinico`
  ADD PRIMARY KEY (`co_seq_exame_corpo_clinico`),
  ADD KEY `co_exame` (`co_exame`),
  ADD KEY `co_corpo_clinico` (`co_corpo_clinico`);

--
-- Indexes for table `rl_prestador_procedimento`
--
ALTER TABLE `rl_prestador_procedimento`
  ADD PRIMARY KEY (`co_seq_prestador_procedimento`),
  ADD KEY `co_prestador` (`co_prestador`),
  ADD KEY `co_procedimento` (`co_procedimento`);

--
-- Indexes for table `tb_acordo`
--
ALTER TABLE `tb_acordo`
  ADD PRIMARY KEY (`co_seq_acordo`),
  ADD KEY `co_cliente` (`co_cliente`),
  ADD KEY `co_usuario` (`co_usuario`),
  ADD KEY `co_contrato_gog` (`co_contrato_gog`);

--
-- Indexes for table `tb_blog`
--
ALTER TABLE `tb_blog`
  ADD PRIMARY KEY (`co_seq_blog`),
  ADD KEY `co_usuario` (`co_usuario`);

--
-- Indexes for table `tb_boleto`
--
ALTER TABLE `tb_boleto`
  ADD PRIMARY KEY (`co_seq_boleto`),
  ADD KEY `co_cliente` (`co_cliente`),
  ADD KEY `co_pagamento` (`co_pagamento`);

--
-- Indexes for table `tb_caixa`
--
ALTER TABLE `tb_caixa`
  ADD PRIMARY KEY (`co_seq_caixa`),
  ADD KEY `co_empresa` (`co_empresa`),
  ADD KEY `co_cliente` (`co_cliente`);

--
-- Indexes for table `tb_ocorrencia`
--
ALTER TABLE `tb_ocorrencia`
  ADD PRIMARY KEY (`co_seq_ocorrencia`),
  ADD KEY `co_usuario` (`co_usuario`),
  ADD KEY `co_cliente` (`co_cliente`);

--
-- Indexes for table `tb_cartao`
--
ALTER TABLE `tb_cartao`
  ADD PRIMARY KEY (`co_seq_cartao`),
  ADD KEY `tb_cartao_ibfk_1` (`co_cliente`);

--
-- Indexes for table `tb_cep`
--
ALTER TABLE `tb_cep`
  ADD PRIMARY KEY (`co_seq_cep`);

--
-- Indexes for table `tb_cliente`
--
ALTER TABLE `tb_cliente`
  ADD PRIMARY KEY (`co_seq_cliente`),
  ADD KEY `co_usuario` (`co_usuario`),
  ADD KEY `co_usuario_registrou` (`co_usuario_registrou`),
  ADD KEY `co_empresa` (`co_empresa`),
  ADD KEY `co_cep` (`co_cep`),
  ADD KEY `co_tipo_cliente` (`co_tipo_cliente`);

--
-- Indexes for table `tb_configuracao`
--
ALTER TABLE `tb_configuracao`
  ADD PRIMARY KEY (`co_seq_configuracao`),
  ADD KEY `co_usuario` (`co_usuario`),
  ADD KEY `co_tipo_usuario` (`co_tipo_usuario`);

--
-- Indexes for table `tb_consulta`
--
ALTER TABLE `tb_consulta`
  ADD PRIMARY KEY (`co_seq_consulta`);

--
-- Indexes for table `tb_contato`
--
ALTER TABLE `tb_contato`
  ADD PRIMARY KEY (`co_seq_contato`),
  ADD KEY `co_cliente` (`co_cliente`);

--
-- Indexes for table `tb_contrato_gog`
--
ALTER TABLE `tb_contrato_gog`
  ADD PRIMARY KEY (`co_seq_contrato_gog`);

--
-- Indexes for table `tb_corpo_clinico`
--
ALTER TABLE `tb_corpo_clinico`
  ADD PRIMARY KEY (`co_seq_corpo_clinico`),
  ADD KEY `co_tipo_corpo_clinico` (`co_tipo_corpo_clinico`);

--
-- Indexes for table `tb_ddd`
--
ALTER TABLE `tb_ddd`
  ADD PRIMARY KEY (`co_seq_ddd`),
  ADD KEY `co_estado` (`co_estado`);

--
-- Indexes for table `tb_dependentes`
--
ALTER TABLE `tb_dependentes`
  ADD PRIMARY KEY (`co_seq_dependentes`),
  ADD KEY `co_acordo` (`co_acordo`),
  ADD KEY `co_tipo_dependentes` (`co_tipo_dependentes`);

--
-- Indexes for table `tb_email`
--
ALTER TABLE `tb_email`
  ADD PRIMARY KEY (`co_seq_email`),
  ADD KEY `co_cliente` (`co_cliente`);

--
-- Indexes for table `tb_empresa`
--
ALTER TABLE `tb_empresa`
  ADD PRIMARY KEY (`co_seq_empresa`);

--
-- Indexes for table `tb_estado`
--
ALTER TABLE `tb_estado`
  ADD PRIMARY KEY (`co_seq_estado`);

--
-- Indexes for table `tb_exame`
--
ALTER TABLE `tb_exame`
  ADD PRIMARY KEY (`co_seq_exame`);

--
-- Indexes for table `tb_extrato`
--
ALTER TABLE `tb_extrato`
  ADD PRIMARY KEY (`co_seq_extrato`),
  ADD KEY `co_caixa` (`co_caixa`),
  ADD KEY `co_pagamento` (`co_pagamento`);

--
-- Indexes for table `tb_forma_pagamento`
--
ALTER TABLE `tb_forma_pagamento`
  ADD PRIMARY KEY (`co_seq_forma_pagamento`);

--
-- Indexes for table `tb_laboratorio`
--
ALTER TABLE `tb_laboratorio`
  ADD PRIMARY KEY (`co_seq_laboratorio`);

--
-- Indexes for table `tb_mais_voce`
--
ALTER TABLE `tb_mais_voce`
  ADD PRIMARY KEY (`co_seq_mais_voce`),
  ADD KEY `tb_mais_voce_ibfk_1` (`co_usuario`);

--
-- Indexes for table `tb_newsletter`
--
ALTER TABLE `tb_newsletter`
  ADD PRIMARY KEY (`co_seq_newsletter`);

--
-- Indexes for table `tb_notificacao_contato`
--
ALTER TABLE `tb_notificacao_contato`
  ADD PRIMARY KEY (`co_seq_notificacao_contato`),
  ADD KEY `co_usuario` (`co_usuario`),
  ADD KEY `co_contato` (`co_contato`);

--
-- Indexes for table `tb_notificacao_newsletter`
--
ALTER TABLE `tb_notificacao_newsletter`
  ADD PRIMARY KEY (`co_seq_notificacao_newsletter`),
  ADD KEY `co_usuario` (`co_usuario`),
  ADD KEY `co_newsletter` (`co_newsletter`);

--
-- Indexes for table `tb_pagamento`
--
ALTER TABLE `tb_pagamento`
  ADD PRIMARY KEY (`co_seq_pagamento`),
  ADD KEY `co_acordo` (`co_acordo`),
  ADD KEY `co_forma_pagamento` (`co_forma_pagamento`),
  ADD KEY `co_status_pagamento` (`co_status_pagamento`);

--
-- Indexes for table `tb_perguntas`
--
ALTER TABLE `tb_perguntas`
  ADD PRIMARY KEY (`co_seq_perguntas`),
  ADD KEY `co_usuario` (`co_usuario`);

--
-- Indexes for table `tb_prestador`
--
ALTER TABLE `tb_prestador`
  ADD PRIMARY KEY (`co_seq_prestador`);

--
-- Indexes for table `tb_procedimento`
--
ALTER TABLE `tb_procedimento`
  ADD PRIMARY KEY (`co_seq_procedimento`),
  ADD KEY `co_exame` (`co_exame`),
  ADD KEY `co_consulta` (`co_consulta`),
  ADD KEY `co_laboratorio` (`co_laboratorio`);

--
-- Indexes for table `tb_recibo`
--
ALTER TABLE `tb_recibo`
  ADD PRIMARY KEY (`co_seq_recibo`),
  ADD KEY `co_pagamento` (`co_pagamento`);

--
-- Indexes for table `tb_servicos`
--
ALTER TABLE `tb_servicos`
  ADD PRIMARY KEY (`co_seq_servicos`),
  ADD KEY `tb_servicos_ibfk_1` (`co_usuario`);

--
-- Indexes for table `tb_sobre`
--
ALTER TABLE `tb_sobre`
  ADD PRIMARY KEY (`co_seq_sobre`),
  ADD KEY `co_usuario` (`co_usuario`);

--
-- Indexes for table `tb_status_pagamento`
--
ALTER TABLE `tb_status_pagamento`
  ADD PRIMARY KEY (`co_seq_status_pagamento`);

--
-- Indexes for table `tb_telefone`
--
ALTER TABLE `tb_telefone`
  ADD PRIMARY KEY (`co_seq_telefone`),
  ADD KEY `co_ddd` (`co_ddd`);

--
-- Indexes for table `tb_tipo_cliente`
--
ALTER TABLE `tb_tipo_cliente`
  ADD PRIMARY KEY (`co_seq_tipo_cliente`);

--
-- Indexes for table `tb_tipo_corpo_clinico`
--
ALTER TABLE `tb_tipo_corpo_clinico`
  ADD PRIMARY KEY (`co_seq_tipo_corpo_clinico`);

--
-- Indexes for table `tb_tipo_dependentes`
--
ALTER TABLE `tb_tipo_dependentes`
  ADD PRIMARY KEY (`co_seq_tipo_dependentes`);

--
-- Indexes for table `tb_tipo_usuario`
--
ALTER TABLE `tb_tipo_usuario`
  ADD PRIMARY KEY (`co_seq_tipo_usuario`);

--
-- Indexes for table `tb_usuario`
--
ALTER TABLE `tb_usuario`
  ADD PRIMARY KEY (`co_seq_usuario`),
  ADD KEY `co_tipo_usuario` (`co_tipo_usuario`);

--
-- AUTO_INCREMENT for dumped tables
--

--
-- AUTO_INCREMENT for table `rl_blog_procedimento`
--
ALTER TABLE `rl_blog_procedimento`
  MODIFY `co_seq_blog_procedimento` int(11) NOT NULL AUTO_INCREMENT, AUTO_INCREMENT=27;
--
-- AUTO_INCREMENT for table `rl_cliente_telefone`
--
ALTER TABLE `rl_cliente_telefone`
  MODIFY `co_seq_cliente_telefone` int(11) NOT NULL AUTO_INCREMENT, AUTO_INCREMENT=104;
--
-- AUTO_INCREMENT for table `rl_consulta_corpo_clinico`
--
ALTER TABLE `rl_consulta_corpo_clinico`
  MODIFY `co_seq_consulta_corpo_clinico` int(11) NOT NULL AUTO_INCREMENT;
--
-- AUTO_INCREMENT for table `rl_contato_telefone`
--
ALTER TABLE `rl_contato_telefone`
  MODIFY `co_seq_contato_telefone` int(11) NOT NULL AUTO_INCREMENT, AUTO_INCREMENT=2;
--
-- AUTO_INCREMENT for table `rl_contrato_gog_procedimento`
--
ALTER TABLE `rl_contrato_gog_procedimento`
  MODIFY `co_seq_contrato_gog_procedimento` int(11) NOT NULL AUTO_INCREMENT, AUTO_INCREMENT=17;
--
-- AUTO_INCREMENT for table `rl_exame_corpo_clinico`
--
ALTER TABLE `rl_exame_corpo_clinico`
  MODIFY `co_seq_exame_corpo_clinico` int(11) NOT NULL AUTO_INCREMENT;
--
-- AUTO_INCREMENT for table `rl_prestador_procedimento`
--
ALTER TABLE `rl_prestador_procedimento`
  MODIFY `co_seq_prestador_procedimento` int(11) NOT NULL AUTO_INCREMENT, AUTO_INCREMENT=1114;
--
-- AUTO_INCREMENT for table `tb_acordo`
--
ALTER TABLE `tb_acordo`
  MODIFY `co_seq_acordo` int(11) NOT NULL AUTO_INCREMENT, AUTO_INCREMENT=46;
--
-- AUTO_INCREMENT for table `tb_blog`
--
ALTER TABLE `tb_blog`
  MODIFY `co_seq_blog` int(11) NOT NULL AUTO_INCREMENT, AUTO_INCREMENT=9;
--
-- AUTO_INCREMENT for table `tb_boleto`
--
ALTER TABLE `tb_boleto`
  MODIFY `co_seq_boleto` int(11) NOT NULL AUTO_INCREMENT, AUTO_INCREMENT=158;
--
-- AUTO_INCREMENT for table `tb_caixa`
--
ALTER TABLE `tb_caixa`
  MODIFY `co_seq_caixa` int(11) NOT NULL AUTO_INCREMENT, AUTO_INCREMENT=3;
--
-- AUTO_INCREMENT for table `tb_cartao`
--
ALTER TABLE `tb_cartao`
  MODIFY `co_seq_cartao` int(11) NOT NULL AUTO_INCREMENT, AUTO_INCREMENT=45;
--
-- AUTO_INCREMENT for table `tb_cep`
--
ALTER TABLE `tb_cep`
  MODIFY `co_seq_cep` int(11) NOT NULL AUTO_INCREMENT, AUTO_INCREMENT=11;
--
-- AUTO_INCREMENT for table `tb_cliente`
--
ALTER TABLE `tb_cliente`
  MODIFY `co_seq_cliente` int(11) NOT NULL AUTO_INCREMENT, AUTO_INCREMENT=70;
--
-- AUTO_INCREMENT for table `tb_configuracao`
--
ALTER TABLE `tb_configuracao`
  MODIFY `co_seq_configuracao` int(11) NOT NULL AUTO_INCREMENT, AUTO_INCREMENT=2;
--
-- AUTO_INCREMENT for table `tb_consulta`
--
ALTER TABLE `tb_consulta`
  MODIFY `co_seq_consulta` int(11) NOT NULL AUTO_INCREMENT, AUTO_INCREMENT=22;
--
-- AUTO_INCREMENT for table `tb_contato`
--
ALTER TABLE `tb_contato`
  MODIFY `co_seq_contato` int(11) NOT NULL AUTO_INCREMENT, AUTO_INCREMENT=2;
--
-- AUTO_INCREMENT for table `tb_contrato_gog`
--
ALTER TABLE `tb_contrato_gog`
  MODIFY `co_seq_contrato_gog` int(11) NOT NULL AUTO_INCREMENT, AUTO_INCREMENT=15;
--
-- AUTO_INCREMENT for table `tb_corpo_clinico`
--
ALTER TABLE `tb_corpo_clinico`
  MODIFY `co_seq_corpo_clinico` int(11) NOT NULL AUTO_INCREMENT, AUTO_INCREMENT=21;
--
-- AUTO_INCREMENT for table `tb_ddd`
--
ALTER TABLE `tb_ddd`
  MODIFY `co_seq_ddd` int(11) NOT NULL AUTO_INCREMENT, AUTO_INCREMENT=71;
--
-- AUTO_INCREMENT for table `tb_dependentes`
--
ALTER TABLE `tb_dependentes`
  MODIFY `co_seq_dependentes` int(11) NOT NULL AUTO_INCREMENT, AUTO_INCREMENT=10;
--
-- AUTO_INCREMENT for table `tb_email`
--
ALTER TABLE `tb_email`
  MODIFY `co_seq_email` int(11) NOT NULL AUTO_INCREMENT, AUTO_INCREMENT=33;
--
-- AUTO_INCREMENT for table `tb_estado`
--
ALTER TABLE `tb_estado`
  MODIFY `co_seq_estado` int(11) NOT NULL AUTO_INCREMENT, AUTO_INCREMENT=29;
--
-- AUTO_INCREMENT for table `tb_exame`
--
ALTER TABLE `tb_exame`
  MODIFY `co_seq_exame` int(11) NOT NULL AUTO_INCREMENT, AUTO_INCREMENT=86;
--
-- AUTO_INCREMENT for table `tb_extrato`
--
ALTER TABLE `tb_extrato`
  MODIFY `co_seq_extrato` int(11) NOT NULL AUTO_INCREMENT, AUTO_INCREMENT=148;
--
-- AUTO_INCREMENT for table `tb_forma_pagamento`
--
ALTER TABLE `tb_forma_pagamento`
  MODIFY `co_seq_forma_pagamento` int(11) NOT NULL AUTO_INCREMENT, AUTO_INCREMENT=7;
--
-- AUTO_INCREMENT for table `tb_laboratorio`
--
ALTER TABLE `tb_laboratorio`
  MODIFY `co_seq_laboratorio` int(11) NOT NULL AUTO_INCREMENT, AUTO_INCREMENT=268;
--
-- AUTO_INCREMENT for table `tb_mais_voce`
--
ALTER TABLE `tb_mais_voce`
  MODIFY `co_seq_mais_voce` int(11) NOT NULL AUTO_INCREMENT, AUTO_INCREMENT=8;
--
-- AUTO_INCREMENT for table `tb_newsletter`
--
ALTER TABLE `tb_newsletter`
  MODIFY `co_seq_newsletter` int(11) NOT NULL AUTO_INCREMENT, AUTO_INCREMENT=14;
--
-- AUTO_INCREMENT for table `tb_notificacao_contato`
--
ALTER TABLE `tb_notificacao_contato`
  MODIFY `co_seq_notificacao_contato` int(11) NOT NULL AUTO_INCREMENT, AUTO_INCREMENT=7;
--
-- AUTO_INCREMENT for table `tb_notificacao_newsletter`
--
ALTER TABLE `tb_notificacao_newsletter`
  MODIFY `co_seq_notificacao_newsletter` int(11) NOT NULL AUTO_INCREMENT, AUTO_INCREMENT=73;
--
-- AUTO_INCREMENT for table `tb_pagamento`
--
ALTER TABLE `tb_pagamento`
  MODIFY `co_seq_pagamento` int(11) NOT NULL AUTO_INCREMENT, AUTO_INCREMENT=46;
--
-- AUTO_INCREMENT for table `tb_perguntas`
--
ALTER TABLE `tb_perguntas`
  MODIFY `co_seq_perguntas` int(11) NOT NULL AUTO_INCREMENT, AUTO_INCREMENT=11;
--
-- AUTO_INCREMENT for table `tb_prestador`
--
ALTER TABLE `tb_prestador`
  MODIFY `co_seq_prestador` int(11) NOT NULL AUTO_INCREMENT, AUTO_INCREMENT=20;
--
-- AUTO_INCREMENT for table `tb_procedimento`
--
ALTER TABLE `tb_procedimento`
  MODIFY `co_seq_procedimento` int(11) NOT NULL AUTO_INCREMENT, AUTO_INCREMENT=1343;
--
-- AUTO_INCREMENT for table `tb_recibo`
--
ALTER TABLE `tb_recibo`
  MODIFY `co_seq_recibo` int(11) NOT NULL AUTO_INCREMENT, AUTO_INCREMENT=6;
--
-- AUTO_INCREMENT for table `tb_servicos`
--
ALTER TABLE `tb_servicos`
  MODIFY `co_seq_servicos` int(11) NOT NULL AUTO_INCREMENT, AUTO_INCREMENT=6;
--
-- AUTO_INCREMENT for table `tb_sobre`
--
ALTER TABLE `tb_sobre`
  MODIFY `co_seq_sobre` int(11) NOT NULL AUTO_INCREMENT, AUTO_INCREMENT=2;
--
-- AUTO_INCREMENT for table `tb_telefone`
--
ALTER TABLE `tb_telefone`
  MODIFY `co_seq_telefone` int(11) NOT NULL AUTO_INCREMENT, AUTO_INCREMENT=30;
--
-- AUTO_INCREMENT for table `tb_tipo_cliente`
--
ALTER TABLE `tb_tipo_cliente`
  MODIFY `co_seq_tipo_cliente` int(11) NOT NULL AUTO_INCREMENT, AUTO_INCREMENT=2;
--
-- AUTO_INCREMENT for table `tb_tipo_corpo_clinico`
--
ALTER TABLE `tb_tipo_corpo_clinico`
  MODIFY `co_seq_tipo_corpo_clinico` int(11) NOT NULL AUTO_INCREMENT, AUTO_INCREMENT=5;
--
-- AUTO_INCREMENT for table `tb_tipo_dependentes`
--
ALTER TABLE `tb_tipo_dependentes`
  MODIFY `co_seq_tipo_dependentes` int(11) NOT NULL AUTO_INCREMENT, AUTO_INCREMENT=10;
--
-- AUTO_INCREMENT for table `tb_tipo_usuario`
--
ALTER TABLE `tb_tipo_usuario`
  MODIFY `co_seq_tipo_usuario` int(11) NOT NULL AUTO_INCREMENT, AUTO_INCREMENT=6;
--
-- AUTO_INCREMENT for table `tb_usuario`
--
ALTER TABLE `tb_usuario`
  MODIFY `co_seq_usuario` int(11) NOT NULL AUTO_INCREMENT, AUTO_INCREMENT=60;



--
-- Constraints for dumped tables
--

--
-- Constraints for table `rl_blog_procedimento`
--
ALTER TABLE `rl_blog_procedimento`
  ADD CONSTRAINT `rl_blog_procedimento_ibfk_1` FOREIGN KEY (`co_blog`) REFERENCES `tb_blog` (`co_seq_blog`),
  ADD CONSTRAINT `rl_blog_procedimento_ibfk_2` FOREIGN KEY (`co_procedimento`) REFERENCES `tb_procedimento` (`co_seq_procedimento`);

--
-- Constraints for table `rl_cliente_telefone`
--
ALTER TABLE `rl_cliente_telefone`
  ADD CONSTRAINT `rl_cliente_telefone_ibfk_1` FOREIGN KEY (`co_cliente`) REFERENCES `tb_cliente` (`co_seq_cliente`),
  ADD CONSTRAINT `rl_cliente_telefone_ibfk_2` FOREIGN KEY (`co_telefone`) REFERENCES `tb_telefone` (`co_seq_telefone`);

--
-- Constraints for table `rl_consulta_corpo_clinico`
--
ALTER TABLE `rl_consulta_corpo_clinico`
  ADD CONSTRAINT `rl_consulta_corpo_clinico_ibfk_1` FOREIGN KEY (`co_consulta`) REFERENCES `tb_consulta` (`co_seq_consulta`),
  ADD CONSTRAINT `rl_consulta_corpo_clinico_ibfk_2` FOREIGN KEY (`co_corpo_clinico`) REFERENCES `tb_corpo_clinico` (`co_seq_corpo_clinico`);

--
-- Constraints for table `rl_contato_telefone`
--
ALTER TABLE `rl_contato_telefone`
  ADD CONSTRAINT `rl_contato_telefone_ibfk_1` FOREIGN KEY (`co_contato`) REFERENCES `tb_contato` (`co_seq_contato`),
  ADD CONSTRAINT `rl_contato_telefone_ibfk_2` FOREIGN KEY (`co_telefone`) REFERENCES `tb_telefone` (`co_seq_telefone`);

--
-- Constraints for table `rl_contrato_gog_procedimento`
--
ALTER TABLE `rl_contrato_gog_procedimento`
  ADD CONSTRAINT `rl_contrato_gog_procedimento_ibfk_1` FOREIGN KEY (`co_contrato_gog`) REFERENCES `tb_contrato_gog` (`co_seq_contrato_gog`),
  ADD CONSTRAINT `rl_contrato_gog_procedimento_ibfk_2` FOREIGN KEY (`co_procedimento`) REFERENCES `tb_procedimento` (`co_seq_procedimento`);

--
-- Constraints for table `rl_exame_corpo_clinico`
--
ALTER TABLE `rl_exame_corpo_clinico`
  ADD CONSTRAINT `rl_exame_corpo_clinico_ibfk_1` FOREIGN KEY (`co_exame`) REFERENCES `tb_exame` (`co_seq_exame`),
  ADD CONSTRAINT `rl_exame_corpo_clinico_ibfk_2` FOREIGN KEY (`co_corpo_clinico`) REFERENCES `tb_corpo_clinico` (`co_seq_corpo_clinico`);

--
-- Constraints for table `rl_prestador_procedimento`
--
ALTER TABLE `rl_prestador_procedimento`
  ADD CONSTRAINT `rl_prestador_procedimento_ibfk_1` FOREIGN KEY (`co_prestador`) REFERENCES `tb_prestador` (`co_seq_prestador`),
  ADD CONSTRAINT `rl_prestador_procedimento_ibfk_2` FOREIGN KEY (`co_procedimento`) REFERENCES `tb_procedimento` (`co_seq_procedimento`);

--
-- Constraints for table `tb_acordo`
--
ALTER TABLE `tb_acordo`
  ADD CONSTRAINT `tb_acordo_ibfk_1` FOREIGN KEY (`co_cliente`) REFERENCES `tb_cliente` (`co_seq_cliente`),
  ADD CONSTRAINT `tb_acordo_ibfk_2` FOREIGN KEY (`co_usuario`) REFERENCES `tb_usuario` (`co_seq_usuario`),
  ADD CONSTRAINT `tb_acordo_ibfk_3` FOREIGN KEY (`co_contrato_gog`) REFERENCES `tb_contrato_gog` (`co_seq_contrato_gog`);

--
-- Constraints for table `tb_blog`
--
ALTER TABLE `tb_blog`
  ADD CONSTRAINT `tb_blog_ibfk_1` FOREIGN KEY (`co_usuario`) REFERENCES `tb_usuario` (`co_seq_usuario`);

--
-- Constraints for table `tb_boleto`
--
ALTER TABLE `tb_boleto`
  ADD CONSTRAINT `tb_boleto_ibfk_1` FOREIGN KEY (`co_cliente`) REFERENCES `tb_cliente` (`co_seq_cliente`),
  ADD CONSTRAINT `tb_boleto_ibfk_2` FOREIGN KEY (`co_pagamento`) REFERENCES `tb_pagamento` (`co_seq_pagamento`);

--
-- Constraints for table `tb_caixa`
--
ALTER TABLE `tb_caixa`
  ADD CONSTRAINT `tb_caixa_ibfk_1` FOREIGN KEY (`co_empresa`) REFERENCES `tb_empresa` (`co_seq_empresa`),
  ADD CONSTRAINT `tb_caixa_ibfk_2` FOREIGN KEY (`co_cliente`) REFERENCES `tb_cliente` (`co_seq_cliente`);

--
-- Constraints for table `tb_cartao`
--
ALTER TABLE `tb_cartao`
  ADD CONSTRAINT `tb_cartao_ibfk_1` FOREIGN KEY (`co_cliente`) REFERENCES `tb_cliente` (`co_seq_cliente`);

--
-- Constraints for table `tb_cliente`
--
ALTER TABLE `tb_cliente`
  ADD CONSTRAINT `tb_cliente_ibfk_1` FOREIGN KEY (`co_usuario`) REFERENCES `tb_usuario` (`co_seq_usuario`),
  ADD CONSTRAINT `tb_cliente_ibfk_2` FOREIGN KEY (`co_empresa`) REFERENCES `tb_empresa` (`co_seq_empresa`),
  ADD CONSTRAINT `tb_cliente_ibfk_3` FOREIGN KEY (`co_cep`) REFERENCES `tb_cep` (`co_seq_cep`),
  ADD CONSTRAINT `tb_cliente_ibfk_4` FOREIGN KEY (`co_tipo_cliente`) REFERENCES `tb_tipo_cliente` (`co_seq_tipo_cliente`),
  ADD CONSTRAINT `tb_cliente_ibfk_5` FOREIGN KEY (`co_usuario_registrou`) REFERENCES `tb_usuario` (`co_seq_usuario`);

--
-- Constraints for table `tb_configuracao`
--
ALTER TABLE `tb_configuracao`
  ADD CONSTRAINT `tb_configuracao_ibfk_1` FOREIGN KEY (`co_usuario`) REFERENCES `tb_usuario` (`co_seq_usuario`),
  ADD CONSTRAINT `tb_configuracao_ibfk_2` FOREIGN KEY (`co_tipo_usuario`) REFERENCES `tb_tipo_usuario` (`co_seq_tipo_usuario`);

--
-- Constraints for table `tb_contato`
--
ALTER TABLE `tb_contato`
  ADD CONSTRAINT `tb_contato_ibfk_1` FOREIGN KEY (`co_cliente`) REFERENCES `tb_cliente` (`co_seq_cliente`);

--
-- Constraints for table `tb_corpo_clinico`
--
ALTER TABLE `tb_corpo_clinico`
  ADD CONSTRAINT `tb_corpo_clinico_ibfk_1` FOREIGN KEY (`co_tipo_corpo_clinico`) REFERENCES `tb_tipo_corpo_clinico` (`co_seq_tipo_corpo_clinico`);

--
-- Constraints for table `tb_ddd`
--
ALTER TABLE `tb_ddd`
  ADD CONSTRAINT `tb_ddd_ibfk_1` FOREIGN KEY (`co_estado`) REFERENCES `tb_estado` (`co_seq_estado`);

--
-- Constraints for table `tb_dependentes`
--
ALTER TABLE `tb_dependentes`
  ADD CONSTRAINT `tb_dependentes_ibfk_1` FOREIGN KEY (`co_acordo`) REFERENCES `tb_acordo` (`co_seq_acordo`),
  ADD CONSTRAINT `tb_dependentes_ibfk_2` FOREIGN KEY (`co_tipo_dependentes`) REFERENCES `tb_tipo_dependentes` (`co_seq_tipo_dependentes`);

--
-- Constraints for table `tb_email`
--
ALTER TABLE `tb_email`
  ADD CONSTRAINT `tb_email_ibfk_1` FOREIGN KEY (`co_cliente`) REFERENCES `tb_cliente` (`co_seq_cliente`);

--
-- Constraints for table `tb_extrato`
--
ALTER TABLE `tb_extrato`
  ADD CONSTRAINT `tb_extrato_ibfk_1` FOREIGN KEY (`co_caixa`) REFERENCES `tb_caixa` (`co_seq_caixa`),
  ADD CONSTRAINT `tb_extrato_ibfk_2` FOREIGN KEY (`co_pagamento`) REFERENCES `tb_pagamento` (`co_seq_pagamento`);

--
-- Constraints for table `tb_ocorrencia`
--
ALTER TABLE `tb_ocorrencia`
  ADD CONSTRAINT `tb_ocorrencia_ibfk_1` FOREIGN KEY (`co_cliente`) REFERENCES `tb_cliente` (`co_seq_cliente`),
  ADD CONSTRAINT `tb_ocorrencia_ibfk_2` FOREIGN KEY (`co_usuario`) REFERENCES `tb_usuario` (`co_seq_usuario`);

--
-- Constraints for table `tb_mais_voce`
--
ALTER TABLE `tb_mais_voce`
  ADD CONSTRAINT `tb_mais_voce_ibfk_1` FOREIGN KEY (`co_usuario`) REFERENCES `tb_usuario` (`co_seq_usuario`);

--
-- Constraints for table `tb_notificacao_contato`
--
ALTER TABLE `tb_notificacao_contato`
  ADD CONSTRAINT `tb_notificacao_contato_ibfk_1` FOREIGN KEY (`co_usuario`) REFERENCES `tb_usuario` (`co_seq_usuario`),
  ADD CONSTRAINT `tb_notificacao_contato_ibfk_2` FOREIGN KEY (`co_contato`) REFERENCES `tb_contato` (`co_seq_contato`);

--
-- Constraints for table `tb_notificacao_newsletter`
--
ALTER TABLE `tb_notificacao_newsletter`
  ADD CONSTRAINT `tb_notificacao_newsletter_ibfk_1` FOREIGN KEY (`co_usuario`) REFERENCES `tb_usuario` (`co_seq_usuario`),
  ADD CONSTRAINT `tb_notificacao_newsletter_ibfk_2` FOREIGN KEY (`co_newsletter`) REFERENCES `tb_newsletter` (`co_seq_newsletter`);

--
-- Constraints for table `tb_pagamento`
--
ALTER TABLE `tb_pagamento`
  ADD CONSTRAINT `tb_pagamento_ibfk_1` FOREIGN KEY (`co_acordo`) REFERENCES `tb_acordo` (`co_seq_acordo`),
  ADD CONSTRAINT `tb_pagamento_ibfk_2` FOREIGN KEY (`co_forma_pagamento`) REFERENCES `tb_forma_pagamento` (`co_seq_forma_pagamento`),
  ADD CONSTRAINT `tb_pagamento_ibfk_3` FOREIGN KEY (`co_status_pagamento`) REFERENCES `tb_status_pagamento` (`co_seq_status_pagamento`);

--
-- Constraints for table `tb_perguntas`
--
ALTER TABLE `tb_perguntas`
  ADD CONSTRAINT `tb_perguntas_ibfk_1` FOREIGN KEY (`co_usuario`) REFERENCES `tb_usuario` (`co_seq_usuario`);

--
-- Constraints for table `tb_procedimento`
--
ALTER TABLE `tb_procedimento`
  ADD CONSTRAINT `tb_procedimento_ibfk_1` FOREIGN KEY (`co_exame`) REFERENCES `tb_exame` (`co_seq_exame`),
  ADD CONSTRAINT `tb_procedimento_ibfk_2` FOREIGN KEY (`co_consulta`) REFERENCES `tb_consulta` (`co_seq_consulta`),
  ADD CONSTRAINT `tb_procedimento_ibfk_3` FOREIGN KEY (`co_laboratorio`) REFERENCES `tb_laboratorio` (`co_seq_laboratorio`);

--
-- Constraints for table `tb_recibo`
--
ALTER TABLE `tb_recibo`
  ADD CONSTRAINT `tb_recibo_ibfk_1` FOREIGN KEY (`co_pagamento`) REFERENCES `tb_pagamento` (`co_seq_pagamento`);

--
-- Constraints for table `tb_servicos`
--
ALTER TABLE `tb_servicos`
  ADD CONSTRAINT `tb_servicos_ibfk_1` FOREIGN KEY (`co_usuario`) REFERENCES `tb_usuario` (`co_seq_usuario`);

--
-- Constraints for table `tb_sobre`
--
ALTER TABLE `tb_sobre`
  ADD CONSTRAINT `tb_sobre_ibfk_1` FOREIGN KEY (`co_usuario`) REFERENCES `tb_usuario` (`co_seq_usuario`);

--
-- Constraints for table `tb_telefone`
--
ALTER TABLE `tb_telefone`
  ADD CONSTRAINT `tb_telefone_ibfk_1` FOREIGN KEY (`co_ddd`) REFERENCES `tb_ddd` (`co_seq_ddd`);

--
-- Constraints for table `tb_usuario`
--
ALTER TABLE `tb_usuario`
  ADD CONSTRAINT `tb_usuario_ibfk_1` FOREIGN KEY (`co_tipo_usuario`) REFERENCES `tb_tipo_usuario` (`co_seq_tipo_usuario`);

/*!40101 SET CHARACTER_SET_CLIENT=@OLD_CHARACTER_SET_CLIENT */;
/*!40101 SET CHARACTER_SET_RESULTS=@OLD_CHARACTER_SET_RESULTS */;
/*!40101 SET COLLATION_CONNECTION=@OLD_COLLATION_CONNECTION */;
